student_id,name,age,gender,batch,domain,attendance_pct,assignment_score,project_score,quiz_score,mock_interview_score,communication_score,hackathons_participated,github_commits,certifications,internship_during_course,backlogs,placement_status,salary_lpa,company_tier
STU00001,Vaibhav Patel,27,Male,2022,Data Science,76.4,64.6,63.1,60.4,5.9,5.1,2,107,2,0,0,Job,7.99,Tier 2
STU00002,Arjun Varma,21,Female,2023,Cybersecurity,54.6,33.5,36.8,42.3,3.1,4.2,0,43,0,0,0,No Job,0.0,Not Placed
STU00003,Rajni Kapoor,21,Male,2022,Cybersecurity,52.2,33.1,20.0,47.3,4.0,3.5,4,58,4,0,3,No Job,0.0,Not Placed
STU00004,Vaibhav Jain,23,Male,2022,DevOps,66.0,58.9,40.3,60.3,4.8,4.4,4,101,3,0,2,No Job,0.0,Not Placed
STU00005,Sara Dubey,24,Male,2022,Cybersecurity,67.8,48.3,44.5,40.6,2.9,4.3,2,75,2,0,0,Job,6.36,Tier 2
STU00006,Ritesh Kumar,27,Female,2024,DevOps,68.7,70.1,77.9,62.8,7.0,6.9,1,136,2,1,0,Job,7.59,Tier 2
STU00007,Tushar Srivastava,19,Female,2024,Figma Designer,67.9,77.9,66.7,70.4,7.0,6.2,1,156,0,1,0,No Job,0.0,Not Placed
STU00008,Deepika Bansal,26,Male,2024,Data Science,79.7,62.6,62.8,57.5,4.9,5.2,0,87,0,1,0,Job,7.45,Tier 2
STU00009,Bhavna Arora,22,Male,2023,Data Science,66.6,61.5,51.8,49.4,4.7,5.7,0,93,1,1,0,No Job,0.0,Not Placed
STU00010,Seema Verma,25,Male,2023,Data Science,57.7,43.6,61.4,60.1,5.1,5.5,1,128,2,0,3,No Job,0.0,Not Placed
STU00011,Harsh Singh,24,Male,2023,Cybersecurity,67.1,60.1,48.3,37.2,3.9,5.4,1,135,2,1,0,Job,6.41,Tier 2
STU00012,Abhinav Kapoor,24,Male,2022,Cybersecurity,41.9,24.8,26.8,29.1,2.8,3.5,1,11,1,0,1,No Job,0.0,Not Placed
STU00013,Isha Dutta,25,Male,2024,Figma Designer,66.2,58.4,55.2,66.7,5.2,5.5,3,164,1,0,3,No Job,0.0,Not Placed
STU00014,Nikhil Kaur,22,Female,2023,Cybersecurity,53.0,36.8,29.5,29.7,4.8,4.4,1,77,0,0,3,No Job,0.0,Not Placed
STU00015,Vikas Malhotra,24,Female,2023,DevOps,71.6,57.2,53.8,48.8,4.9,4.8,4,167,3,0,0,Internship,1.2,Tier 3
STU00016,Maya Mishra,21,Male,2023,Figma Designer,60.4,54.8,50.2,50.2,5.5,5.8,0,54,1,0,0,No Job,0.0,Not Placed
STU00017,Nikita Trivedi,23,Male,2023,MERN,44.2,32.4,28.6,51.1,4.2,5.6,0,51,0,1,0,No Job,0.0,Not Placed
STU00018,Sneha Goyal,20,Female,2024,QA,71.6,65.9,66.6,65.3,6.2,5.4,1,142,2,0,0,Job,5.3,Tier 3
STU00019,Arjun Verma,21,Female,2023,DevOps,50.2,37.8,27.0,49.4,4.0,6.2,3,44,0,0,0,No Job,0.0,Not Placed
STU00020,Naman Bansal,27,Male,2023,Cybersecurity,58.6,42.0,38.7,48.6,2.2,3.7,0,43,4,1,1,No Job,0.0,Not Placed
STU00021,Uday Chawla,24,Female,2023,Cybersecurity,65.1,52.2,44.3,45.1,4.0,4.8,1,51,1,0,0,Job,6.76,Tier 2
STU00022,Ayush Desai,21,Male,2024,Cybersecurity,69.5,69.6,68.6,61.2,7.4,6.9,0,116,1,1,0,Job,7.04,Tier 2
STU00023,Karishma Iyer,20,Male,2023,Data Science,60.6,57.2,44.5,45.9,3.2,5.5,2,105,0,0,0,No Job,0.0,Not Placed
STU00024,Akash Malhotra,23,Male,2023,DevOps,64.8,53.7,57.9,56.1,5.3,4.3,0,149,1,0,1,Internship,1.3,Tier 3
STU00025,Nitin Garg,23,Female,2022,DevOps,69.7,81.6,70.1,87.5,7.3,6.3,1,136,1,0,0,Job,7.91,Tier 2
STU00026,Zara Desai,19,Male,2024,QA,60.2,35.0,37.8,36.9,5.4,6.0,3,67,1,0,0,No Job,0.0,Not Placed
STU00027,Shreya Arora,21,Female,2022,DevOps,77.0,65.5,63.7,60.3,6.8,5.9,0,119,0,0,0,Job,6.98,Tier 2
STU00028,Sandeep Nair,25,Male,2023,Figma Designer,69.1,65.5,56.0,64.1,7.0,4.3,4,92,1,0,0,Internship,2.06,Tier 3
STU00029,Vishal Chawla,27,Male,2024,DevOps,84.0,78.6,75.7,71.3,7.6,5.2,1,164,3,1,0,Internship,2.43,Tier 3
STU00030,Kunal Chopra,23,Female,2024,DevOps,55.5,49.3,52.9,42.9,4.2,5.8,0,86,2,0,2,Job,5.92,Tier 2
STU00031,Manish Shah,22,Male,2023,QA,58.6,29.7,26.4,52.0,5.3,4.6,0,32,1,0,2,No Job,0.0,Not Placed
STU00032,Rohan Gupta,21,Male,2024,DevOps,75.4,59.8,45.9,65.7,3.9,5.3,1,111,2,0,1,No Job,0.0,Not Placed
STU00033,Kabir Srivastava,27,Male,2022,Figma Designer,60.0,52.3,46.0,52.5,5.8,5.4,5,145,2,0,0,No Job,0.0,Not Placed
STU00034,Akash Arora,25,Female,2024,Cybersecurity,87.4,76.8,62.1,62.4,5.9,3.6,1,105,0,0,3,Job,8.13,Tier 1
STU00035,Amar Trivedi,25,Male,2023,DevOps,68.6,56.0,61.6,52.6,5.7,5.9,1,122,3,1,0,No Job,0.0,Not Placed
STU00036,Akash Patel,26,Male,2023,Data Science,49.5,36.2,27.2,41.9,4.0,5.8,0,25,1,0,3,No Job,0.0,Not Placed
STU00037,Parth Iyer,19,Male,2024,MERN,82.1,77.5,78.8,83.1,7.5,6.2,0,141,2,0,0,Job,6.83,Tier 2
STU00038,Shreya Verma,22,Female,2024,MERN,85.9,78.8,81.2,88.1,7.4,7.0,0,147,3,1,0,Job,7.56,Tier 2
STU00039,Jatin Dixit,23,Male,2022,QA,40.6,28.5,20.0,15.0,2.9,4.3,0,51,3,1,1,No Job,0.0,Not Placed
STU00040,Pankaj Sharma,23,Male,2024,Data Science,79.1,65.7,57.1,63.9,5.9,5.3,1,107,4,0,0,Internship,1.55,Tier 3
STU00041,Anushka Rao,19,Male,2022,Data Science,77.4,66.3,55.5,69.0,4.5,6.9,0,93,2,1,2,No Job,0.0,Not Placed
STU00042,Manisha Ghosh,21,Female,2024,Data Science,76.3,62.4,58.1,63.4,5.2,5.9,1,104,2,0,0,Internship,1.18,Tier 2
STU00043,Rajni Garg,20,Male,2023,Data Science,87.0,80.5,77.3,79.5,6.5,7.9,1,125,1,1,1,Job,8.76,Tier 1
STU00044,Sara Srivastava,25,Male,2022,MERN,53.7,25.7,20.0,28.8,2.1,2.8,0,74,1,0,2,No Job,0.0,Not Placed
STU00045,Sanjana Goyal,23,Female,2023,Figma Designer,65.8,52.5,41.0,43.0,3.7,5.0,2,124,1,1,2,No Job,0.0,Not Placed
STU00046,Vinay Iyer,21,Female,2023,QA,58.1,64.8,51.8,50.6,4.0,5.7,4,138,1,0,0,Job,5.09,Tier 3
STU00047,Vishal Kumar,26,Female,2023,Cybersecurity,86.1,76.1,76.5,64.0,4.7,6.8,0,97,1,1,0,Job,7.8,Tier 2
STU00048,Divya Malhotra,19,Male,2022,QA,81.5,77.9,77.6,81.8,5.9,6.3,0,116,0,1,0,Job,6.25,Tier 2
STU00049,Nitin Yadav,19,Female,2022,MERN,41.2,40.0,41.2,39.2,4.0,3.2,1,18,2,0,2,No Job,0.0,Not Placed
STU00050,Khushi Patel,24,Female,2024,Figma Designer,40.0,35.1,25.0,32.3,1.5,2.1,1,8,2,0,2,No Job,0.0,Not Placed
STU00051,Arjun Yadav,19,Male,2022,Data Science,74.5,67.1,67.8,60.2,5.9,5.5,2,127,2,0,0,Job,7.94,Tier 2
STU00052,Prachi Malhotra,22,Male,2023,MERN,60.8,50.4,54.1,55.6,5.3,4.7,2,84,1,1,2,Job,6.12,Tier 2
STU00053,Rajesh Desai,24,Male,2023,DevOps,69.8,61.5,59.6,68.6,5.1,5.0,1,129,2,1,0,Job,6.79,Tier 2
STU00054,Seema Agarwal,19,Female,2022,Data Science,67.1,66.4,51.8,65.2,6.7,5.8,1,124,1,0,0,No Job,0.0,Not Placed
STU00055,Vikas Chopra,27,Male,2023,Cybersecurity,49.3,44.8,39.5,45.6,6.8,3.2,2,90,1,0,0,No Job,0.0,Not Placed
STU00056,Seema Dubey,22,Male,2023,MERN,59.4,49.9,33.9,44.3,6.2,4.0,4,122,0,1,0,No Job,0.0,Not Placed
STU00057,Sahil Chopra,27,Male,2023,QA,89.8,71.7,49.3,60.0,5.1,5.3,1,88,0,0,0,Internship,1.24,Tier 2
STU00058,Jyoti Shah,27,Female,2023,DevOps,48.9,31.4,21.6,36.5,3.0,4.6,0,29,2,0,1,No Job,0.0,Not Placed
STU00059,Isha Bhatt,24,Male,2023,Data Science,67.1,55.5,44.9,41.3,3.9,4.1,1,57,3,1,0,No Job,0.0,Not Placed
STU00060,Vidya Sinha,25,Female,2023,Cybersecurity,61.5,51.0,40.9,46.7,5.6,5.7,2,138,1,1,3,No Job,0.0,Not Placed
STU00061,Khushi Nair,19,Female,2024,MERN,69.7,56.0,60.7,56.9,5.7,7.3,3,178,3,0,0,Job,5.83,Tier 2
STU00062,Amit Desai,23,Male,2022,DevOps,51.3,20.0,30.4,27.0,3.3,3.7,2,20,1,0,0,No Job,0.0,Not Placed
STU00063,Rajni Dutta,21,Female,2024,Data Science,71.3,64.9,60.0,58.0,5.9,7.3,3,148,2,1,1,Job,7.73,Tier 2
STU00064,Jatin Reddy,24,Male,2023,Cybersecurity,69.7,57.9,58.1,58.9,5.6,6.7,4,156,2,1,0,Job,7.58,Tier 2
STU00065,Manisha Khanna,22,Female,2024,Cybersecurity,58.6,40.9,29.2,30.7,4.2,4.8,1,47,0,0,0,No Job,0.0,Not Placed
STU00066,Pankaj Kumar,27,Female,2023,MERN,78.5,84.5,81.0,86.7,8.5,7.0,1,175,1,0,0,Job,8.14,Tier 1
STU00067,Kajal Shah,25,Female,2023,Figma Designer,54.7,37.3,30.1,23.0,4.2,4.0,1,57,2,0,0,Job,3.2,Tier 3
STU00068,Kunal Srivastava,22,Male,2024,QA,72.0,61.7,56.4,69.7,4.9,6.7,2,108,0,0,0,Job,5.49,Tier 3
STU00069,Sanjay Mishra,24,Male,2022,Cybersecurity,71.1,56.3,50.8,44.6,6.2,5.5,1,110,2,0,0,No Job,0.0,Not Placed
STU00070,Jyoti Agarwal,20,Male,2022,Cybersecurity,59.2,42.0,35.0,54.4,5.5,6.5,0,72,2,0,0,No Job,0.0,Not Placed
STU00071,Tarun Shukla,21,Male,2022,MERN,69.1,56.5,42.3,56.4,5.0,5.0,2,82,1,1,0,Job,6.19,Tier 2
STU00072,Manish Garg,25,Female,2024,Cybersecurity,66.4,55.1,56.1,62.0,5.9,5.6,3,181,2,1,0,Job,7.38,Tier 2
STU00073,Aditya Agarwal,22,Male,2023,Data Science,90.2,100.0,89.4,93.8,8.0,9.7,0,191,2,0,0,Job,10.68,Tier 1
STU00074,Akshay Mehta,25,Male,2023,Data Science,52.4,32.5,26.8,33.1,2.6,2.8,0,56,4,0,2,No Job,0.0,Not Placed
STU00075,Anushka Sinha,27,Male,2024,Figma Designer,40.0,20.0,20.0,15.0,1.2,4.3,1,0,1,0,1,No Job,0.0,Not Placed
STU00076,Farhan Desai,23,Male,2023,Cybersecurity,51.5,38.8,27.0,28.0,3.3,2.2,0,39,1,0,1,No Job,0.0,Not Placed
STU00077,Ruchi Ghosh,19,Male,2024,DevOps,61.7,47.9,55.3,54.9,6.3,4.4,3,148,1,1,0,Internship,1.34,Tier 3
STU00078,Shreya Trivedi,23,Male,2023,MERN,69.0,70.9,69.2,58.3,5.7,4.9,2,143,2,0,0,Job,6.3,Tier 2
STU00079,Rohit Rastogi,24,Female,2024,Cybersecurity,66.3,53.0,50.5,68.8,4.4,3.8,0,52,0,1,0,No Job,0.0,Not Placed
STU00080,Vaibhav Rastogi,20,Male,2022,Data Science,58.1,58.8,64.7,46.0,4.6,4.4,2,106,0,0,1,No Job,0.0,Not Placed
STU00081,Akash Pillai,26,Female,2022,Data Science,84.1,87.1,81.9,67.2,7.4,6.3,1,167,0,0,0,Job,8.32,Tier 1
STU00082,Uday Khanna,20,Male,2023,Data Science,55.5,63.6,50.1,57.7,5.4,4.6,1,46,1,0,0,No Job,0.0,Not Placed
STU00083,Vaibhav Yadav,27,Female,2023,DevOps,84.0,83.1,77.1,84.2,7.5,5.0,1,193,2,0,0,Job,8.77,Tier 1
STU00084,Arjun Varma,20,Male,2023,Cybersecurity,63.8,66.1,41.7,65.3,5.7,7.4,0,98,1,1,0,Job,7.4,Tier 2
STU00085,Geeta Sharma,21,Female,2023,Data Science,62.8,72.2,77.1,69.8,8.4,6.2,1,159,1,0,0,Job,9.02,Tier 1
STU00086,Ankit Rastogi,26,Female,2022,Cybersecurity,61.2,42.7,36.5,38.4,3.7,4.4,0,40,2,0,1,No Job,0.0,Not Placed
STU00087,Rajesh Kaur,24,Male,2023,MERN,62.7,57.3,49.1,47.7,4.3,4.3,2,119,1,0,3,No Job,0.0,Not Placed
STU00088,Gaurav Arora,19,Male,2023,Cybersecurity,53.7,37.6,20.0,37.0,2.2,3.7,2,72,2,0,1,No Job,0.0,Not Placed
STU00089,Komal Yadav,22,Male,2022,Figma Designer,75.9,62.4,77.3,53.4,4.8,5.7,2,118,4,1,2,No Job,0.0,Not Placed
STU00090,Pankaj Chauhan,23,Female,2023,Cybersecurity,62.6,65.8,50.2,55.3,4.3,6.1,1,86,2,1,1,Job,7.46,Tier 2
STU00091,Gaurav Nair,21,Female,2023,Figma Designer,74.2,88.8,88.7,89.3,6.2,5.6,0,129,3,1,0,Internship,1.1,Tier 3
STU00092,Vikas Verma,19,Male,2023,Figma Designer,71.7,68.0,57.4,66.1,5.0,6.9,2,103,0,0,1,Job,4.59,Tier 3
STU00093,Sandeep Pillai,21,Male,2022,DevOps,53.7,39.6,30.6,28.0,2.7,1.4,0,21,1,0,1,No Job,0.0,Not Placed
STU00094,Pankaj Dubey,27,Female,2024,Cybersecurity,81.1,70.6,62.9,71.6,7.2,6.4,0,113,4,0,0,Job,7.34,Tier 2
STU00095,Sneha Malhotra,20,Female,2023,QA,65.8,41.6,37.1,45.2,4.2,4.5,0,36,1,0,0,No Job,0.0,Not Placed
STU00096,Vaibhav Reddy,19,Female,2022,MERN,45.3,29.3,35.8,23.9,4.1,3.3,3,54,0,0,0,No Job,0.0,Not Placed
STU00097,Aarav Mishra,25,Male,2023,MERN,77.6,73.1,62.3,63.2,6.3,5.8,3,115,0,1,0,Job,7.33,Tier 2
STU00098,Pankaj Gandhi,25,Female,2024,Figma Designer,55.8,50.2,34.8,30.1,3.1,4.6,1,61,4,0,1,No Job,0.0,Not Placed
STU00099,Varun Bansal,23,Female,2023,Cybersecurity,64.8,54.1,34.8,59.6,4.1,3.8,1,44,1,0,0,No Job,0.0,Not Placed
STU00100,Vaibhav Chauhan,20,Male,2024,Data Science,90.0,73.3,76.3,74.6,7.1,4.2,4,196,1,0,0,Job,7.53,Tier 2
STU00101,Rajni Mishra,19,Male,2022,DevOps,70.3,59.0,51.9,65.2,4.0,5.3,2,137,1,1,0,Job,6.82,Tier 2
STU00102,Anil Shukla,23,Female,2024,QA,66.5,66.9,66.8,59.4,4.1,7.5,2,163,2,0,0,Internship,1.89,Tier 2
STU00103,Swati Trivedi,22,Male,2023,DevOps,43.1,37.1,22.5,28.0,3.5,2.9,1,26,3,0,1,No Job,0.0,Not Placed
STU00104,Kunal Kumar,27,Male,2022,Cybersecurity,58.5,62.7,60.2,61.3,5.6,5.4,0,73,1,0,0,Job,7.08,Tier 2
STU00105,Ruchi Rastogi,23,Female,2023,QA,70.9,63.2,42.3,50.2,1.5,4.5,0,60,3,0,1,No Job,0.0,Not Placed
STU00106,Surbhi Kumar,20,Female,2024,Cybersecurity,69.6,40.2,54.1,59.2,2.9,4.3,0,64,1,0,1,No Job,0.0,Not Placed
STU00107,Varun Dutta,22,Female,2024,DevOps,75.2,62.7,58.7,61.6,4.6,4.2,4,185,1,1,3,Job,7.06,Tier 2
STU00108,Karishma Arora,27,Male,2023,QA,63.3,62.9,44.8,59.2,5.5,6.0,4,167,2,0,0,Job,4.82,Tier 3
STU00109,Aditya Shukla,26,Female,2022,Cybersecurity,55.1,35.5,26.1,30.2,2.8,4.0,0,15,1,0,0,No Job,0.0,Not Placed
STU00110,Yogesh Gupta,21,Male,2023,Cybersecurity,76.4,66.2,54.4,66.4,7.2,5.9,0,109,1,0,0,Internship,2.15,Tier 3
STU00111,Nikita Arora,26,Female,2022,MERN,68.5,73.7,65.6,73.9,5.6,5.2,1,104,3,1,0,Job,7.82,Tier 2
STU00112,Abhinav Nair,20,Male,2022,MERN,66.0,49.2,43.3,43.6,3.8,4.0,4,104,2,0,0,Internship,1.85,Tier 3
STU00113,Mohit Khanna,21,Male,2023,Figma Designer,74.1,63.2,64.4,71.0,7.8,6.2,0,114,1,0,1,Job,4.18,Tier 3
STU00114,Uday Rastogi,23,Male,2024,Data Science,78.6,62.0,70.6,58.4,6.9,6.5,3,192,2,0,0,No Job,0.0,Not Placed
STU00115,Swati Agarwal,26,Female,2023,MERN,48.3,30.1,26.1,32.5,3.7,3.3,2,50,0,0,1,No Job,0.0,Not Placed
STU00116,Asha Arora,19,Male,2022,DevOps,60.6,40.5,37.0,50.2,3.7,5.1,4,102,3,1,1,No Job,0.0,Not Placed
STU00117,Mira Verma,22,Male,2023,QA,45.3,33.8,20.5,36.3,2.2,4.9,1,0,0,0,2,No Job,0.0,Not Placed
STU00118,Shreya Rastogi,19,Male,2024,Data Science,69.6,53.8,63.4,46.4,5.8,6.8,4,170,1,1,0,Job,7.68,Tier 2
STU00119,Rajan Rastogi,19,Male,2024,MERN,73.1,63.9,64.8,67.1,5.3,4.5,2,117,2,1,0,Job,5.66,Tier 2
STU00120,Priya Dubey,23,Female,2023,Data Science,70.2,53.7,30.6,39.8,4.4,6.1,3,111,3,0,0,Job,6.86,Tier 2
STU00121,Nandini Gupta,24,Female,2024,Cybersecurity,66.3,47.6,47.3,54.4,5.0,4.8,2,82,2,1,0,Internship,1.2,Tier 2
STU00122,Karan Kumar,19,Male,2024,MERN,68.0,47.5,40.6,51.9,4.4,5.5,1,120,2,0,3,No Job,0.0,Not Placed
STU00123,Rahul Roy,24,Female,2022,MERN,40.0,25.6,22.3,15.0,2.3,2.9,3,31,3,0,0,No Job,0.0,Not Placed
STU00124,Rajan Kaur,23,Female,2023,DevOps,82.9,72.1,73.6,76.4,7.8,4.9,3,215,0,1,0,Job,8.07,Tier 1
STU00125,Anjali Goyal,22,Female,2024,Figma Designer,70.6,71.8,56.4,57.5,4.5,5.7,2,136,4,1,0,Job,5.25,Tier 3
STU00126,Swati Desai,23,Female,2023,MERN,70.0,55.6,46.2,45.8,4.4,6.3,1,102,1,1,1,No Job,0.0,Not Placed
STU00127,Nikita Chauhan,26,Male,2022,Data Science,61.1,49.3,43.6,35.6,3.5,4.2,0,47,2,0,0,No Job,0.0,Not Placed
STU00128,Sachin Patel,27,Male,2023,DevOps,78.0,78.4,68.5,76.7,5.0,5.5,3,120,1,0,0,Job,7.63,Tier 2
STU00129,Aditya Joshi,20,Male,2023,Figma Designer,44.8,21.5,20.0,23.9,2.7,5.5,1,26,1,0,3,No Job,0.0,Not Placed
STU00130,Nikita Sharma,24,Male,2024,Cybersecurity,63.1,54.1,36.9,34.7,4.0,5.5,1,28,3,0,2,No Job,0.0,Not Placed
STU00131,Asha Mehta,21,Female,2023,Figma Designer,74.4,55.4,50.6,56.7,6.0,6.2,0,112,1,0,0,No Job,0.0,Not Placed
STU00132,Prateek Jain,20,Male,2023,QA,69.5,77.7,65.8,71.8,7.1,6.9,1,162,3,0,0,No Job,0.0,Not Placed
STU00133,Avni Rastogi,19,Male,2024,Data Science,43.1,28.5,20.0,15.0,3.3,3.1,3,37,1,0,2,No Job,0.0,Not Placed
STU00134,Rajesh Tiwari,22,Female,2023,Cybersecurity,73.6,69.8,66.2,61.1,5.3,5.4,0,104,1,1,0,Internship,1.25,Tier 2
STU00135,Isha Srivastava,26,Male,2022,MERN,60.8,44.2,38.7,48.7,3.4,4.0,4,134,1,0,0,Internship,2.16,Tier 3
STU00136,Karishma Iyer,21,Female,2024,DevOps,62.4,48.8,47.0,48.5,3.7,6.1,1,81,0,0,0,No Job,0.0,Not Placed
STU00137,Vanshika Agarwal,23,Female,2023,MERN,64.0,50.3,50.7,46.4,6.6,5.1,5,136,1,1,0,Job,6.5,Tier 2
STU00138,Anjali Nair,23,Male,2023,MERN,50.5,36.5,25.9,31.6,4.2,2.5,2,59,2,0,1,No Job,0.0,Not Placed
STU00139,Neha Malhotra,23,Female,2023,Figma Designer,61.2,44.0,34.2,32.5,4.3,4.1,1,43,0,0,1,No Job,0.0,Not Placed
STU00140,Meena Khanna,27,Female,2022,Data Science,62.6,60.1,64.5,44.1,4.2,3.6,5,173,0,1,0,No Job,0.0,Not Placed
STU00141,Harsha Pillai,26,Male,2024,QA,80.7,87.1,90.6,89.1,7.3,6.5,2,214,1,1,0,Job,6.92,Tier 2
STU00142,Komal Shah,26,Male,2023,Data Science,48.0,32.4,32.8,32.3,4.4,2.7,2,28,2,0,1,No Job,0.0,Not Placed
STU00143,Amit Goyal,19,Male,2023,Data Science,60.6,35.3,35.2,34.5,2.6,4.2,1,100,2,0,1,No Job,0.0,Not Placed
STU00144,Shreya Arora,19,Female,2022,QA,59.0,48.5,32.3,40.5,3.1,4.2,0,35,3,0,2,No Job,0.0,Not Placed
STU00145,Aarav Dutta,20,Male,2023,Cybersecurity,65.1,44.3,41.4,55.0,5.1,6.3,4,138,0,1,1,Internship,1.15,Tier 2
STU00146,Rahul Shukla,26,Female,2024,QA,50.6,36.5,44.2,37.1,1.9,4.7,0,52,0,1,2,No Job,0.0,Not Placed
STU00147,Ishaan Desai,19,Male,2024,Data Science,45.2,40.1,43.0,29.3,5.2,3.8,4,106,2,0,0,No Job,0.0,Not Placed
STU00148,Varun Shah,22,Male,2024,DevOps,70.5,68.8,54.2,56.7,5.9,4.6,4,165,0,1,1,Job,7.6,Tier 2
STU00149,Asha Goyal,27,Male,2023,Cybersecurity,55.9,34.2,31.9,29.4,2.2,4.2,0,99,1,0,0,No Job,0.0,Not Placed
STU00150,Aditya Joshi,20,Male,2024,Cybersecurity,78.2,81.4,83.6,65.0,6.9,5.3,0,191,1,1,2,No Job,0.0,Not Placed
STU00151,Deepika Reddy,21,Male,2023,DevOps,53.7,33.5,28.1,35.9,4.0,5.4,1,44,0,1,2,No Job,0.0,Not Placed
STU00152,Deepika Dubey,24,Male,2024,Figma Designer,66.9,79.7,83.9,76.5,6.5,6.7,0,168,2,1,0,Job,6.07,Tier 2
STU00153,Yogesh Chopra,21,Male,2024,Cybersecurity,80.0,92.9,89.7,85.7,7.3,6.1,1,192,3,1,0,Job,8.58,Tier 1
STU00154,Kabir Singh,22,Female,2023,Figma Designer,79.3,69.1,72.3,63.6,6.3,5.7,1,112,0,1,0,Internship,0.95,Tier 2
STU00155,Vanshika Joshi,27,Male,2023,Cybersecurity,75.1,75.9,74.7,71.6,7.0,5.8,0,91,1,1,0,Job,7.83,Tier 2
STU00156,Tarun Malhotra,27,Female,2022,Cybersecurity,74.1,67.5,56.1,71.7,6.7,5.9,2,140,2,0,3,No Job,0.0,Not Placed
STU00157,Tarun Malhotra,23,Female,2023,Data Science,74.0,63.0,57.5,55.2,5.9,5.7,1,132,1,1,1,Internship,1.17,Tier 3
STU00158,Sonam Iyer,25,Female,2024,MERN,69.3,66.1,59.5,73.9,7.1,6.1,1,143,1,0,0,Job,6.84,Tier 2
STU00159,Vineeta Iyer,27,Female,2022,QA,63.6,39.6,45.3,47.5,5.1,5.2,0,97,2,1,1,No Job,0.0,Not Placed
STU00160,Pranav Shah,26,Male,2022,MERN,69.6,60.6,67.0,49.9,6.6,5.6,3,182,1,0,0,Job,6.89,Tier 2
STU00161,Sachin Tiwari,25,Female,2022,Data Science,75.0,69.0,77.5,64.8,7.8,7.6,0,136,2,0,2,Job,8.44,Tier 1
STU00162,Tushar Reddy,26,Female,2024,MERN,71.8,60.8,63.0,63.0,5.5,6.4,0,94,3,0,0,No Job,0.0,Not Placed
STU00163,Priya Reddy,23,Female,2023,MERN,54.7,33.6,57.0,43.5,3.1,5.9,5,132,4,1,0,Job,5.42,Tier 3
STU00164,Anushka Kapoor,23,Female,2022,Figma Designer,66.0,63.1,49.3,66.4,6.7,6.0,0,89,1,1,1,Internship,1.09,Tier 2
STU00165,Manisha Joshi,23,Male,2023,QA,58.8,39.6,39.7,45.0,5.0,5.9,0,84,1,1,3,No Job,0.0,Not Placed
STU00166,Anand Chawla,19,Female,2023,DevOps,61.9,47.0,47.5,48.2,4.8,2.7,3,105,2,0,0,Job,5.34,Tier 3
STU00167,Prateek Gupta,24,Male,2023,Data Science,79.5,63.1,71.1,60.8,5.2,6.0,2,142,3,0,0,Job,7.71,Tier 2
STU00168,Isha Dutta,23,Male,2024,Cybersecurity,56.4,42.6,43.5,52.2,3.7,6.7,2,99,1,0,1,No Job,0.0,Not Placed
STU00169,Nikita Kaur,26,Male,2023,Cybersecurity,68.8,65.5,72.1,56.5,6.2,6.9,1,154,0,0,1,Job,8.3,Tier 1
STU00170,Bhavna Pillai,26,Male,2023,Figma Designer,65.6,55.9,42.1,60.0,4.9,5.9,0,106,1,0,0,No Job,0.0,Not Placed
STU00171,Karan Singh,20,Male,2022,DevOps,69.2,63.4,53.9,62.0,5.6,5.1,1,184,0,1,0,Job,5.9,Tier 2
STU00172,Vinay Chopra,24,Male,2022,MERN,81.5,88.0,82.6,68.8,6.2,7.2,2,169,0,0,0,Internship,1.01,Tier 3
STU00173,Farhan Mishra,24,Other,2023,DevOps,55.9,53.7,49.4,48.2,4.9,5.5,1,131,1,0,0,No Job,0.0,Not Placed
STU00174,Tanvi Kapoor,21,Male,2023,Figma Designer,59.7,59.9,55.2,66.5,3.9,3.6,2,84,1,0,0,Internship,0.97,Tier 3
STU00175,Harsh Reddy,19,Male,2023,Cybersecurity,66.8,59.0,63.2,56.6,6.9,6.6,0,60,4,0,0,No Job,0.0,Not Placed
STU00176,Gaurav Reddy,25,Female,2022,Cybersecurity,43.5,20.0,20.0,15.0,1.7,2.5,2,0,1,0,2,No Job,0.0,Not Placed
STU00177,Rahul Jain,23,Male,2022,MERN,72.5,69.3,73.0,58.8,6.6,5.0,1,143,4,0,0,Job,7.33,Tier 2
STU00178,Akash Shah,23,Male,2024,QA,53.7,51.3,41.4,33.9,4.4,3.2,5,88,2,0,0,Job,4.27,Tier 3
STU00179,Pooja Gupta,26,Male,2023,QA,89.1,78.0,85.6,70.5,8.2,6.4,4,202,1,1,0,Job,6.21,Tier 2
STU00180,Kunal Nair,23,Male,2024,MERN,69.7,74.8,72.8,80.8,6.1,6.2,2,150,2,1,0,Job,7.42,Tier 2
STU00181,Harsh Patel,23,Male,2024,DevOps,69.4,70.6,65.7,69.3,6.9,5.7,1,152,1,0,0,Job,7.07,Tier 2
STU00182,Lalit Chauhan,19,Female,2023,MERN,77.9,68.8,74.0,56.6,6.8,5.3,0,93,2,0,0,Job,6.92,Tier 2
STU00183,Tarun Tiwari,20,Female,2024,MERN,57.6,55.5,46.6,47.2,5.8,4.1,4,141,1,0,3,No Job,0.0,Not Placed
STU00184,Kajal Kumar,23,Female,2023,Data Science,62.8,43.8,49.0,53.0,5.3,5.1,2,93,3,0,0,Internship,2.3,Tier 3
STU00185,Sonam Rao,25,Male,2022,MERN,58.5,36.1,31.8,30.7,2.3,4.4,1,50,0,0,3,No Job,0.0,Not Placed
STU00186,Tarun Reddy,21,Male,2023,DevOps,77.0,76.6,76.3,65.3,6.6,6.7,3,201,1,1,0,Internship,2.14,Tier 2
STU00187,Parth Kapoor,19,Male,2023,Data Science,46.3,38.8,34.9,37.5,2.4,5.5,2,47,0,1,1,No Job,0.0,Not Placed
STU00188,Ishaan Khanna,20,Male,2023,MERN,63.6,56.3,47.9,52.4,4.7,4.4,1,67,1,0,0,No Job,0.0,Not Placed
STU00189,Isha Bansal,21,Male,2023,Figma Designer,75.4,80.4,71.6,74.6,5.2,5.8,1,168,0,0,2,No Job,0.0,Not Placed
STU00190,Ashu Malhotra,27,Female,2023,Cybersecurity,84.9,81.7,79.2,89.8,7.5,7.2,4,176,4,1,0,No Job,0.0,Not Placed
STU00191,Vidya Rao,26,Male,2022,Cybersecurity,54.3,45.1,43.2,46.1,3.1,4.8,3,116,1,0,0,Job,6.56,Tier 2
STU00192,Mohit Bansal,22,Male,2022,MERN,64.1,33.7,23.6,21.9,2.0,4.5,1,20,2,0,3,No Job,0.0,Not Placed
STU00193,Vanshika Kumar,26,Male,2022,Cybersecurity,63.0,58.1,46.2,43.4,5.6,4.2,2,95,2,0,1,Job,7.99,Tier 2
STU00194,Zara Rastogi,27,Male,2022,Data Science,71.5,63.7,61.3,53.4,6.1,5.8,0,76,0,0,0,No Job,0.0,Not Placed
STU00195,Manish Kaur,21,Female,2023,QA,74.8,68.1,59.1,55.3,3.7,6.2,4,151,0,0,1,No Job,0.0,Not Placed
STU00196,Deepak Arora,24,Female,2023,Data Science,63.1,50.7,31.3,34.0,5.0,3.3,2,90,1,1,1,No Job,0.0,Not Placed
STU00197,Farhan Trivedi,26,Male,2022,Cybersecurity,67.3,58.3,52.2,56.2,5.4,3.9,4,135,1,0,0,Job,7.1,Tier 2
STU00198,Abhinav Mehta,25,Male,2024,MERN,58.5,57.4,51.7,48.6,2.7,3.9,0,42,1,0,0,No Job,0.0,Not Placed
STU00199,Ashish Srivastava,27,Other,2024,QA,70.4,54.7,59.4,53.5,3.6,4.1,0,113,2,0,0,No Job,0.0,Not Placed
STU00200,Isha Desai,25,Female,2023,DevOps,70.5,72.8,66.6,59.2,6.0,5.9,3,189,1,1,0,No Job,0.0,Not Placed
STU00201,Krishna Sinha,19,Female,2024,DevOps,63.7,53.6,49.9,56.2,5.7,6.1,0,70,3,0,1,Internship,1.63,Tier 3
STU00202,Sonam Trivedi,27,Male,2023,Data Science,53.9,44.4,51.8,52.7,4.5,4.7,1,76,2,0,1,Internship,2.05,Tier 2
STU00203,Divya Shah,23,Male,2022,Cybersecurity,78.8,82.6,71.3,85.0,6.5,7.0,3,173,2,0,0,Internship,1.97,Tier 3
STU00204,Meena Malhotra,24,Male,2024,Figma Designer,65.5,52.9,52.3,56.6,5.3,4.5,1,92,2,0,2,No Job,0.0,Not Placed
STU00205,Deepika Gandhi,20,Male,2022,QA,67.6,56.3,68.9,56.0,6.8,4.5,0,73,2,0,0,No Job,0.0,Not Placed
STU00206,Nitin Chawla,20,Female,2024,Data Science,63.9,50.7,59.9,52.7,3.1,4.7,1,93,2,1,0,Internship,2.38,Tier 3
STU00207,Neha Sharma,22,Male,2023,MERN,60.3,53.1,32.3,36.8,3.1,3.8,2,37,1,0,1,No Job,0.0,Not Placed
STU00208,Lakshmi Joshi,22,Male,2023,Figma Designer,53.1,37.0,34.3,40.1,3.3,2.6,0,26,0,0,0,No Job,0.0,Not Placed
STU00209,Prachi Chopra,23,Male,2023,DevOps,60.0,44.9,56.0,47.2,3.3,3.8,4,105,1,0,0,Job,5.88,Tier 2
STU00210,Vineeta Goyal,25,Female,2023,Cybersecurity,55.2,37.0,37.4,37.5,4.4,3.0,1,66,2,0,0,No Job,0.0,Not Placed
STU00211,Anushka Dutta,19,Male,2022,Figma Designer,67.6,68.2,46.4,52.9,4.4,5.4,2,169,0,0,0,Job,4.87,Tier 3
STU00212,Sara Ghosh,22,Male,2023,QA,91.1,74.4,70.3,65.2,5.2,6.4,2,128,2,0,0,Internship,2.3,Tier 3
STU00213,Sneha Roy,27,Female,2024,DevOps,80.3,69.1,62.5,66.4,4.7,3.1,2,111,4,1,0,Internship,2.44,Tier 3
STU00214,Pranav Rastogi,26,Male,2023,DevOps,61.7,67.3,58.0,64.4,5.6,7.1,1,63,1,0,0,No Job,0.0,Not Placed
STU00215,Sara Kaur,21,Male,2022,MERN,74.9,76.7,63.9,62.8,6.5,4.3,0,105,0,1,2,Job,7.29,Tier 2
STU00216,Mehak Malhotra,24,Male,2023,Cybersecurity,70.6,64.3,58.9,67.6,6.1,7.0,2,141,0,1,0,No Job,0.0,Not Placed
STU00217,Nikhil Kaur,27,Female,2024,MERN,72.6,65.2,62.5,59.7,7.0,7.1,4,167,3,1,0,Job,7.6,Tier 2
STU00218,Nikhil Kaur,26,Female,2023,MERN,72.9,66.5,72.0,70.5,6.5,7.2,1,175,0,1,3,Internship,2.27,Tier 3
STU00219,Maya Trivedi,25,Female,2023,MERN,52.5,33.7,33.9,42.7,5.2,3.4,4,94,0,1,1,No Job,0.0,Not Placed
STU00220,Rajan Ghosh,25,Female,2024,Data Science,51.4,31.9,32.3,28.1,1.7,3.4,1,49,1,0,1,No Job,0.0,Not Placed
STU00221,Mohit Varma,19,Other,2023,Cybersecurity,55.6,41.4,31.8,37.1,2.8,4.3,0,72,1,0,3,No Job,0.0,Not Placed
STU00222,Nitin Shukla,23,Female,2023,Cybersecurity,61.4,46.2,35.5,51.5,5.0,6.4,0,32,4,0,1,No Job,0.0,Not Placed
STU00223,Swati Chopra,25,Male,2024,DevOps,74.2,69.9,73.5,58.0,5.9,5.9,3,186,1,1,0,No Job,0.0,Not Placed
STU00224,Mira Verma,20,Female,2024,MERN,59.8,48.4,36.1,51.1,3.7,6.4,2,104,3,1,0,No Job,0.0,Not Placed
STU00225,Vikas Bhatt,24,Male,2022,Figma Designer,57.0,55.4,30.0,66.6,3.5,3.8,1,41,3,1,0,No Job,0.0,Not Placed
STU00226,Vaibhav Batra,20,Other,2022,Data Science,63.0,52.0,57.0,46.7,5.9,4.8,3,113,0,1,1,No Job,0.0,Not Placed
STU00227,Amar Yadav,21,Female,2024,QA,74.3,65.3,54.2,58.7,6.5,5.5,2,160,1,1,0,Job,5.01,Tier 3
STU00228,Surbhi Pillai,19,Male,2022,Figma Designer,70.5,70.2,60.7,63.6,6.6,6.0,3,151,3,1,0,Job,5.31,Tier 3
STU00229,Manish Shah,21,Male,2024,DevOps,71.5,56.7,49.7,40.1,4.6,4.7,5,127,1,0,1,No Job,0.0,Not Placed
STU00230,Naman Srivastava,25,Male,2022,DevOps,50.7,35.5,31.3,30.4,3.6,3.7,2,94,1,0,2,No Job,0.0,Not Placed
STU00231,Mihir Goyal,23,Male,2023,Figma Designer,52.5,47.2,35.3,41.3,3.9,2.5,4,141,1,1,3,No Job,0.0,Not Placed
STU00232,Ankit Trivedi,22,Male,2022,Data Science,59.8,67.2,46.8,68.2,5.4,4.2,1,110,2,1,0,Internship,0.94,Tier 3
STU00233,Harsh Jain,26,Male,2024,DevOps,53.8,48.7,30.4,41.9,3.9,4.6,3,74,2,0,3,No Job,0.0,Not Placed
STU00234,Ashish Jain,26,Male,2024,DevOps,71.2,54.0,58.6,70.0,5.3,6.9,4,206,4,1,0,Job,8.63,Tier 1
STU00235,Sneha Mehta,19,Female,2023,MERN,52.5,37.0,27.4,41.0,4.7,3.9,0,0,4,0,1,No Job,0.0,Not Placed
STU00236,Uday Mehta,27,Male,2024,QA,55.6,28.6,24.8,29.4,3.2,2.9,3,65,2,0,0,No Job,0.0,Not Placed
STU00237,Pankaj Khanna,27,Male,2022,Figma Designer,65.6,60.4,56.3,42.8,3.2,3.8,1,127,2,0,0,No Job,0.0,Not Placed
STU00238,Anil Dutta,20,Male,2022,QA,60.0,56.0,45.3,60.6,3.5,6.2,1,114,0,1,1,No Job,0.0,Not Placed
STU00239,Aarav Agarwal,20,Female,2024,Data Science,71.4,56.3,57.5,64.8,5.2,6.2,2,172,2,1,0,Job,8.16,Tier 1
STU00240,Vishal Roy,26,Male,2024,Data Science,61.1,52.7,55.3,47.8,4.6,3.6,0,91,1,0,0,No Job,0.0,Not Placed
STU00241,Surbhi Malhotra,24,Male,2024,Cybersecurity,73.6,63.1,60.7,49.9,5.5,5.9,0,104,3,1,0,Job,8.13,Tier 1
STU00242,Vanshika Yadav,21,Female,2024,Data Science,80.1,71.6,79.1,57.9,5.6,6.3,0,98,4,0,0,No Job,0.0,Not Placed
STU00243,Aarav Goyal,20,Male,2023,Cybersecurity,61.5,49.3,36.0,35.0,5.4,5.5,2,79,1,0,3,No Job,0.0,Not Placed
STU00244,Palak Sinha,23,Male,2022,DevOps,75.8,64.6,58.7,55.7,6.3,5.9,4,155,3,1,0,Job,7.28,Tier 2
STU00245,Pooja Bhatt,26,Male,2024,Cybersecurity,78.9,88.9,83.0,84.5,7.1,6.9,1,146,2,0,0,Job,8.77,Tier 1
STU00246,Bhavna Patel,24,Female,2023,Cybersecurity,72.0,64.7,66.2,61.7,4.5,6.5,3,83,1,0,0,Internship,1.76,Tier 3
STU00247,Prateek Dutta,21,Female,2023,DevOps,57.8,50.6,41.6,42.6,3.8,5.3,0,48,0,0,1,No Job,0.0,Not Placed
STU00248,Divya Goyal,27,Female,2023,Data Science,68.9,60.5,60.2,61.2,5.1,5.5,3,114,2,1,1,Internship,1.52,Tier 2
STU00249,Mehak Shukla,26,Male,2022,MERN,70.5,27.3,20.0,38.5,1.9,2.9,2,62,3,0,0,No Job,0.0,Not Placed
STU00250,Sanjay Patel,24,Female,2024,DevOps,60.0,34.3,21.5,28.6,4.1,4.6,1,16,1,0,0,Job,5.57,Tier 2
STU00251,Rohan Nair,19,Male,2022,Cybersecurity,86.3,80.8,80.3,64.5,7.0,7.3,4,164,1,0,0,Internship,1.64,Tier 3
STU00252,Rahul Pillai,20,Male,2024,QA,67.4,63.1,71.2,53.3,4.6,5.9,0,83,1,0,0,Internship,1.86,Tier 2
STU00253,Vineeta Bhatt,22,Male,2023,QA,80.0,78.9,74.8,80.3,7.1,7.1,3,209,2,1,0,Internship,0.82,Tier 2
STU00254,Riya Goyal,20,Female,2023,Figma Designer,73.9,59.5,72.7,63.9,6.4,5.2,0,101,0,1,0,No Job,0.0,Not Placed
STU00255,Shreya Mehta,21,Male,2023,MERN,68.6,60.6,35.5,53.7,4.8,4.8,3,118,0,0,2,No Job,0.0,Not Placed
STU00256,Manisha Kapoor,26,Female,2022,Data Science,60.3,62.1,54.8,49.7,4.5,6.1,0,55,1,0,0,No Job,0.0,Not Placed
STU00257,Karishma Sharma,27,Female,2023,MERN,64.8,50.9,50.9,56.0,7.5,5.9,0,93,0,0,0,Job,5.28,Tier 3
STU00258,Isha Pillai,24,Male,2023,QA,85.9,84.9,85.8,96.0,8.0,8.3,1,161,2,1,0,Job,6.19,Tier 2
STU00259,Uday Khanna,22,Male,2023,DevOps,73.6,68.8,70.3,69.1,5.3,6.7,0,137,1,0,0,No Job,0.0,Not Placed
STU00260,Anish Bhatt,20,Male,2022,QA,62.2,44.0,36.0,28.2,5.6,6.1,2,110,3,0,1,No Job,0.0,Not Placed
STU00261,Tushar Roy,25,Male,2022,DevOps,67.4,37.2,30.7,44.2,3.2,6.0,1,73,2,0,1,Job,6.55,Tier 2
STU00262,Mihir Rao,25,Male,2022,Figma Designer,72.5,59.4,44.0,56.2,4.5,5.2,0,137,2,0,0,No Job,0.0,Not Placed
STU00263,Anish Jain,27,Female,2023,Figma Designer,49.6,40.2,23.2,25.1,3.3,3.7,3,77,2,0,0,No Job,0.0,Not Placed
STU00264,Nikhil Rastogi,23,Male,2022,Data Science,63.8,55.0,54.2,62.1,5.9,3.5,1,134,1,0,0,No Job,0.0,Not Placed
STU00265,Aarav Bhatt,22,Female,2024,DevOps,54.9,42.9,41.7,36.4,4.2,4.3,0,42,3,0,0,No Job,0.0,Not Placed
STU00266,Vinay Batra,24,Male,2023,Cybersecurity,75.7,61.8,65.9,58.7,5.5,6.1,2,100,3,0,0,Job,8.2,Tier 1
STU00267,Aryan Kumar,20,Female,2024,MERN,64.2,52.2,46.7,59.2,4.1,5.9,1,104,1,0,0,No Job,0.0,Not Placed
STU00268,Sachin Arora,20,Female,2024,MERN,44.0,45.2,30.3,27.5,4.0,3.0,0,3,2,0,2,No Job,0.0,Not Placed
STU00269,Yogesh Nair,27,Female,2022,Cybersecurity,78.7,60.2,61.8,52.8,5.4,5.9,1,103,4,1,1,No Job,0.0,Not Placed
STU00270,Ishaan Mishra,25,Female,2024,MERN,57.4,56.8,59.3,64.4,4.6,6.1,0,85,1,0,0,Job,7.31,Tier 2
STU00271,Sandeep Kumar,25,Male,2023,Cybersecurity,79.1,88.8,94.3,72.4,6.7,7.7,2,136,2,1,1,Job,8.41,Tier 1
STU00272,Ankita Shah,23,Male,2024,Cybersecurity,82.5,77.0,75.0,65.2,6.4,7.2,3,187,2,1,1,Job,7.15,Tier 2
STU00273,Isha Reddy,25,Female,2024,Data Science,46.1,23.5,20.0,27.1,2.9,4.0,0,67,1,0,0,No Job,0.0,Not Placed
STU00274,Palak Varma,27,Female,2022,DevOps,52.6,34.1,20.0,35.5,3.3,3.6,3,68,3,0,2,No Job,0.0,Not Placed
STU00275,Uday Dutta,23,Female,2023,MERN,57.3,38.1,20.3,40.8,3.1,4.4,0,53,0,0,1,No Job,0.0,Not Placed
STU00276,Prateek Agarwal,27,Male,2023,Cybersecurity,66.3,76.9,77.5,68.4,7.6,7.6,0,135,1,0,0,Job,7.73,Tier 2
STU00277,Isha Srivastava,19,Male,2023,Data Science,63.4,52.8,44.3,45.4,4.9,6.8,2,145,0,1,0,Internship,2.34,Tier 3
STU00278,Renu Varma,21,Male,2022,Figma Designer,91.0,89.9,100.0,97.5,9.0,7.6,0,106,1,1,0,Job,6.85,Tier 2
STU00279,Kunal Patel,25,Female,2022,DevOps,77.4,73.8,89.0,80.5,6.5,7.7,0,116,2,0,1,Job,7.41,Tier 2
STU00280,Ankit Dutta,22,Female,2023,Data Science,57.9,48.0,37.6,69.1,4.7,5.2,1,148,2,1,0,Job,6.52,Tier 2
STU00281,Suresh Arora,20,Female,2023,DevOps,60.3,53.8,45.4,68.5,4.4,7.1,0,71,3,0,0,No Job,0.0,Not Placed
STU00282,Zara Shah,21,Male,2024,MERN,72.0,56.1,41.5,68.8,5.5,5.1,1,108,0,0,0,Internship,1.53,Tier 3
STU00283,Sara Gupta,25,Female,2024,DevOps,81.2,86.0,76.8,63.3,5.7,5.3,2,158,0,1,0,Internship,1.85,Tier 3
STU00284,Shreya Chopra,26,Female,2023,DevOps,78.4,74.0,79.0,69.7,6.1,7.2,0,151,1,0,0,Job,8.37,Tier 1
STU00285,Sonam Mehta,27,Male,2022,DevOps,56.7,49.0,44.1,51.5,3.8,5.6,3,59,1,0,0,Internship,1.98,Tier 3
STU00286,Renu Mehta,24,Female,2022,Data Science,90.4,93.6,94.1,90.9,8.9,6.3,0,160,1,1,0,Job,8.84,Tier 1
STU00287,Jatin Tiwari,27,Male,2023,Data Science,68.7,55.5,45.0,50.5,4.2,5.1,0,46,4,0,0,No Job,0.0,Not Placed
STU00288,Amit Batra,22,Male,2024,Cybersecurity,75.9,80.6,74.6,82.0,5.3,6.9,4,240,1,1,0,Job,7.66,Tier 2
STU00289,Nikhil Yadav,23,Male,2023,DevOps,66.1,60.4,61.3,53.8,5.8,5.6,2,85,2,0,0,No Job,0.0,Not Placed
STU00290,Ritesh Patel,19,Female,2023,MERN,58.7,45.1,40.6,46.7,2.9,5.7,1,76,2,0,0,No Job,0.0,Not Placed
STU00291,Kabir Malhotra,27,Female,2024,QA,49.1,20.0,20.8,20.4,2.7,3.6,0,17,1,0,0,No Job,0.0,Not Placed
STU00292,Ayush Sharma,27,Female,2024,MERN,51.8,37.2,22.8,36.4,2.5,4.7,2,76,2,0,1,No Job,0.0,Not Placed
STU00293,Anish Shukla,27,Female,2022,QA,78.8,80.1,71.9,76.3,6.8,6.6,1,115,4,1,0,Job,6.35,Tier 2
STU00294,Ravi Kumar,21,Male,2022,MERN,68.0,57.6,46.2,55.0,5.7,6.9,1,99,1,0,1,No Job,0.0,Not Placed
STU00295,Pooja Shah,26,Female,2023,Data Science,71.4,62.4,76.5,41.1,4.9,6.7,3,129,2,0,1,Job,8.54,Tier 1
STU00296,Maya Shah,21,Male,2023,Figma Designer,73.9,83.0,66.1,74.3,6.7,6.9,3,174,1,1,0,No Job,0.0,Not Placed
STU00297,Yash Sharma,24,Female,2024,MERN,51.7,32.8,37.3,36.3,4.2,4.2,4,90,0,0,2,No Job,0.0,Not Placed
STU00298,Sakshi Sinha,23,Male,2022,QA,60.6,42.4,42.4,46.5,4.0,4.4,5,152,0,0,1,No Job,0.0,Not Placed
STU00299,Surbhi Kumar,26,Female,2022,MERN,56.5,45.8,41.5,40.5,4.2,4.6,0,48,0,0,3,No Job,0.0,Not Placed
STU00300,Deepak Rastogi,21,Female,2024,Cybersecurity,49.2,40.5,21.3,35.0,4.2,4.2,0,33,0,0,0,Job,5.81,Tier 2
STU00301,Kajal Dutta,19,Female,2024,QA,61.6,49.6,34.5,43.5,4.4,5.1,0,31,2,0,2,No Job,0.0,Not Placed
STU00302,Yogesh Gandhi,27,Female,2024,Data Science,52.5,45.0,29.8,32.6,3.3,5.2,0,48,1,0,0,No Job,0.0,Not Placed
STU00303,Deepak Malhotra,27,Male,2023,QA,47.1,23.0,20.0,24.0,3.2,2.1,3,69,1,0,1,No Job,0.0,Not Placed
STU00304,Tarun Tiwari,21,Female,2023,DevOps,50.7,34.6,20.0,27.6,3.6,2.2,5,111,0,0,0,No Job,0.0,Not Placed
STU00305,Harsh Gupta,20,Male,2022,Cybersecurity,61.2,51.6,52.0,36.5,5.9,5.0,4,116,0,0,1,No Job,0.0,Not Placed
STU00306,Yogesh Joshi,22,Female,2022,DevOps,82.8,81.7,87.2,88.2,5.6,7.1,2,167,1,0,0,Internship,2.2,Tier 3
STU00307,Yash Malhotra,26,Female,2023,QA,58.6,35.5,27.5,36.3,4.3,2.4,1,34,0,0,1,No Job,0.0,Not Placed
STU00308,Sanjay Gandhi,24,Male,2023,Data Science,66.5,71.4,69.4,66.3,6.7,6.5,2,154,2,1,0,Internship,1.88,Tier 2
STU00309,Nikita Jain,19,Female,2022,MERN,72.0,50.7,55.4,55.8,4.6,4.4,3,153,1,1,0,Job,6.07,Tier 2
STU00310,Maya Sharma,26,Female,2024,QA,67.1,62.0,48.5,62.2,4.7,5.8,0,109,3,1,0,No Job,0.0,Not Placed
STU00311,Ankita Tiwari,23,Other,2022,QA,65.9,67.1,44.8,71.3,6.2,3.6,1,121,3,0,0,Job,4.39,Tier 3
STU00312,Asha Dutta,24,Female,2024,Data Science,50.7,27.5,20.0,32.7,2.6,2.8,1,0,1,0,0,No Job,0.0,Not Placed
STU00313,Anil Chawla,23,Male,2022,DevOps,67.8,38.5,28.3,37.9,5.0,4.4,4,97,3,0,0,Job,4.66,Tier 3
STU00314,Gaurav Garg,23,Male,2024,DevOps,74.0,57.8,55.5,74.2,4.8,6.3,0,86,4,1,3,Internship,2.31,Tier 2
STU00315,Suresh Jain,21,Male,2022,MERN,62.5,56.7,55.4,52.4,5.0,5.3,2,113,0,0,1,Job,5.62,Tier 2
STU00316,Vishal Goyal,22,Female,2024,MERN,49.7,39.5,20.4,37.7,2.5,2.6,3,74,4,0,0,No Job,0.0,Not Placed
STU00317,Rahul Shah,23,Female,2022,Cybersecurity,65.4,53.8,49.8,45.5,4.4,5.3,2,89,4,1,0,Job,6.48,Tier 2
STU00318,Ankita Malhotra,20,Male,2023,Data Science,62.5,59.1,71.6,60.1,6.0,5.0,0,64,0,0,0,No Job,0.0,Not Placed
STU00319,Mihir Kapoor,24,Female,2024,QA,46.0,27.8,38.9,34.7,2.8,4.4,2,34,0,0,2,No Job,0.0,Not Placed
STU00320,Tushar Khanna,20,Female,2022,QA,63.4,40.7,45.9,44.9,4.4,6.3,0,13,0,0,1,No Job,0.0,Not Placed
STU00321,Aryan Sinha,22,Male,2022,MERN,83.4,82.2,62.6,78.9,6.1,6.4,2,171,1,1,0,Job,6.96,Tier 2
STU00322,Vinay Trivedi,19,Male,2024,MERN,73.2,55.7,62.3,60.4,6.3,7.7,1,107,2,1,0,Job,6.59,Tier 2
STU00323,Nikhil Sinha,22,Male,2024,MERN,84.8,87.5,92.9,88.3,8.6,7.3,4,188,1,0,0,Internship,0.98,Tier 2
STU00324,Anushka Rao,25,Male,2022,DevOps,59.0,51.8,45.9,47.6,5.7,4.6,0,28,1,0,0,Job,6.38,Tier 2
STU00325,Akshay Shah,26,Male,2022,Cybersecurity,82.3,73.6,65.9,65.3,5.4,8.0,0,108,0,1,0,Internship,2.05,Tier 3
STU00326,Sara Patel,20,Male,2022,MERN,65.6,46.7,30.8,37.8,3.3,4.2,1,50,1,0,0,No Job,0.0,Not Placed
STU00327,Vikram Dubey,21,Female,2022,Cybersecurity,69.4,67.8,73.9,74.0,5.9,5.2,1,122,0,0,0,Internship,1.28,Tier 3
STU00328,Ashu Dutta,19,Male,2024,MERN,50.3,44.4,33.3,47.0,2.3,3.9,2,104,0,0,0,No Job,0.0,Not Placed
STU00329,Anil Dixit,25,Male,2023,MERN,69.1,67.5,53.7,60.0,5.5,5.7,5,151,3,0,0,Job,5.97,Tier 2
STU00330,Nikhil Verma,22,Male,2023,Data Science,75.3,63.7,55.1,54.8,6.0,5.1,1,114,2,0,1,Job,8.2,Tier 1
STU00331,Ashish Singh,26,Male,2024,Data Science,75.8,59.8,61.0,57.2,5.8,5.6,0,135,4,0,2,No Job,0.0,Not Placed
STU00332,Amit Gandhi,23,Male,2023,MERN,55.8,52.8,34.6,40.2,3.7,3.7,1,79,3,0,1,No Job,0.0,Not Placed
STU00333,Kavya Trivedi,27,Male,2023,MERN,54.3,53.2,42.2,54.4,4.8,6.0,1,130,3,0,0,Job,6.26,Tier 2
STU00334,Anil Mishra,24,Female,2023,QA,61.1,51.2,46.0,46.0,4.7,7.0,3,120,0,0,1,No Job,0.0,Not Placed
STU00335,Pranav Bhatt,20,Female,2023,QA,84.2,80.4,88.5,80.1,6.1,6.3,1,142,2,0,0,No Job,0.0,Not Placed
STU00336,Geeta Shukla,19,Male,2023,MERN,48.1,39.4,37.5,36.3,3.3,3.8,3,93,1,0,1,No Job,0.0,Not Placed
STU00337,Karan Jain,19,Female,2022,MERN,52.1,26.6,27.4,22.8,4.3,3.8,3,89,3,0,1,No Job,0.0,Not Placed
STU00338,Anand Yadav,27,Male,2022,MERN,45.1,20.1,20.0,22.1,4.4,2.7,3,34,2,0,0,No Job,0.0,Not Placed
STU00339,Prachi Kaur,19,Male,2022,MERN,66.1,46.7,48.0,49.6,4.1,7.7,0,84,2,0,1,Job,5.99,Tier 2
STU00340,Ashish Chawla,21,Female,2022,DevOps,50.7,46.3,51.9,38.3,3.6,5.8,3,84,1,0,3,No Job,0.0,Not Placed
STU00341,Shivam Yadav,20,Female,2023,DevOps,60.2,45.3,44.9,46.1,4.0,6.3,3,128,0,0,0,No Job,0.0,Not Placed
STU00342,Akash Sharma,22,Female,2023,Data Science,63.0,56.3,38.2,46.1,3.8,5.7,2,114,1,0,0,Job,7.35,Tier 2
STU00343,Rajan Rao,19,Male,2023,Data Science,76.8,75.5,79.8,71.2,6.2,5.5,4,217,0,1,0,Job,8.11,Tier 1
STU00344,Asha Verma,19,Female,2022,Data Science,67.1,53.6,53.3,49.9,5.1,5.4,0,88,2,0,0,Internship,2.19,Tier 2
STU00345,Mohit Sinha,22,Male,2023,Data Science,67.1,69.8,65.0,73.0,7.4,6.7,3,181,1,0,0,Internship,1.97,Tier 3
STU00346,Simran Dixit,22,Male,2022,Cybersecurity,62.1,52.2,61.5,55.5,4.0,6.6,0,149,0,1,1,Job,7.59,Tier 2
STU00347,Shreya Jain,25,Male,2023,MERN,53.9,47.3,38.6,58.0,4.8,4.6,1,25,2,0,0,No Job,0.0,Not Placed
STU00348,Karishma Bansal,26,Female,2024,DevOps,67.1,57.8,37.1,57.8,5.0,4.5,2,144,0,1,1,No Job,0.0,Not Placed
STU00349,Lakshmi Gandhi,26,Female,2022,Cybersecurity,83.5,79.9,74.7,79.3,4.9,8.6,0,186,3,0,0,Job,8.13,Tier 1
STU00350,Zara Nair,26,Male,2024,Figma Designer,76.2,68.5,65.6,65.1,5.1,7.0,0,111,2,1,1,Job,5.6,Tier 2
STU00351,Nikhil Joshi,27,Male,2024,Figma Designer,71.5,68.7,70.0,65.8,6.9,6.1,0,151,1,0,0,Internship,1.01,Tier 2
STU00352,Sneha Chopra,19,Female,2022,QA,66.5,54.7,56.4,64.5,4.8,5.7,1,157,1,0,1,Job,5.31,Tier 3
STU00353,Palak Tiwari,27,Female,2022,Data Science,66.9,42.0,44.8,31.7,4.1,5.2,0,59,1,0,1,No Job,0.0,Not Placed
STU00354,Karishma Agarwal,26,Male,2024,DevOps,93.5,78.1,85.2,84.8,6.9,6.5,4,202,1,0,0,Job,8.2,Tier 1
STU00355,Aditya Gandhi,19,Female,2022,QA,74.2,71.8,74.5,71.3,6.7,5.9,2,111,1,0,0,Job,6.38,Tier 2
STU00356,Sneha Malhotra,25,Male,2024,Data Science,76.4,66.1,68.4,64.7,5.0,6.4,1,190,3,1,0,Job,7.87,Tier 2
STU00357,Nandini Reddy,27,Female,2023,DevOps,59.2,47.5,59.1,59.0,5.7,5.2,0,115,0,0,0,Internship,0.87,Tier 3
STU00358,Karan Chauhan,22,Male,2022,QA,55.8,46.6,40.1,36.1,4.9,4.8,0,15,1,0,0,No Job,0.0,Not Placed
STU00359,Nikhil Verma,27,Male,2022,DevOps,58.8,57.6,64.6,56.5,4.6,5.3,0,115,2,0,0,Job,7.23,Tier 2
STU00360,Lakshmi Rastogi,19,Female,2023,Data Science,89.8,78.2,91.3,81.2,7.7,6.3,0,142,2,0,0,Job,8.42,Tier 1
STU00361,Lakshmi Kapoor,27,Female,2023,Data Science,76.4,72.7,64.3,63.6,5.5,6.9,2,104,0,0,0,Internship,1.34,Tier 3
STU00362,Sachin Kapoor,24,Male,2023,MERN,70.2,72.4,62.7,68.3,5.0,6.3,1,189,4,0,0,No Job,0.0,Not Placed
STU00363,Ritesh Shukla,22,Male,2024,Data Science,49.5,42.5,20.0,35.5,3.7,4.3,1,39,0,0,1,No Job,0.0,Not Placed
STU00364,Kabir Shah,23,Male,2024,Cybersecurity,81.3,80.6,86.5,78.4,7.0,6.1,1,146,0,1,0,Job,8.74,Tier 1
STU00365,Asha Joshi,25,Male,2022,Cybersecurity,69.5,75.8,82.0,91.5,5.9,7.3,1,144,2,1,0,No Job,0.0,Not Placed
STU00366,Neha Iyer,22,Female,2024,Data Science,45.3,32.9,20.1,29.1,3.7,3.4,1,11,2,0,1,No Job,0.0,Not Placed
STU00367,Manish Tiwari,26,Male,2024,Figma Designer,76.8,81.2,76.8,77.7,5.7,5.9,0,115,2,1,0,Job,5.28,Tier 3
STU00368,Maya Garg,21,Female,2024,DevOps,58.2,43.6,50.2,52.2,2.9,4.4,1,111,1,0,2,Internship,0.95,Tier 3
STU00369,Arjun Rao,20,Male,2023,Data Science,67.7,59.7,55.6,42.7,5.3,4.4,0,85,1,0,0,Job,7.96,Tier 2
STU00370,Aarav Bansal,19,Other,2024,QA,70.8,51.1,41.0,41.2,2.9,5.3,4,123,3,0,0,Job,4.6,Tier 3
STU00371,Aryan Khanna,24,Male,2023,QA,55.5,53.7,51.0,62.5,4.9,4.5,2,118,2,0,1,No Job,0.0,Not Placed
STU00372,Neha Dubey,20,Male,2023,Cybersecurity,49.4,38.7,29.3,26.7,4.0,2.9,0,5,4,0,2,No Job,0.0,Not Placed
STU00373,Ankita Dixit,26,Male,2024,QA,55.4,54.8,34.7,41.9,3.4,4.3,0,60,1,0,1,No Job,0.0,Not Placed
STU00374,Surbhi Goyal,22,Female,2022,Cybersecurity,67.0,60.4,48.8,74.2,4.1,6.0,5,173,1,0,1,Job,7.24,Tier 2
STU00375,Rajni Singh,27,Male,2022,Figma Designer,60.1,35.5,24.3,29.9,3.2,5.8,0,4,2,0,2,No Job,0.0,Not Placed
STU00376,Riya Kumar,22,Male,2024,DevOps,72.5,74.2,61.8,70.5,6.7,5.9,0,67,4,1,0,No Job,0.0,Not Placed
STU00377,Gaurav Chopra,22,Female,2022,QA,66.4,67.5,48.0,50.9,5.3,3.5,1,119,3,0,0,Job,4.99,Tier 3
STU00378,Sneha Sharma,26,Female,2024,Figma Designer,89.6,96.7,88.9,94.7,8.6,6.7,1,252,1,1,0,Internship,2.0,Tier 2
STU00379,Shreya Chopra,26,Female,2024,Cybersecurity,47.7,37.3,29.7,44.7,5.7,5.9,5,133,4,1,0,Job,5.33,Tier 3
STU00380,Nikhil Nair,23,Male,2022,Data Science,64.5,55.9,44.0,54.2,6.5,4.8,1,5,0,0,0,Job,7.04,Tier 2
STU00381,Sneha Shukla,21,Male,2023,DevOps,59.0,44.2,44.8,34.3,4.3,3.5,4,122,1,0,0,No Job,0.0,Not Placed
STU00382,Khushi Sharma,20,Female,2024,DevOps,75.1,74.3,60.4,81.7,6.5,5.4,1,113,3,1,0,No Job,0.0,Not Placed
STU00383,Pooja Mishra,27,Male,2023,Data Science,75.8,56.5,52.2,48.7,4.6,5.8,0,73,1,0,1,Internship,1.11,Tier 2
STU00384,Parth Gupta,27,Male,2024,Figma Designer,62.9,52.1,40.4,38.4,4.9,4.2,0,121,1,0,0,No Job,0.0,Not Placed
STU00385,Ravi Reddy,23,Male,2024,Data Science,74.1,71.2,65.4,58.5,6.3,5.9,2,122,4,1,2,Job,7.32,Tier 2
STU00386,Sandeep Gandhi,26,Female,2023,Data Science,56.1,42.0,29.8,32.7,4.6,4.0,1,72,1,0,0,No Job,0.0,Not Placed
STU00387,Sneha Patel,25,Male,2022,Figma Designer,41.7,34.9,24.2,36.5,2.5,5.4,1,40,3,0,1,No Job,0.0,Not Placed
STU00388,Ankit Shah,21,Female,2024,DevOps,61.8,55.8,43.2,62.5,4.4,4.5,0,98,1,1,1,Job,7.16,Tier 2
STU00389,Amar Iyer,23,Male,2023,Data Science,65.0,54.4,54.8,54.6,5.0,6.6,0,44,1,0,0,No Job,0.0,Not Placed
STU00390,Rahul Malhotra,27,Female,2022,Cybersecurity,63.5,47.9,38.4,35.1,4.1,6.5,0,57,1,0,3,No Job,0.0,Not Placed
STU00391,Pranav Dixit,22,Female,2024,Cybersecurity,65.8,60.1,57.5,53.7,6.9,4.6,3,170,1,1,0,No Job,0.0,Not Placed
STU00392,Nandini Pillai,21,Male,2024,Data Science,84.7,94.0,94.5,83.4,5.1,5.8,3,166,3,1,0,No Job,0.0,Not Placed
STU00393,Zara Yadav,25,Male,2023,Figma Designer,72.2,61.2,48.1,50.2,5.0,5.9,0,129,4,0,0,Job,4.67,Tier 3
STU00394,Akshay Reddy,26,Female,2023,DevOps,40.4,20.0,20.0,15.0,3.4,3.3,0,0,1,0,3,No Job,0.0,Not Placed
STU00395,Prachi Iyer,23,Male,2023,DevOps,73.6,74.4,86.8,73.4,5.8,7.8,0,160,0,0,1,No Job,0.0,Not Placed
STU00396,Surbhi Dubey,26,Female,2024,DevOps,80.8,82.7,89.4,80.7,7.4,6.1,0,140,0,0,0,Job,8.47,Tier 1
STU00397,Sanjana Mehta,23,Female,2024,Cybersecurity,65.8,57.9,44.4,51.0,6.5,5.9,5,149,0,1,0,No Job,0.0,Not Placed
STU00398,Parth Malhotra,27,Female,2024,MERN,60.2,45.3,47.6,60.1,5.8,5.8,3,148,2,1,0,Job,6.51,Tier 2
STU00399,Sanjay Mishra,25,Male,2023,MERN,54.7,25.4,27.0,21.2,3.8,3.8,0,28,1,0,2,No Job,0.0,Not Placed
STU00400,Maya Gandhi,23,Male,2024,DevOps,59.9,41.9,48.7,30.2,3.8,4.0,0,8,2,0,2,No Job,0.0,Not Placed
STU00401,Isha Roy,27,Female,2024,QA,55.4,39.6,51.5,53.0,4.7,4.9,2,122,4,0,2,No Job,0.0,Not Placed
STU00402,Varun Shah,23,Male,2022,Data Science,58.7,47.1,34.5,43.7,4.3,7.3,0,18,2,0,0,Internship,2.24,Tier 3
STU00403,Aarav Kapoor,26,Female,2022,Cybersecurity,58.0,48.3,40.2,42.4,3.9,3.2,0,48,2,0,0,No Job,0.0,Not Placed
STU00404,Yash Chauhan,22,Female,2024,QA,65.5,52.7,38.1,47.8,5.9,7.4,1,105,1,0,1,No Job,0.0,Not Placed
STU00405,Sneha Gupta,27,Male,2022,Data Science,58.4,43.8,37.9,38.5,3.0,4.1,0,33,1,0,3,No Job,0.0,Not Placed
STU00406,Rahul Rao,24,Male,2022,Data Science,71.3,74.6,78.0,69.4,6.2,5.7,1,177,3,1,0,Internship,1.41,Tier 3
STU00407,Akshay Singh,24,Male,2022,MERN,53.8,40.6,52.3,44.9,5.8,4.3,0,97,2,1,0,Job,6.8,Tier 2
STU00408,Aditya Khanna,21,Female,2023,DevOps,70.2,65.8,44.9,62.0,3.8,5.6,0,99,1,1,0,No Job,0.0,Not Placed
STU00409,Uday Shukla,21,Male,2022,Data Science,67.8,58.6,51.4,52.3,5.7,5.8,0,43,0,0,0,Job,7.7,Tier 2
STU00410,Renu Dixit,22,Male,2023,DevOps,67.5,54.7,53.3,38.1,6.5,5.7,0,126,2,0,0,Job,7.16,Tier 2
STU00411,Saloni Gupta,19,Female,2024,DevOps,61.6,58.3,57.9,65.4,4.4,4.9,0,84,1,0,0,No Job,0.0,Not Placed
STU00412,Sanjana Garg,24,Male,2024,Cybersecurity,74.9,72.4,66.3,59.7,6.6,7.7,1,122,2,1,0,Job,6.25,Tier 2
STU00413,Ravi Agarwal,19,Male,2024,MERN,67.0,75.8,89.5,60.3,6.6,5.4,1,146,1,1,0,Job,7.15,Tier 2
STU00414,Mehak Yadav,22,Male,2022,MERN,44.5,21.3,20.0,27.7,3.1,2.8,2,52,0,0,2,No Job,0.0,Not Placed
STU00415,Rohit Batra,25,Female,2024,QA,40.0,29.0,20.0,25.1,3.3,3.7,0,31,3,0,2,No Job,0.0,Not Placed
STU00416,Pankaj Agarwal,24,Male,2024,Figma Designer,55.1,49.3,33.3,46.7,5.4,4.6,5,139,1,0,0,No Job,0.0,Not Placed
STU00417,Yogesh Srivastava,26,Male,2023,QA,50.9,46.0,30.9,42.9,4.0,3.1,0,0,3,0,0,No Job,0.0,Not Placed
STU00418,Ishaan Roy,22,Female,2022,DevOps,46.6,37.0,37.5,45.0,4.9,4.6,3,53,3,0,2,No Job,0.0,Not Placed
STU00419,Sneha Rao,27,Male,2023,MERN,68.1,52.3,44.4,49.8,5.2,5.1,0,56,1,1,2,No Job,0.0,Not Placed
STU00420,Rajni Sinha,26,Female,2024,MERN,61.8,54.1,40.3,44.2,5.9,5.3,1,99,2,0,0,No Job,0.0,Not Placed
STU00421,Divya Roy,23,Male,2023,Data Science,45.5,32.7,31.4,19.8,2.3,4.1,0,48,3,0,0,Job,6.36,Tier 2
STU00422,Mohit Bansal,24,Male,2024,Data Science,72.1,49.8,52.5,58.5,3.4,4.1,0,101,2,1,0,Job,6.49,Tier 2
STU00423,Meena Dutta,23,Male,2023,Cybersecurity,80.5,77.6,71.5,75.3,7.6,5.6,1,207,1,1,0,Job,8.08,Tier 1
STU00424,Prachi Verma,24,Female,2023,MERN,64.6,55.2,68.4,52.6,4.8,4.1,0,64,1,0,1,No Job,0.0,Not Placed
STU00425,Akshay Pillai,19,Male,2024,MERN,69.5,65.0,53.5,58.1,7.4,5.1,1,129,1,0,0,Internship,1.95,Tier 3
STU00426,Sourabh Gupta,22,Male,2022,Figma Designer,61.0,64.1,52.6,56.3,2.9,3.0,0,82,0,0,0,No Job,0.0,Not Placed
STU00427,Yash Khanna,27,Male,2023,Data Science,67.3,55.4,51.9,50.4,5.1,5.1,5,145,1,1,0,Job,6.88,Tier 2
STU00428,Ruchi Shukla,22,Male,2024,Data Science,46.7,41.5,35.9,44.7,4.8,5.0,0,104,0,0,0,No Job,0.0,Not Placed
STU00429,Sanjana Garg,20,Male,2024,Data Science,61.1,65.3,64.7,53.8,6.7,5.0,2,161,3,0,1,Job,8.39,Tier 1
STU00430,Pranav Dubey,24,Female,2022,DevOps,47.6,32.6,30.6,39.4,5.8,4.8,1,58,2,0,2,No Job,0.0,Not Placed
STU00431,Mehak Sinha,20,Male,2022,Cybersecurity,52.2,49.2,53.1,35.9,5.2,5.2,0,64,0,1,0,No Job,0.0,Not Placed
STU00432,Karan Roy,21,Female,2023,MERN,61.9,47.3,39.8,51.2,4.7,5.0,0,27,1,0,0,No Job,0.0,Not Placed
STU00433,Karan Roy,25,Male,2024,DevOps,67.0,63.6,67.3,75.4,4.2,5.4,4,149,1,1,0,Job,7.0,Tier 2
STU00434,Sakshi Pillai,22,Male,2023,QA,60.7,39.6,34.4,32.1,3.9,3.6,3,88,0,1,1,No Job,0.0,Not Placed
STU00435,Ruchi Mishra,19,Female,2023,QA,69.8,61.3,53.7,67.3,6.0,6.6,0,90,0,0,0,Job,5.37,Tier 3
STU00436,Mehak Roy,27,Male,2022,Figma Designer,61.3,58.2,51.7,52.5,4.7,4.0,0,93,2,0,1,Job,4.68,Tier 3
STU00437,Mihir Singh,24,Male,2024,QA,51.0,47.3,25.1,35.7,3.8,3.9,0,20,0,0,3,No Job,0.0,Not Placed
STU00438,Swati Kumar,27,Female,2024,DevOps,88.1,90.2,96.7,77.9,7.3,7.3,2,174,2,1,0,Internship,1.61,Tier 2
STU00439,Ruchi Pillai,21,Female,2024,Data Science,68.1,51.9,62.9,54.2,7.1,6.8,2,141,0,1,1,Job,7.06,Tier 2
STU00440,Vidya Gupta,23,Male,2023,Data Science,60.6,37.8,32.2,31.9,3.0,4.4,1,47,0,0,1,No Job,0.0,Not Placed
STU00441,Akshay Patel,27,Female,2024,Data Science,72.1,62.9,58.5,42.7,4.4,4.4,0,58,1,0,0,Job,7.0,Tier 2
STU00442,Akash Dixit,24,Female,2023,Cybersecurity,44.2,20.0,20.0,25.8,2.3,3.1,0,2,1,0,1,No Job,0.0,Not Placed
STU00443,Nandini Gupta,20,Male,2023,QA,43.9,20.0,20.0,15.0,2.6,1.8,1,44,0,0,1,No Job,0.0,Not Placed
STU00444,Renu Gupta,19,Female,2024,DevOps,72.7,68.1,64.9,66.3,5.0,5.8,0,135,2,0,0,No Job,0.0,Not Placed
STU00445,Sandeep Kumar,27,Male,2022,Data Science,44.8,27.7,20.2,18.2,3.3,5.0,0,33,2,0,0,No Job,0.0,Not Placed
STU00446,Rahul Roy,19,Male,2023,DevOps,62.9,73.4,71.0,63.6,6.0,7.2,3,151,1,0,0,Internship,0.94,Tier 2
STU00447,Amar Arora,23,Male,2024,Figma Designer,72.7,74.2,64.4,72.4,7.8,6.1,1,120,0,0,0,Job,5.49,Tier 3
STU00448,Rohit Varma,19,Female,2023,Cybersecurity,40.0,32.3,24.3,43.9,3.7,5.8,2,34,1,0,1,No Job,0.0,Not Placed
STU00449,Krishna Dubey,23,Male,2022,QA,78.0,83.3,85.4,83.0,8.6,6.7,0,170,0,0,0,Job,7.01,Tier 2
STU00450,Vishal Khanna,23,Male,2023,QA,67.7,59.9,42.4,52.4,5.9,5.5,3,123,4,0,0,No Job,0.0,Not Placed
STU00451,Naman Goyal,25,Female,2023,Figma Designer,56.0,53.2,57.0,44.2,5.2,3.4,4,148,0,1,2,No Job,0.0,Not Placed
STU00452,Suresh Dubey,25,Female,2024,QA,61.6,44.4,37.9,31.7,3.7,4.1,1,77,0,0,2,No Job,0.0,Not Placed
STU00453,Aryan Chopra,19,Female,2022,QA,57.6,42.2,35.8,45.6,4.3,4.3,0,14,0,0,1,No Job,0.0,Not Placed
STU00454,Akash Srivastava,27,Male,2024,MERN,53.0,30.1,20.0,23.6,2.9,2.4,0,0,1,1,1,No Job,0.0,Not Placed
STU00455,Akash Malhotra,19,Male,2022,Data Science,68.5,47.3,45.4,34.8,3.6,5.4,0,62,4,0,0,Job,5.53,Tier 2
STU00456,Prateek Rastogi,23,Male,2022,DevOps,79.9,79.6,76.6,57.9,6.9,4.8,0,160,1,1,1,Job,7.27,Tier 2
STU00457,Prateek Mishra,25,Female,2022,Data Science,50.1,39.0,38.1,47.5,3.7,2.6,4,95,1,0,0,No Job,0.0,Not Placed
STU00458,Sonam Rastogi,26,Male,2024,Figma Designer,44.6,36.9,38.9,27.6,4.4,4.4,2,70,4,1,0,No Job,0.0,Not Placed
STU00459,Meena Jain,20,Female,2022,MERN,42.1,28.0,20.5,29.7,4.9,1.9,0,18,0,0,0,No Job,0.0,Not Placed
STU00460,Ayush Bhatt,19,Male,2024,QA,62.0,37.1,20.0,25.5,3.0,4.5,2,69,0,0,3,No Job,0.0,Not Placed
STU00461,Sakshi Nair,22,Female,2023,MERN,63.7,64.8,57.9,57.0,4.3,5.9,2,114,1,0,0,Job,7.13,Tier 2
STU00462,Komal Kaur,22,Female,2024,MERN,50.4,41.1,29.8,35.8,3.5,4.6,1,78,2,0,2,No Job,0.0,Not Placed
STU00463,Ayush Chauhan,24,Female,2024,Figma Designer,69.7,56.7,29.8,57.1,3.9,5.1,0,78,1,0,2,No Job,0.0,Not Placed
STU00464,Aarav Bhatt,19,Male,2024,MERN,55.0,41.3,33.1,48.6,4.8,5.1,0,59,1,0,0,Internship,1.51,Tier 2
STU00465,Varun Dutta,19,Female,2024,MERN,81.3,63.7,60.6,69.3,5.2,6.1,1,118,4,0,1,No Job,0.0,Not Placed
STU00466,Shreya Roy,21,Male,2023,Data Science,55.1,34.2,27.5,29.4,3.9,5.4,0,69,3,0,0,Internship,1.86,Tier 3
STU00467,Maya Garg,23,Male,2024,Cybersecurity,60.8,44.0,44.7,45.1,6.0,5.7,0,57,4,0,3,No Job,0.0,Not Placed
STU00468,Shreya Yadav,24,Male,2022,MERN,51.2,39.1,20.2,37.5,5.3,4.5,0,73,0,0,1,No Job,0.0,Not Placed
STU00469,Farhan Desai,23,Female,2022,DevOps,51.9,38.4,24.0,30.1,4.6,4.8,0,75,1,1,2,No Job,0.0,Not Placed
STU00470,Divya Kaur,23,Male,2023,Cybersecurity,59.0,49.1,24.5,25.7,3.1,4.9,0,76,2,0,0,Job,6.04,Tier 2
STU00471,Vishal Pillai,27,Female,2023,Cybersecurity,65.8,46.2,48.7,48.1,5.6,4.9,0,69,2,0,0,Job,6.76,Tier 2
STU00472,Vikram Gupta,20,Male,2023,QA,84.3,85.9,77.6,73.1,6.5,7.1,2,186,1,1,0,Job,6.32,Tier 2
STU00473,Divya Sharma,19,Male,2023,DevOps,67.9,42.5,38.7,37.0,3.4,4.4,1,92,2,0,1,No Job,0.0,Not Placed
STU00474,Aarav Chopra,24,Male,2023,MERN,73.0,65.6,81.2,54.0,8.2,5.2,2,149,0,1,0,Job,6.45,Tier 2
STU00475,Yogesh Shah,27,Female,2023,QA,76.7,65.1,68.9,60.5,6.1,6.0,4,151,0,0,0,Job,6.03,Tier 2
STU00476,Mihir Ghosh,25,Male,2022,MERN,68.8,50.0,42.6,61.1,5.4,6.1,0,133,1,0,0,Internship,2.36,Tier 3
STU00477,Manish Kaur,26,Female,2024,DevOps,75.9,67.1,57.0,72.2,5.9,6.8,4,165,2,1,0,Job,7.46,Tier 2
STU00478,Anushka Mehta,23,Male,2024,MERN,63.7,62.0,68.6,66.9,5.8,4.5,0,106,3,0,0,Job,7.36,Tier 2
STU00479,Gaurav Khanna,22,Female,2024,QA,51.7,36.8,26.7,25.6,2.5,3.1,0,50,1,0,1,No Job,0.0,Not Placed
STU00480,Rohan Kumar,24,Male,2023,DevOps,51.5,43.1,42.3,55.5,4.8,4.8,2,90,2,1,0,Job,5.82,Tier 2
STU00481,Abhinav Yadav,21,Male,2023,MERN,68.2,57.6,55.0,63.7,6.1,4.1,1,69,2,0,2,No Job,0.0,Not Placed
STU00482,Divya Garg,19,Female,2024,Cybersecurity,74.8,82.8,79.7,90.1,7.0,6.3,0,160,4,0,1,No Job,0.0,Not Placed
STU00483,Nikita Chawla,22,Female,2024,Cybersecurity,54.7,38.6,35.7,35.0,3.1,3.1,2,61,3,0,0,No Job,0.0,Not Placed
STU00484,Aditya Khanna,27,Male,2024,Data Science,65.9,70.3,49.4,58.3,6.4,5.3,0,78,2,0,0,No Job,0.0,Not Placed
STU00485,Vineeta Varma,22,Female,2023,DevOps,51.9,37.3,25.0,32.5,3.2,3.5,4,77,1,0,1,No Job,0.0,Not Placed
STU00486,Vishal Yadav,19,Male,2023,Cybersecurity,70.0,70.3,68.0,74.2,6.5,7.5,5,225,1,1,0,Job,8.53,Tier 1
STU00487,Ashu Singh,22,Female,2024,Figma Designer,80.3,71.2,71.0,61.2,5.5,6.7,0,91,1,1,0,Internship,1.98,Tier 3
STU00488,Tarun Ghosh,25,Male,2022,Cybersecurity,57.3,31.7,20.0,27.8,5.0,5.0,2,57,0,0,2,No Job,0.0,Not Placed
STU00489,Pooja Malhotra,21,Male,2023,MERN,75.4,75.9,75.8,85.2,8.0,5.0,5,194,1,1,0,Job,7.17,Tier 2
STU00490,Uday Nair,24,Male,2024,MERN,66.5,68.7,64.9,64.1,6.1,5.3,4,217,2,1,0,Job,7.66,Tier 2
STU00491,Renu Sinha,19,Female,2024,QA,71.1,71.2,73.9,71.3,5.7,6.8,1,142,1,1,0,Job,6.03,Tier 2
STU00492,Neha Gupta,22,Other,2023,QA,84.0,78.6,76.0,79.7,7.5,7.0,1,187,4,0,0,Job,6.54,Tier 2
STU00493,Vaibhav Kaur,21,Male,2023,MERN,74.7,75.9,64.9,79.4,6.7,6.0,0,149,0,1,1,Job,7.36,Tier 2
STU00494,Shreya Verma,19,Female,2024,Data Science,59.3,50.7,47.0,51.2,4.2,5.7,3,113,1,0,2,No Job,0.0,Not Placed
STU00495,Dev Gupta,21,Male,2023,Cybersecurity,78.0,68.8,89.0,79.2,6.7,6.7,0,156,2,1,0,Internship,2.35,Tier 3
STU00496,Ankit Joshi,22,Female,2024,MERN,50.9,31.0,27.5,38.0,4.5,6.4,1,73,0,0,0,No Job,0.0,Not Placed
STU00497,Dev Batra,23,Male,2024,MERN,58.1,37.0,42.7,40.1,4.3,4.5,0,74,1,0,0,Internship,1.0,Tier 3
STU00498,Anish Bansal,24,Female,2024,Data Science,68.4,46.0,30.1,50.4,4.8,4.2,0,59,0,0,0,No Job,0.0,Not Placed
STU00499,Varun Yadav,20,Male,2024,MERN,61.8,53.9,48.6,39.0,5.6,6.9,0,99,0,0,1,No Job,0.0,Not Placed
STU00500,Ashu Sharma,20,Male,2023,DevOps,58.4,38.9,41.5,42.0,4.6,4.3,0,17,3,0,0,No Job,0.0,Not Placed
STU00501,Vishal Kaur,24,Female,2023,Cybersecurity,51.6,37.4,29.8,19.0,3.1,4.6,1,25,1,1,1,No Job,0.0,Not Placed
STU00502,Jatin Chopra,23,Female,2023,MERN,54.3,33.0,25.4,31.7,4.0,3.4,3,104,2,0,0,No Job,0.0,Not Placed
STU00503,Kavya Verma,19,Female,2022,MERN,68.5,47.5,48.5,52.0,3.9,5.2,1,93,0,0,0,No Job,0.0,Not Placed
STU00504,Saloni Trivedi,21,Female,2022,MERN,70.5,48.5,41.4,49.7,4.5,5.2,1,74,0,0,0,No Job,0.0,Not Placed
STU00505,Khushi Shukla,23,Female,2022,DevOps,56.3,36.9,34.2,37.7,5.8,5.0,1,65,0,0,1,No Job,0.0,Not Placed
STU00506,Amar Mehta,20,Male,2024,Data Science,57.3,36.1,34.2,34.7,2.3,3.7,1,14,1,0,3,No Job,0.0,Not Placed
STU00507,Pooja Roy,19,Male,2022,DevOps,57.5,51.3,56.3,68.2,6.1,4.1,0,59,1,0,1,Job,6.71,Tier 2
STU00508,Nikita Yadav,27,Female,2022,Cybersecurity,68.7,71.9,96.9,61.7,9.6,7.6,3,202,2,1,0,Job,9.42,Tier 1
STU00509,Rajan Shukla,23,Female,2022,Data Science,55.5,43.1,36.5,38.8,6.1,4.8,1,61,2,0,0,No Job,0.0,Not Placed
STU00510,Isha Kaur,20,Other,2023,Data Science,66.8,67.8,70.9,75.4,6.6,5.5,2,152,1,0,0,No Job,0.0,Not Placed
STU00511,Ayush Chauhan,22,Female,2022,Data Science,62.4,48.5,53.9,48.3,6.7,5.3,4,129,1,1,1,Internship,1.92,Tier 3
STU00512,Rajan Batra,21,Female,2023,DevOps,77.1,73.6,63.3,63.2,6.1,6.0,0,87,2,0,0,No Job,0.0,Not Placed
STU00513,Sourabh Dubey,25,Female,2022,QA,70.8,62.0,56.5,67.9,5.7,6.4,1,158,1,0,0,Job,6.37,Tier 2
STU00514,Pankaj Pillai,19,Male,2024,Data Science,69.6,54.4,58.0,43.2,5.0,5.6,1,113,2,0,0,Job,6.72,Tier 2
STU00515,Suresh Kumar,22,Male,2024,Figma Designer,59.5,47.9,31.2,45.2,4.6,5.5,1,41,0,0,2,No Job,0.0,Not Placed
STU00516,Naman Desai,25,Female,2024,Data Science,41.1,34.1,31.2,29.6,5.4,3.7,3,109,4,0,3,No Job,0.0,Not Placed
STU00517,Aditya Rao,23,Female,2023,QA,79.7,73.8,74.5,69.1,7.3,7.3,4,160,1,1,0,No Job,0.0,Not Placed
STU00518,Kavya Shukla,22,Female,2023,DevOps,77.3,69.7,64.2,57.7,5.7,5.5,0,79,1,1,0,Job,7.86,Tier 2
STU00519,Kabir Kumar,22,Male,2023,Cybersecurity,81.2,65.6,75.9,69.5,5.6,4.8,0,95,1,1,0,Internship,0.9,Tier 3
STU00520,Suresh Chauhan,20,Female,2023,DevOps,70.2,76.0,68.5,63.5,4.1,7.0,0,92,0,0,2,Job,6.54,Tier 2
STU00521,Pranav Joshi,26,Female,2023,DevOps,75.3,64.7,71.7,68.6,6.2,5.5,1,115,0,1,2,Internship,2.49,Tier 3
STU00522,Sneha Dubey,22,Female,2022,QA,67.2,59.8,57.4,53.3,4.3,6.1,1,97,2,0,2,Job,4.4,Tier 3
STU00523,Akash Ghosh,20,Male,2024,QA,48.4,36.9,24.4,29.6,4.0,3.8,1,12,2,0,1,No Job,0.0,Not Placed
STU00524,Amar Pillai,27,Female,2022,DevOps,60.7,58.2,52.1,52.1,5.1,5.7,1,92,0,1,2,No Job,0.0,Not Placed
STU00525,Uma Arora,25,Female,2023,Data Science,77.2,81.1,82.3,77.1,8.0,8.0,1,164,2,1,0,Internship,1.48,Tier 3
STU00526,Ruchi Dubey,21,Female,2023,Data Science,71.4,68.5,63.6,53.9,7.7,3.6,1,129,0,1,0,Internship,1.61,Tier 2
STU00527,Anand Mehta,25,Female,2023,QA,51.0,38.4,31.5,26.6,3.4,4.7,0,39,0,0,1,No Job,0.0,Not Placed
STU00528,Mehak Yadav,19,Female,2024,DevOps,72.2,63.8,66.8,75.0,6.0,6.5,1,154,2,0,0,Job,7.01,Tier 2
STU00529,Kunal Bhatt,19,Male,2023,DevOps,92.4,100.0,100.0,90.6,7.9,6.6,0,164,1,0,0,No Job,0.0,Not Placed
STU00530,Rajan Mehta,22,Male,2023,Cybersecurity,59.1,41.5,34.5,27.2,4.1,4.7,1,67,3,0,1,No Job,0.0,Not Placed
STU00531,Priya Jain,22,Female,2023,QA,60.6,66.9,47.3,58.3,5.5,6.3,2,160,1,1,0,Job,5.19,Tier 3
STU00532,Sandeep Reddy,22,Male,2022,Cybersecurity,82.2,71.1,59.0,69.0,5.3,4.7,0,120,2,1,0,Job,6.72,Tier 2
STU00533,Avni Dutta,27,Female,2023,QA,64.5,54.9,50.1,42.5,6.5,5.2,0,113,2,1,0,No Job,0.0,Not Placed
STU00534,Manish Agarwal,24,Male,2024,QA,70.1,60.5,65.4,66.3,5.8,7.0,3,209,1,0,1,Job,6.2,Tier 2
STU00535,Shreya Garg,21,Male,2024,MERN,61.9,49.9,41.2,45.6,3.4,3.5,2,70,1,0,0,No Job,0.0,Not Placed
STU00536,Pooja Singh,24,Female,2024,MERN,69.6,60.7,65.3,48.2,4.7,6.1,4,123,4,0,1,Internship,0.95,Tier 2
STU00537,Kajal Dubey,20,Male,2022,QA,75.5,73.9,66.4,66.0,5.6,6.6,1,150,0,1,0,Job,7.0,Tier 2
STU00538,Tushar Gandhi,20,Female,2022,MERN,58.4,54.1,50.7,47.6,4.3,5.2,0,72,1,0,0,No Job,0.0,Not Placed
STU00539,Vikram Bansal,25,Female,2023,Figma Designer,78.1,75.2,57.4,57.9,6.8,4.9,0,89,0,1,0,Internship,1.5,Tier 3
STU00540,Isha Chauhan,21,Male,2024,Data Science,67.1,59.6,46.7,43.8,5.3,4.8,0,71,1,1,0,No Job,0.0,Not Placed
STU00541,Meena Dixit,25,Female,2024,Data Science,61.4,30.9,20.0,31.2,4.2,3.8,1,35,1,0,0,No Job,0.0,Not Placed
STU00542,Akshay Khanna,21,Male,2024,Figma Designer,62.2,38.8,23.9,33.6,3.4,3.7,0,32,2,0,0,No Job,0.0,Not Placed
STU00543,Anish Verma,20,Male,2023,Cybersecurity,57.0,48.9,39.5,58.3,6.4,6.4,3,160,2,0,0,Job,6.24,Tier 2
STU00544,Abhinav Gandhi,22,Male,2022,MERN,49.1,26.1,21.5,18.0,2.5,3.3,1,39,0,0,3,No Job,0.0,Not Placed
STU00545,Kavya Arora,22,Male,2022,QA,58.1,44.0,44.7,57.3,3.5,5.5,1,115,0,0,0,No Job,0.0,Not Placed
STU00546,Sandeep Agarwal,21,Female,2022,Cybersecurity,64.0,57.8,39.9,43.1,4.9,3.2,0,0,2,0,0,No Job,0.0,Not Placed
STU00547,Parth Shukla,27,Female,2023,DevOps,44.2,28.1,20.0,16.7,1.8,2.2,0,10,0,0,2,No Job,0.0,Not Placed
STU00548,Ravi Gupta,24,Male,2022,Data Science,66.7,54.6,53.6,57.7,5.6,5.3,0,82,1,0,0,Internship,2.22,Tier 3
STU00549,Anil Dubey,23,Female,2024,QA,43.4,25.8,20.0,30.2,3.0,3.3,3,67,0,0,1,No Job,0.0,Not Placed
STU00550,Arjun Kumar,24,Female,2023,QA,83.4,94.4,81.4,91.2,8.2,7.5,0,181,3,0,0,Job,6.42,Tier 2
STU00551,Karan Shah,26,Female,2023,Data Science,75.8,80.4,77.9,74.4,7.1,6.0,3,215,2,1,0,Job,8.66,Tier 1
STU00552,Sourabh Rao,23,Male,2022,QA,71.5,56.9,60.6,58.4,4.7,4.0,0,68,1,0,0,Job,5.29,Tier 3
STU00553,Maya Bhatt,22,Female,2022,QA,44.6,24.2,20.0,19.1,4.0,3.3,0,1,0,0,1,No Job,0.0,Not Placed
STU00554,Pankaj Verma,25,Male,2024,DevOps,61.2,62.1,45.8,62.1,5.3,5.4,0,84,2,0,0,Internship,1.27,Tier 3
STU00555,Meena Garg,23,Female,2023,Cybersecurity,85.1,97.1,91.5,94.3,7.0,7.3,0,153,1,1,0,Job,8.28,Tier 1
STU00556,Ritesh Desai,22,Female,2023,MERN,77.3,65.9,76.6,63.4,7.0,8.2,0,118,2,0,0,Internship,2.2,Tier 3
STU00557,Jatin Dutta,23,Male,2024,MERN,74.7,71.2,63.2,66.5,7.4,5.2,1,158,2,1,0,Job,7.74,Tier 2
STU00558,Tarun Shah,22,Male,2023,Cybersecurity,87.2,71.6,74.4,66.1,7.7,6.8,0,177,0,1,0,Job,8.31,Tier 1
STU00559,Aarav Srivastava,26,Male,2023,QA,55.3,35.8,25.7,25.8,3.0,3.9,0,0,0,0,1,No Job,0.0,Not Placed
STU00560,Pooja Kaur,26,Male,2024,Cybersecurity,78.2,83.2,74.8,77.1,6.6,6.4,1,165,1,0,0,Job,7.98,Tier 2
STU00561,Nitin Patel,19,Male,2024,DevOps,72.8,84.3,86.3,86.7,7.4,9.0,1,197,0,1,0,Job,8.33,Tier 1
STU00562,Rajni Dubey,21,Female,2023,Data Science,56.2,48.7,44.2,30.4,4.1,2.2,0,64,0,0,0,No Job,0.0,Not Placed
STU00563,Varun Shukla,22,Male,2023,Data Science,64.4,51.0,42.5,39.2,3.7,4.4,0,142,0,0,3,No Job,0.0,Not Placed
STU00564,Anushka Pillai,20,Male,2023,DevOps,82.2,76.2,86.2,85.1,7.1,6.7,0,135,2,1,0,Job,8.36,Tier 1
STU00565,Jyoti Kapoor,23,Male,2024,Data Science,78.9,68.1,59.3,65.3,7.7,7.1,4,180,3,0,0,Job,8.2,Tier 1
STU00566,Kajal Bhatt,26,Male,2023,DevOps,59.9,51.2,29.3,39.4,5.4,5.0,1,120,3,0,2,No Job,0.0,Not Placed
STU00567,Saloni Garg,20,Male,2024,MERN,54.3,32.5,35.7,31.3,4.5,2.3,3,29,3,1,0,No Job,0.0,Not Placed
STU00568,Divya Batra,27,Female,2024,QA,68.2,53.8,44.8,51.5,4.5,4.9,0,36,2,0,1,No Job,0.0,Not Placed
STU00569,Shivam Yadav,25,Male,2024,MERN,52.1,20.4,22.6,15.1,2.4,2.9,0,40,3,0,1,No Job,0.0,Not Placed
STU00570,Komal Malhotra,24,Female,2022,Cybersecurity,60.5,39.0,32.3,38.8,2.6,4.7,2,82,0,0,0,No Job,0.0,Not Placed
STU00571,Ashu Srivastava,26,Male,2022,DevOps,61.9,46.4,44.7,21.5,5.1,4.7,1,35,1,1,0,No Job,0.0,Not Placed
STU00572,Rajni Sinha,20,Female,2022,Data Science,75.7,74.8,74.4,65.7,7.1,5.8,1,160,2,1,0,Job,8.54,Tier 1
STU00573,Vanshika Garg,23,Male,2024,Data Science,78.8,86.9,97.8,74.4,6.2,8.2,0,127,4,0,0,No Job,0.0,Not Placed
STU00574,Ishaan Singh,22,Female,2023,MERN,76.7,71.7,70.3,58.0,5.7,6.1,0,77,1,1,2,No Job,0.0,Not Placed
STU00575,Swati Khanna,26,Female,2022,Figma Designer,49.3,38.2,30.5,42.5,5.2,4.1,3,108,1,0,1,No Job,0.0,Not Placed
STU00576,Parth Ghosh,19,Female,2022,Data Science,54.9,59.1,59.3,45.8,5.8,4.3,0,101,1,0,0,Internship,2.34,Tier 2
STU00577,Swati Malhotra,21,Female,2023,Cybersecurity,63.5,56.0,49.2,59.0,5.6,2.1,1,44,1,1,2,No Job,0.0,Not Placed
STU00578,Ashish Reddy,26,Female,2022,Figma Designer,70.5,51.3,45.8,56.1,5.8,5.5,1,66,1,0,0,Job,4.43,Tier 3
STU00579,Vishal Arora,23,Female,2022,QA,72.4,75.7,73.1,64.7,6.5,5.2,0,46,3,0,1,Job,5.69,Tier 2
STU00580,Rohan Srivastava,22,Female,2023,MERN,62.4,38.6,39.5,46.9,2.6,4.9,2,88,2,0,1,No Job,0.0,Not Placed
STU00581,Vanshika Sinha,24,Female,2022,Figma Designer,58.8,43.2,33.3,25.5,3.4,6.9,3,71,1,0,1,No Job,0.0,Not Placed
STU00582,Mehak Chauhan,23,Female,2022,Data Science,83.3,85.7,84.3,79.7,8.7,7.0,0,127,1,1,0,No Job,0.0,Not Placed
STU00583,Amar Bansal,21,Male,2024,DevOps,79.1,74.6,76.5,60.8,5.8,6.4,0,148,3,1,0,Job,6.8,Tier 2
STU00584,Amit Chopra,23,Male,2024,Figma Designer,60.6,55.1,55.8,61.4,5.6,6.4,1,95,4,1,0,Job,3.93,Tier 3
STU00585,Komal Ghosh,22,Female,2023,Cybersecurity,64.2,39.2,28.8,32.3,5.1,5.3,1,18,0,0,1,No Job,0.0,Not Placed
STU00586,Vishal Patel,19,Male,2022,MERN,75.6,54.8,75.8,46.7,6.8,6.2,0,111,1,1,0,Job,7.24,Tier 2
STU00587,Isha Pillai,19,Female,2024,MERN,68.9,55.4,47.7,40.6,3.9,5.2,1,94,2,0,0,Internship,1.11,Tier 3
STU00588,Vaibhav Mishra,25,Male,2023,MERN,46.3,21.1,20.0,17.3,1.3,2.5,4,22,4,1,1,No Job,0.0,Not Placed
STU00589,Kabir Patel,22,Male,2022,DevOps,53.6,53.2,38.6,48.0,5.8,5.2,1,43,1,0,0,No Job,0.0,Not Placed
STU00590,Karan Reddy,19,Female,2022,MERN,65.5,59.1,51.5,47.3,6.2,6.2,3,168,2,1,1,Internship,1.27,Tier 3
STU00591,Uday Mishra,24,Female,2022,Figma Designer,59.7,47.1,51.2,34.1,5.1,5.0,3,75,3,0,0,No Job,0.0,Not Placed
STU00592,Naman Reddy,19,Male,2023,Figma Designer,77.0,62.8,57.6,56.8,6.1,4.6,1,90,1,1,0,Internship,2.39,Tier 3
STU00593,Priya Kaur,26,Male,2024,QA,63.9,55.1,42.5,68.3,5.2,5.8,2,106,3,1,2,Job,5.21,Tier 3
STU00594,Pranav Dixit,27,Male,2024,DevOps,46.5,31.8,26.2,29.2,2.9,4.8,0,32,0,0,1,No Job,0.0,Not Placed
STU00595,Akshay Dixit,21,Female,2023,Cybersecurity,74.4,60.8,64.5,62.7,6.2,5.0,0,121,2,1,1,Internship,0.85,Tier 3
STU00596,Swati Singh,25,Male,2023,Figma Designer,83.3,75.3,62.3,48.1,5.4,6.2,0,118,4,1,0,Internship,1.08,Tier 2
STU00597,Ankit Rao,23,Female,2023,QA,59.6,54.9,43.8,70.5,4.4,5.8,0,78,2,0,0,No Job,0.0,Not Placed
STU00598,Manish Sharma,21,Female,2023,MERN,73.7,49.9,49.8,42.9,4.7,5.5,2,161,1,1,0,Job,6.08,Tier 2
STU00599,Vinay Kumar,23,Female,2022,Data Science,69.6,57.5,43.0,53.5,5.7,6.8,3,116,0,0,3,No Job,0.0,Not Placed
STU00600,Mihir Ghosh,25,Male,2023,Data Science,77.6,84.9,82.3,64.5,6.2,6.1,5,175,0,0,2,Job,8.95,Tier 1
STU00601,Geeta Chopra,25,Male,2024,DevOps,60.9,64.3,65.5,61.8,4.7,4.6,1,122,2,1,0,Internship,2.39,Tier 2
STU00602,Akshay Patel,27,Male,2023,Cybersecurity,64.2,49.9,58.9,47.6,4.3,4.5,0,82,4,0,1,No Job,0.0,Not Placed
STU00603,Manish Batra,26,Male,2024,QA,65.0,68.6,56.3,62.8,5.4,5.2,0,96,3,0,0,No Job,0.0,Not Placed
STU00604,Riya Yadav,22,Male,2023,MERN,76.7,61.9,70.7,56.9,6.4,5.0,5,163,2,0,0,Internship,1.36,Tier 3
STU00605,Abhinav Mishra,23,Female,2023,Data Science,63.8,53.5,52.3,53.7,4.8,5.8,3,128,0,0,1,Job,6.14,Tier 2
STU00606,Suresh Sharma,23,Male,2022,MERN,54.5,32.7,20.1,37.9,3.4,2.1,1,76,2,0,3,No Job,0.0,Not Placed
STU00607,Kabir Mehta,20,Male,2023,MERN,69.0,50.7,47.0,42.0,5.3,4.7,0,121,3,1,0,No Job,0.0,Not Placed
STU00608,Krishna Mishra,25,Male,2024,Data Science,67.1,58.3,53.9,71.1,5.4,6.6,1,171,1,0,0,No Job,0.0,Not Placed
STU00609,Rahul Joshi,25,Female,2023,Cybersecurity,68.3,67.3,43.7,53.8,4.5,5.3,3,154,4,1,0,Job,6.93,Tier 2
STU00610,Anjali Dixit,27,Male,2022,DevOps,66.0,57.1,54.2,50.2,4.0,3.6,1,111,0,0,0,No Job,0.0,Not Placed
STU00611,Vanshika Singh,27,Male,2022,Cybersecurity,62.6,55.8,49.3,43.8,4.3,4.6,5,161,1,0,0,Job,5.71,Tier 2
STU00612,Amar Chopra,22,Male,2023,MERN,73.3,68.9,72.3,67.9,6.1,7.4,0,110,0,0,0,Job,6.48,Tier 2
STU00613,Deepak Mehta,23,Female,2023,MERN,52.3,40.5,23.7,26.4,2.6,3.3,5,133,4,0,3,No Job,0.0,Not Placed
STU00614,Lalit Varma,25,Female,2023,DevOps,49.8,45.9,26.6,54.9,4.3,4.7,1,53,2,1,0,No Job,0.0,Not Placed
STU00615,Ankita Mehta,25,Male,2024,QA,53.1,51.1,52.8,46.8,5.1,5.2,1,92,1,0,0,No Job,0.0,Not Placed
STU00616,Ankit Srivastava,26,Male,2024,Data Science,77.1,60.6,72.2,76.3,5.7,7.7,1,150,4,0,0,Job,7.83,Tier 2
STU00617,Pankaj Iyer,26,Male,2023,QA,89.3,91.7,93.1,75.8,8.5,6.7,0,155,0,1,0,Internship,0.93,Tier 3
STU00618,Shivam Reddy,20,Female,2022,MERN,84.7,81.0,78.3,80.7,6.5,5.6,2,117,0,1,2,No Job,0.0,Not Placed
STU00619,Vishal Srivastava,27,Male,2022,QA,60.3,48.6,40.4,50.4,4.1,5.3,0,87,1,0,0,No Job,0.0,Not Placed
STU00620,Nitin Varma,22,Female,2023,QA,52.3,20.0,20.0,19.5,2.4,4.0,1,12,0,0,2,No Job,0.0,Not Placed
STU00621,Riya Verma,19,Male,2024,MERN,91.6,89.2,91.0,81.6,8.1,6.9,1,199,4,0,0,Internship,2.31,Tier 3
STU00622,Tushar Batra,19,Male,2024,Cybersecurity,56.8,54.7,39.5,43.7,3.2,4.5,0,47,1,0,0,No Job,0.0,Not Placed
STU00623,Akshay Shukla,23,Male,2023,Data Science,62.6,54.9,65.8,53.6,6.4,6.0,0,85,0,0,0,Job,7.83,Tier 2
STU00624,Rajni Trivedi,25,Female,2022,Figma Designer,59.4,63.1,64.6,56.0,3.6,4.6,0,63,0,0,0,No Job,0.0,Not Placed
STU00625,Yogesh Nair,23,Female,2024,MERN,62.5,57.4,57.6,52.8,7.4,5.9,2,121,1,0,0,No Job,0.0,Not Placed
STU00626,Harsha Desai,21,Female,2024,DevOps,62.0,40.1,20.0,27.7,3.2,4.1,0,20,2,0,3,No Job,0.0,Not Placed
STU00627,Mehak Patel,25,Male,2023,Cybersecurity,88.6,94.4,79.4,79.8,6.0,7.3,1,246,1,1,0,Internship,1.62,Tier 2
STU00628,Rohan Srivastava,19,Male,2022,QA,54.9,36.8,35.9,38.9,3.3,3.8,0,70,1,0,3,No Job,0.0,Not Placed
STU00629,Khushi Kaur,19,Female,2023,MERN,74.1,53.1,43.2,45.6,4.9,5.4,0,113,2,1,0,Internship,1.82,Tier 3
STU00630,Anjali Khanna,20,Male,2024,Cybersecurity,63.3,41.7,45.7,39.4,4.0,4.0,0,33,0,1,0,No Job,0.0,Not Placed
STU00631,Aarav Shukla,19,Female,2023,MERN,69.8,65.5,68.1,65.6,6.1,5.3,1,141,2,1,2,No Job,0.0,Not Placed
STU00632,Ayush Mehta,27,Male,2024,MERN,64.0,54.8,58.1,51.3,5.0,6.0,0,82,1,0,1,No Job,0.0,Not Placed
STU00633,Vineeta Sharma,22,Male,2022,Cybersecurity,64.3,46.9,50.7,44.1,7.5,3.9,1,67,1,0,0,No Job,0.0,Not Placed
STU00634,Mohit Khanna,25,Male,2022,MERN,76.7,80.0,70.2,78.6,6.4,5.8,3,220,1,0,0,Internship,2.4,Tier 3
STU00635,Neha Agarwal,23,Female,2022,MERN,72.2,54.5,45.2,55.1,3.4,4.1,3,81,0,0,0,No Job,0.0,Not Placed
STU00636,Parth Srivastava,25,Male,2024,QA,78.2,82.2,71.9,71.5,6.5,7.0,4,176,1,1,0,Internship,2.33,Tier 3
STU00637,Arjun Kapoor,25,Female,2023,Data Science,44.4,27.9,26.4,34.9,3.6,5.2,0,30,1,0,2,No Job,0.0,Not Placed
STU00638,Manish Desai,19,Male,2024,Cybersecurity,64.4,50.7,30.0,41.7,4.2,4.7,1,121,0,1,1,No Job,0.0,Not Placed
STU00639,Mira Desai,19,Female,2022,MERN,54.7,30.0,28.0,36.9,4.5,2.5,0,33,1,1,0,No Job,0.0,Not Placed
STU00640,Renu Mehta,21,Male,2024,Data Science,57.3,50.6,53.8,52.8,5.7,5.9,0,53,2,0,0,No Job,0.0,Not Placed
STU00641,Khushi Shah,20,Male,2024,Data Science,55.3,36.0,29.8,31.2,2.8,3.7,0,9,1,0,2,No Job,0.0,Not Placed
STU00642,Parth Malhotra,25,Female,2022,Cybersecurity,49.5,52.9,63.4,56.3,5.4,6.2,0,89,0,0,0,No Job,0.0,Not Placed
STU00643,Shreya Dubey,21,Male,2024,Cybersecurity,73.9,66.8,56.1,63.8,4.1,6.5,4,174,4,1,0,Job,7.75,Tier 2
STU00644,Karan Arora,25,Female,2022,Data Science,65.8,74.8,67.5,74.4,6.0,6.2,3,169,3,0,0,No Job,0.0,Not Placed
STU00645,Amit Iyer,27,Female,2022,Data Science,73.5,65.4,68.8,48.5,5.8,5.0,1,114,4,0,0,Job,7.08,Tier 2
STU00646,Simran Roy,19,Male,2022,Figma Designer,76.7,68.1,58.8,74.8,6.1,5.0,1,124,1,1,0,Job,5.54,Tier 2
STU00647,Simran Gupta,21,Female,2024,Data Science,76.2,63.3,53.6,66.4,5.7,7.5,1,89,0,1,0,Job,7.93,Tier 2
STU00648,Krishna Verma,24,Female,2024,Figma Designer,67.7,47.8,46.1,44.2,4.0,4.5,0,95,1,0,0,Internship,2.2,Tier 3
STU00649,Mehak Kumar,27,Male,2023,MERN,74.9,85.8,81.6,85.7,7.9,6.4,5,215,1,1,0,No Job,0.0,Not Placed
STU00650,Dev Chawla,23,Female,2024,QA,71.7,55.8,74.2,54.7,6.6,6.3,0,84,2,0,0,No Job,0.0,Not Placed
STU00651,Mihir Chauhan,21,Female,2023,MERN,85.5,98.0,99.8,73.3,9.0,7.6,0,186,2,1,0,No Job,0.0,Not Placed
STU00652,Seema Reddy,26,Male,2024,QA,78.0,73.1,80.3,79.1,8.5,4.9,1,174,1,1,0,Job,6.67,Tier 2
STU00653,Maya Patel,23,Male,2022,Cybersecurity,67.8,69.3,55.6,48.8,4.5,4.6,2,116,4,0,0,Internship,1.27,Tier 2
STU00654,Parth Varma,24,Male,2023,MERN,66.4,63.8,64.0,49.6,5.9,5.8,5,156,0,0,1,Job,6.35,Tier 2
STU00655,Bhavna Mehta,20,Female,2023,Data Science,67.1,63.6,63.6,56.1,6.8,5.2,2,149,3,0,0,Internship,1.36,Tier 3
STU00656,Gaurav Kapoor,22,Female,2022,Cybersecurity,82.8,86.8,78.1,79.6,8.9,8.2,0,99,2,0,0,Job,8.51,Tier 1
STU00657,Maya Chawla,19,Female,2023,Cybersecurity,52.9,38.3,22.7,31.3,4.5,2.5,1,36,1,0,1,No Job,0.0,Not Placed
STU00658,Sahil Joshi,22,Male,2023,Data Science,73.0,77.4,72.6,80.5,6.3,5.5,1,143,2,1,0,Internship,2.45,Tier 2
STU00659,Varun Joshi,19,Male,2022,Data Science,67.6,63.4,57.2,50.0,4.0,4.6,0,115,2,0,0,No Job,0.0,Not Placed
STU00660,Sanjay Nair,22,Female,2024,QA,74.8,73.2,86.2,64.2,5.2,6.7,1,148,0,0,0,Internship,2.18,Tier 3
STU00661,Parth Srivastava,20,Male,2022,MERN,56.9,51.6,44.0,52.0,4.7,3.4,2,95,1,0,0,No Job,0.0,Not Placed
STU00662,Maya Chawla,24,Female,2024,Cybersecurity,57.0,42.5,34.4,43.5,4.1,5.8,1,31,1,0,0,No Job,0.0,Not Placed
STU00663,Aarav Rastogi,24,Female,2022,DevOps,70.1,61.8,56.4,59.9,4.8,6.7,3,181,1,1,0,Job,6.77,Tier 2
STU00664,Ankit Pillai,26,Male,2022,QA,81.8,78.6,61.2,69.6,4.4,7.0,2,158,0,1,0,No Job,0.0,Not Placed
STU00665,Sara Jain,27,Male,2022,Figma Designer,53.5,33.7,20.0,34.9,4.3,2.5,2,24,1,0,0,No Job,0.0,Not Placed
STU00666,Pankaj Rastogi,26,Male,2024,Figma Designer,58.0,54.0,49.7,47.5,3.5,5.0,1,47,1,1,0,Job,3.85,Tier 3
STU00667,Harsh Patel,19,Female,2024,Data Science,53.0,41.2,34.7,35.4,4.8,2.1,0,31,2,0,2,No Job,0.0,Not Placed
STU00668,Maya Yadav,21,Female,2022,QA,62.8,76.2,65.7,66.2,4.6,6.9,3,128,1,0,1,Job,4.78,Tier 3
STU00669,Sonam Pillai,24,Female,2022,MERN,79.6,84.0,96.5,76.2,7.0,7.5,2,227,2,1,0,Job,7.91,Tier 2
STU00670,Aryan Srivastava,19,Male,2023,Cybersecurity,64.2,54.3,46.9,49.4,4.0,5.3,0,81,2,0,0,No Job,0.0,Not Placed
STU00671,Asha Iyer,26,Male,2023,DevOps,54.1,62.9,68.7,49.4,6.5,5.6,0,107,3,0,0,No Job,0.0,Not Placed
STU00672,Aarav Garg,24,Female,2024,Data Science,64.9,61.3,53.3,55.3,4.5,5.4,2,94,1,1,1,Job,7.2,Tier 2
STU00673,Manish Arora,19,Male,2022,Figma Designer,74.3,62.7,40.0,54.9,5.3,5.6,1,89,3,1,0,No Job,0.0,Not Placed
STU00674,Sneha Pillai,20,Female,2023,Data Science,61.5,49.2,48.4,49.4,4.0,4.8,0,39,0,0,3,No Job,0.0,Not Placed
STU00675,Karan Batra,24,Male,2024,Cybersecurity,76.7,68.4,56.4,53.4,5.0,6.4,0,88,3,0,1,Job,6.68,Tier 2
STU00676,Aarav Chopra,26,Male,2024,QA,65.0,57.7,50.1,52.0,4.8,3.6,1,54,4,1,2,No Job,0.0,Not Placed
STU00677,Geeta Sinha,23,Male,2023,QA,94.9,76.9,76.0,82.6,7.4,7.1,2,170,1,1,0,Job,6.97,Tier 2
STU00678,Aditya Rastogi,19,Male,2022,Data Science,52.5,42.4,40.8,47.8,5.0,5.9,0,100,4,0,1,Job,6.79,Tier 2
STU00679,Anish Dixit,20,Female,2022,DevOps,75.5,83.7,84.5,66.8,6.7,5.8,2,144,3,1,0,Job,8.15,Tier 1
STU00680,Saloni Roy,22,Male,2023,QA,89.1,97.6,94.8,84.0,8.0,8.4,0,145,0,0,0,Job,7.34,Tier 2
STU00681,Swati Khanna,22,Female,2023,MERN,74.4,74.8,78.1,73.9,4.8,5.0,2,152,2,1,0,Job,7.29,Tier 2
STU00682,Naman Nair,25,Female,2024,DevOps,63.0,46.9,34.2,31.6,3.9,5.9,3,81,3,1,0,Job,5.16,Tier 3
STU00683,Ishaan Chawla,20,Male,2024,MERN,58.7,43.6,31.0,34.5,3.0,3.1,1,62,0,1,0,No Job,0.0,Not Placed
STU00684,Sonam Chopra,25,Male,2023,DevOps,60.6,62.5,56.4,53.1,5.6,5.7,2,150,3,1,1,Job,7.17,Tier 2
STU00685,Prachi Bansal,25,Female,2023,Figma Designer,67.8,51.6,55.0,39.0,5.2,5.5,0,64,0,0,0,No Job,0.0,Not Placed
STU00686,Seema Khanna,25,Male,2023,DevOps,73.8,60.7,58.9,69.6,5.8,5.8,4,147,2,0,0,Job,6.74,Tier 2
STU00687,Nikita Chopra,21,Other,2022,DevOps,86.7,74.1,77.1,71.1,5.0,5.7,1,115,1,1,0,Internship,0.86,Tier 3
STU00688,Mohit Shukla,24,Female,2022,MERN,64.8,53.3,49.3,45.1,7.3,6.3,1,124,1,0,0,Job,5.69,Tier 2
STU00689,Prateek Reddy,24,Male,2023,DevOps,62.1,55.7,49.2,28.9,6.3,3.8,0,98,1,1,1,No Job,0.0,Not Placed
STU00690,Sneha Chopra,22,Female,2022,Data Science,68.6,51.9,56.5,55.6,4.7,7.7,0,86,1,0,1,No Job,0.0,Not Placed
STU00691,Jatin Shah,19,Male,2022,MERN,76.8,89.7,82.7,68.2,5.8,5.8,0,156,1,0,0,Internship,1.45,Tier 3
STU00692,Surbhi Kumar,27,Male,2022,DevOps,63.3,57.2,56.0,48.4,7.6,6.2,1,102,1,0,0,Job,6.97,Tier 2
STU00693,Rohan Rastogi,20,Female,2022,Cybersecurity,73.4,77.2,93.0,82.0,8.6,6.1,0,149,4,1,0,Internship,1.45,Tier 3
STU00694,Lalit Varma,27,Male,2022,DevOps,71.0,64.6,77.8,55.9,6.7,5.4,1,119,3,0,0,Job,7.18,Tier 2
STU00695,Aryan Batra,26,Female,2023,MERN,82.3,74.0,62.0,78.0,4.8,3.2,1,130,0,0,0,Job,7.29,Tier 2
STU00696,Kajal Kapoor,19,Female,2023,MERN,58.5,38.1,43.2,33.7,5.8,5.8,1,92,4,1,1,No Job,0.0,Not Placed
STU00697,Anushka Rao,25,Male,2023,MERN,68.8,52.9,52.4,41.3,4.1,5.6,1,76,1,1,0,Job,5.84,Tier 2
STU00698,Naman Iyer,21,Male,2023,Figma Designer,71.6,57.1,64.0,60.0,5.5,3.8,0,150,2,1,2,Job,6.37,Tier 2
STU00699,Amit Dixit,27,Male,2024,DevOps,67.2,59.3,47.9,50.5,6.2,4.1,1,73,1,1,0,No Job,0.0,Not Placed
STU00700,Amit Reddy,23,Male,2022,Data Science,89.6,73.2,73.5,84.8,6.1,4.7,4,182,1,1,2,Job,9.45,Tier 1
STU00701,Deepak Kapoor,21,Male,2023,Data Science,64.7,48.4,47.2,62.2,5.5,5.1,0,99,0,0,0,No Job,0.0,Not Placed
STU00702,Asha Jain,26,Female,2022,Figma Designer,56.6,53.3,44.2,55.5,5.3,4.3,0,21,2,0,2,Job,3.73,Tier 3
STU00703,Kabir Patel,21,Female,2023,MERN,75.1,61.4,50.8,61.7,4.3,6.5,4,135,1,0,0,Job,5.69,Tier 2
STU00704,Nitin Iyer,25,Female,2024,QA,61.3,47.3,52.7,50.9,5.7,4.8,0,58,0,0,0,No Job,0.0,Not Placed
STU00705,Abhinav Agarwal,25,Male,2024,Data Science,70.6,68.8,65.2,61.5,7.3,7.5,0,115,1,0,2,Job,8.84,Tier 1
STU00706,Manish Bhatt,25,Female,2023,Figma Designer,66.0,49.6,54.1,49.9,4.4,3.6,1,122,1,0,0,No Job,0.0,Not Placed
STU00707,Avni Dubey,19,Male,2023,QA,85.5,81.1,79.2,76.1,8.4,6.8,0,158,2,0,0,Job,7.04,Tier 2
STU00708,Vidya Arora,23,Male,2023,DevOps,49.7,28.0,23.3,27.2,2.6,3.2,2,45,0,0,1,No Job,0.0,Not Placed
STU00709,Prateek Khanna,19,Male,2022,Data Science,60.2,54.1,46.8,39.0,3.3,4.4,0,78,3,0,0,No Job,0.0,Not Placed
STU00710,Ankita Joshi,25,Male,2023,MERN,62.4,51.1,56.5,50.4,3.5,6.1,2,132,2,1,0,No Job,0.0,Not Placed
STU00711,Akshay Shukla,26,Female,2023,MERN,51.5,44.3,46.1,48.1,5.0,5.3,0,57,1,0,0,Job,5.06,Tier 3
STU00712,Karan Pillai,25,Female,2023,DevOps,49.8,32.6,20.0,28.8,2.8,1.7,2,36,0,0,1,No Job,0.0,Not Placed
STU00713,Anil Roy,19,Female,2022,MERN,82.5,84.2,94.6,85.9,6.9,7.1,5,241,2,1,0,Job,7.55,Tier 2
STU00714,Mira Verma,21,Female,2024,Data Science,63.1,71.6,72.9,75.7,7.1,6.2,1,116,0,1,0,Job,7.82,Tier 2
STU00715,Tarun Kaur,21,Female,2022,Cybersecurity,64.2,34.8,20.0,23.3,3.0,5.3,0,26,0,0,0,No Job,0.0,Not Placed
STU00716,Vikas Kumar,25,Male,2022,DevOps,55.4,40.2,41.8,40.1,2.7,5.7,1,70,2,1,0,Job,6.11,Tier 2
STU00717,Sahil Dixit,22,Male,2023,MERN,51.5,40.7,20.0,26.5,2.5,4.2,1,62,0,0,0,No Job,0.0,Not Placed
STU00718,Harsh Khanna,21,Female,2022,Data Science,55.1,47.1,48.6,52.1,6.2,5.3,0,53,2,0,0,No Job,0.0,Not Placed
STU00719,Surbhi Gupta,24,Male,2024,Figma Designer,84.2,93.1,81.7,75.0,7.6,7.2,3,207,1,1,0,Job,6.17,Tier 2
STU00720,Zara Gupta,24,Female,2023,DevOps,59.9,50.4,44.7,44.6,4.6,4.1,1,100,0,0,0,Internship,0.91,Tier 2
STU00721,Anushka Desai,23,Male,2024,QA,58.3,41.1,38.1,49.9,4.3,4.3,2,80,2,0,0,Job,4.88,Tier 3
STU00722,Kavya Arora,24,Male,2023,DevOps,78.2,79.1,76.0,72.7,5.8,5.4,0,159,2,0,0,No Job,0.0,Not Placed
STU00723,Vinay Malhotra,21,Male,2024,Data Science,70.0,71.6,55.1,55.8,3.3,6.6,1,144,1,0,0,Internship,2.28,Tier 2
STU00724,Vaibhav Desai,23,Female,2024,MERN,59.6,45.9,54.0,39.2,3.6,4.9,3,118,1,1,3,Job,6.11,Tier 2
STU00725,Bhavna Varma,27,Male,2023,MERN,64.8,67.6,69.1,58.9,5.9,5.8,1,115,3,1,0,Job,7.03,Tier 2
STU00726,Vineeta Batra,22,Female,2023,QA,49.4,24.8,20.0,24.2,3.5,3.7,1,20,2,0,2,No Job,0.0,Not Placed
STU00727,Divya Patel,20,Male,2024,Cybersecurity,71.2,58.3,64.8,50.8,5.4,6.2,0,103,1,0,0,Internship,0.97,Tier 2
STU00728,Vinay Roy,23,Female,2022,MERN,94.5,78.2,72.6,76.0,5.3,8.3,4,157,1,1,0,Internship,1.82,Tier 2
STU00729,Sara Shukla,21,Male,2023,Figma Designer,40.2,32.8,27.2,25.2,5.1,4.2,1,31,2,0,2,No Job,0.0,Not Placed
STU00730,Ritesh Chauhan,21,Male,2022,MERN,63.2,58.9,37.4,48.9,3.4,4.8,3,117,4,0,0,Internship,1.73,Tier 3
STU00731,Ashu Kapoor,22,Male,2022,Figma Designer,40.0,22.5,20.0,24.3,2.8,4.5,0,32,1,0,2,No Job,0.0,Not Placed
STU00732,Komal Sharma,22,Male,2022,Figma Designer,59.3,51.3,38.3,43.9,4.8,4.8,5,121,0,0,0,No Job,0.0,Not Placed
STU00733,Khushi Singh,23,Male,2023,Data Science,57.1,42.1,26.2,49.6,6.5,3.8,1,43,1,0,0,No Job,0.0,Not Placed
STU00734,Jatin Gupta,25,Female,2023,MERN,86.4,84.6,82.8,83.4,6.3,5.0,0,154,2,1,0,Job,7.34,Tier 2
STU00735,Kajal Malhotra,22,Male,2022,DevOps,64.9,45.5,41.3,38.8,4.6,5.2,1,61,2,1,1,Job,5.92,Tier 2
STU00736,Uma Dutta,25,Male,2024,Cybersecurity,77.2,53.9,56.9,48.2,5.6,5.5,2,138,1,1,0,Job,7.44,Tier 2
STU00737,Sara Trivedi,27,Male,2023,DevOps,81.0,75.8,80.2,85.1,5.7,8.1,3,179,2,0,0,Job,8.49,Tier 1
STU00738,Sanjay Kapoor,21,Male,2024,Figma Designer,50.1,30.9,20.0,29.6,2.8,2.9,0,0,0,0,3,No Job,0.0,Not Placed
STU00739,Farhan Rao,23,Male,2024,Cybersecurity,75.6,47.1,53.8,49.7,4.9,4.5,1,105,1,0,0,Job,7.15,Tier 2
STU00740,Amar Mishra,22,Male,2024,Data Science,56.6,46.3,40.2,40.4,3.5,4.9,1,87,1,0,1,No Job,0.0,Not Placed
STU00741,Kavya Roy,27,Male,2024,Data Science,62.3,44.2,41.2,36.0,3.2,4.3,0,14,0,0,1,No Job,0.0,Not Placed
STU00742,Ankita Yadav,23,Male,2024,Cybersecurity,58.7,42.6,39.9,44.5,5.2,5.2,1,70,2,0,1,No Job,0.0,Not Placed
STU00743,Mira Chawla,20,Female,2024,Data Science,61.1,45.6,45.1,46.1,4.4,5.0,0,49,1,0,0,No Job,0.0,Not Placed
STU00744,Anish Yadav,19,Female,2022,QA,51.9,41.5,26.3,23.6,3.2,4.5,0,33,0,0,0,No Job,0.0,Not Placed
STU00745,Ashish Mehta,25,Male,2023,MERN,64.2,59.3,53.1,57.9,2.7,5.0,1,70,0,0,0,Job,5.28,Tier 3
STU00746,Sanjana Nair,19,Male,2024,MERN,77.7,74.5,63.8,79.1,8.0,5.7,0,89,3,1,0,Job,7.17,Tier 2
STU00747,Pankaj Arora,26,Male,2023,Data Science,73.0,64.0,63.0,57.8,5.8,5.9,1,147,0,0,1,No Job,0.0,Not Placed
STU00748,Mohit Varma,27,Male,2024,Cybersecurity,100.0,100.0,100.0,98.7,9.5,8.1,1,230,3,1,0,Job,10.28,Tier 1
STU00749,Prachi Sharma,25,Male,2024,Data Science,73.3,62.3,59.3,64.9,6.5,7.0,1,62,1,0,1,No Job,0.0,Not Placed
STU00750,Divya Patel,27,Female,2022,QA,63.2,52.9,39.9,82.9,6.2,5.9,5,171,0,0,0,Job,5.13,Tier 3
STU00751,Ayush Dubey,24,Male,2024,DevOps,69.8,75.2,80.4,76.7,7.5,6.3,2,157,4,0,0,Job,7.54,Tier 2
STU00752,Kavya Dubey,25,Other,2022,QA,54.9,34.4,39.3,36.4,4.8,5.1,3,114,1,0,3,No Job,0.0,Not Placed
STU00753,Kabir Sinha,21,Male,2023,DevOps,72.5,71.9,62.2,77.8,5.7,5.7,1,107,1,1,0,No Job,0.0,Not Placed
STU00754,Vanshika Shah,27,Female,2023,Data Science,55.6,48.3,37.5,47.0,4.7,4.8,2,85,1,0,2,No Job,0.0,Not Placed
STU00755,Mohit Roy,21,Female,2022,QA,64.8,66.5,59.5,65.0,5.9,4.7,1,90,1,0,0,Internship,2.08,Tier 3
STU00756,Naman Kumar,24,Male,2023,Data Science,75.7,60.9,65.6,55.9,5.4,4.6,2,174,0,1,0,Job,8.27,Tier 1
STU00757,Bhavna Bhatt,22,Male,2023,DevOps,40.4,20.0,22.7,22.4,3.6,4.4,1,29,0,0,0,No Job,0.0,Not Placed
STU00758,Nandini Reddy,27,Female,2022,Data Science,64.3,51.8,46.5,49.6,3.8,4.6,0,45,1,1,0,No Job,0.0,Not Placed
STU00759,Kabir Joshi,19,Female,2024,QA,58.4,58.0,44.0,42.4,5.5,3.2,4,128,1,1,0,Job,5.3,Tier 3
STU00760,Saloni Shah,27,Male,2023,Figma Designer,55.1,24.7,20.8,35.6,4.0,3.4,2,66,2,0,0,Internship,2.08,Tier 3
STU00761,Vikram Gupta,22,Male,2023,DevOps,58.7,63.0,52.4,50.7,4.9,5.4,1,74,1,0,0,Internship,1.74,Tier 3
STU00762,Pankaj Yadav,23,Male,2022,DevOps,75.7,95.0,73.6,92.4,8.8,9.1,1,190,0,0,0,Job,8.06,Tier 1
STU00763,Vikram Roy,19,Male,2024,QA,60.0,49.1,32.1,34.5,4.7,2.1,2,49,0,0,0,No Job,0.0,Not Placed
STU00764,Ravi Mehta,19,Female,2024,Data Science,85.1,73.1,77.1,77.6,5.8,7.2,1,143,1,0,0,No Job,0.0,Not Placed
STU00765,Pranav Desai,24,Female,2022,Figma Designer,75.9,69.7,64.5,57.6,6.8,5.3,0,88,2,0,0,Internship,1.23,Tier 3
STU00766,Ravi Srivastava,19,Male,2022,Data Science,56.5,37.3,28.0,41.2,3.1,3.9,0,5,1,0,1,No Job,0.0,Not Placed
STU00767,Ashish Agarwal,20,Male,2024,Figma Designer,70.2,63.4,46.2,60.2,4.2,4.2,1,68,0,0,0,Job,4.48,Tier 3
STU00768,Shivam Varma,21,Male,2023,Cybersecurity,73.9,69.1,58.4,63.6,6.2,6.4,1,123,3,0,0,Internship,1.74,Tier 2
STU00769,Vanshika Trivedi,25,Female,2022,QA,72.2,72.1,81.0,70.7,7.6,7.1,1,136,2,1,0,Job,7.38,Tier 2
STU00770,Dev Sinha,20,Female,2023,Cybersecurity,79.2,74.4,73.8,70.1,5.8,5.2,1,116,4,1,0,No Job,0.0,Not Placed
STU00771,Jyoti Bansal,23,Male,2023,DevOps,64.3,42.2,39.3,36.1,5.7,5.4,2,125,1,0,3,No Job,0.0,Not Placed
STU00772,Zara Shukla,27,Male,2024,DevOps,58.2,63.9,51.3,51.6,4.8,6.9,3,123,1,1,0,Job,7.12,Tier 2
STU00773,Vikas Verma,26,Female,2022,Data Science,40.0,20.0,20.0,15.0,3.0,3.5,0,0,4,0,2,No Job,0.0,Not Placed
STU00774,Mehak Pillai,26,Male,2023,Cybersecurity,84.0,73.8,72.0,67.8,5.5,8.3,2,164,2,1,0,Job,7.87,Tier 2
STU00775,Uma Roy,20,Male,2022,Cybersecurity,57.1,44.3,32.3,36.5,4.5,5.5,3,98,1,0,3,No Job,0.0,Not Placed
STU00776,Ankita Jain,19,Male,2024,Figma Designer,48.1,32.9,24.9,32.5,3.5,4.3,0,0,0,0,0,No Job,0.0,Not Placed
STU00777,Uday Verma,27,Male,2024,DevOps,67.5,53.5,50.9,44.7,5.4,4.4,2,108,1,0,0,Job,6.87,Tier 2
STU00778,Nikita Gupta,22,Male,2024,Data Science,51.4,38.0,34.0,33.8,1.7,4.8,3,57,1,1,2,No Job,0.0,Not Placed
STU00779,Renu Dutta,27,Female,2023,MERN,61.2,50.0,39.6,47.3,3.9,4.5,2,114,1,1,0,Job,5.9,Tier 2
STU00780,Pankaj Goyal,25,Female,2023,Cybersecurity,81.3,76.1,62.3,59.9,6.8,7.4,0,120,1,0,0,Job,7.65,Tier 2
STU00781,Seema Jain,24,Male,2024,MERN,48.2,20.7,20.0,20.3,3.5,3.1,0,0,2,0,1,No Job,0.0,Not Placed
STU00782,Anand Rao,27,Male,2022,MERN,64.1,47.0,51.6,43.8,4.4,5.5,0,131,0,0,1,No Job,0.0,Not Placed
STU00783,Ayush Gupta,22,Female,2024,QA,65.9,53.9,42.3,44.2,5.8,4.0,4,129,3,0,1,Job,5.44,Tier 3
STU00784,Sara Shukla,19,Male,2022,DevOps,69.6,69.8,58.8,56.3,5.1,5.5,5,173,2,1,0,Job,6.91,Tier 2
STU00785,Sachin Chauhan,23,Male,2023,DevOps,69.1,60.9,41.7,53.5,5.3,4.2,1,96,2,0,2,No Job,0.0,Not Placed
STU00786,Rajni Malhotra,24,Male,2023,MERN,66.6,73.2,69.5,71.3,6.1,7.7,4,147,0,0,3,Job,7.8,Tier 2
STU00787,Sakshi Malhotra,24,Female,2024,Cybersecurity,78.0,83.3,76.7,77.0,5.3,6.4,0,129,2,0,0,Job,7.88,Tier 2
STU00788,Ankita Ghosh,19,Male,2024,MERN,73.4,72.5,73.3,74.3,7.9,6.2,0,123,2,0,0,Job,7.05,Tier 2
STU00789,Nikita Mehta,25,Male,2023,Cybersecurity,60.1,41.6,38.9,40.5,3.7,3.6,1,73,0,0,3,No Job,0.0,Not Placed
STU00790,Varun Yadav,26,Male,2023,Data Science,78.2,82.7,72.0,83.2,6.7,5.8,5,224,1,0,0,Job,8.95,Tier 1
STU00791,Divya Rastogi,23,Male,2024,QA,63.0,40.3,33.1,29.6,3.3,3.3,1,21,1,0,0,No Job,0.0,Not Placed
STU00792,Anish Goyal,20,Female,2022,DevOps,68.3,61.7,61.8,66.0,5.5,5.2,5,201,1,0,0,No Job,0.0,Not Placed
STU00793,Rajesh Gupta,20,Female,2024,DevOps,83.5,80.5,83.3,72.0,6.6,5.6,1,166,0,1,0,No Job,0.0,Not Placed
STU00794,Deepak Mehta,23,Male,2023,Cybersecurity,90.0,87.0,83.3,89.5,7.1,6.5,1,160,1,0,0,Job,8.73,Tier 1
STU00795,Sanjana Kaur,25,Male,2023,Cybersecurity,77.0,61.5,70.0,65.0,5.8,6.9,4,211,2,1,0,Job,7.65,Tier 2
STU00796,Amit Garg,25,Female,2022,Data Science,59.5,50.8,40.1,43.1,4.6,4.1,0,50,3,0,0,No Job,0.0,Not Placed
STU00797,Ruchi Chawla,22,Male,2023,QA,63.7,69.3,61.8,61.5,6.2,6.7,1,110,1,1,0,Job,5.55,Tier 2
STU00798,Anil Chopra,21,Female,2022,MERN,61.3,42.3,52.1,46.3,5.3,4.7,1,91,1,0,0,No Job,0.0,Not Placed
STU00799,Zara Khanna,27,Male,2022,Figma Designer,96.2,77.6,75.9,85.8,6.1,6.6,0,95,1,1,0,Internship,2.01,Tier 3
STU00800,Sonam Iyer,25,Male,2022,QA,68.8,59.0,52.3,43.1,5.6,6.1,1,120,1,0,0,Job,6.52,Tier 2
STU00801,Suresh Pillai,20,Female,2023,MERN,82.4,79.8,72.0,72.7,5.4,6.0,1,162,0,1,0,No Job,0.0,Not Placed
STU00802,Karishma Shah,19,Male,2023,QA,54.4,64.5,62.6,61.3,6.1,6.4,1,72,1,0,0,No Job,0.0,Not Placed
STU00803,Ashu Trivedi,20,Male,2024,MERN,73.6,64.7,72.4,60.9,5.8,6.3,2,119,3,1,0,Job,8.27,Tier 1
STU00804,Vaibhav Gupta,21,Female,2022,Data Science,57.3,39.1,37.3,41.9,4.1,3.6,0,3,1,0,0,No Job,0.0,Not Placed
STU00805,Anushka Rao,23,Female,2023,Figma Designer,73.0,80.8,75.1,72.8,7.0,5.9,5,194,1,1,0,Job,5.97,Tier 2
STU00806,Deepika Shah,21,Female,2023,Cybersecurity,47.6,21.9,20.0,25.1,2.7,2.8,1,0,0,0,0,No Job,0.0,Not Placed
STU00807,Vikas Yadav,27,Female,2023,DevOps,70.1,73.3,76.0,64.2,6.5,5.6,3,148,1,0,0,Internship,2.12,Tier 2
STU00808,Tanvi Bansal,22,Male,2024,MERN,65.0,58.6,49.1,46.3,6.7,3.4,0,79,0,0,0,Job,6.98,Tier 2
STU00809,Kajal Varma,25,Male,2023,MERN,58.3,62.2,61.7,68.4,5.0,4.4,0,114,1,0,0,Job,4.94,Tier 3
STU00810,Kavya Mehta,22,Male,2024,Figma Designer,40.0,20.0,24.6,17.5,2.4,3.7,3,23,1,0,1,No Job,0.0,Not Placed
STU00811,Naman Khanna,21,Female,2023,Data Science,54.8,45.0,35.5,45.4,6.9,4.6,0,94,1,0,1,Job,7.07,Tier 2
STU00812,Vikas Sinha,19,Male,2023,MERN,75.6,68.2,67.6,66.7,6.1,6.7,0,118,4,0,0,No Job,0.0,Not Placed
STU00813,Arjun Batra,27,Male,2023,DevOps,54.3,51.8,33.3,43.7,3.5,4.6,2,61,2,0,1,No Job,0.0,Not Placed
STU00814,Sonam Kaur,19,Female,2024,DevOps,47.2,26.5,30.5,34.9,4.0,3.6,1,27,0,0,1,No Job,0.0,Not Placed
STU00815,Dev Gandhi,19,Male,2024,DevOps,44.8,27.1,28.0,31.5,4.6,3.5,2,60,1,0,1,No Job,0.0,Not Placed
STU00816,Sakshi Reddy,19,Male,2023,Data Science,71.5,82.4,65.6,68.6,7.3,5.9,1,200,2,0,0,Job,9.4,Tier 1
STU00817,Aryan Yadav,23,Male,2024,Data Science,71.0,67.6,53.7,52.4,5.0,5.9,0,57,3,0,1,Job,6.86,Tier 2
STU00818,Komal Verma,25,Male,2022,MERN,88.6,91.8,86.9,87.6,6.7,5.7,2,199,1,0,0,Internship,1.55,Tier 2
STU00819,Pranav Shah,25,Male,2024,Figma Designer,82.2,66.7,58.9,60.8,5.9,6.3,0,121,3,1,1,Job,4.8,Tier 3
STU00820,Komal Roy,19,Male,2022,Data Science,69.0,50.6,25.7,45.7,3.8,5.6,1,57,1,0,1,No Job,0.0,Not Placed
STU00821,Harsh Gandhi,24,Male,2022,QA,85.5,94.3,92.3,89.4,7.4,5.1,1,138,0,0,0,Internship,1.6,Tier 3
STU00822,Ankit Iyer,27,Male,2022,QA,59.2,39.3,40.0,39.7,4.1,5.1,0,92,4,0,0,No Job,0.0,Not Placed
STU00823,Ishaan Rastogi,24,Male,2024,QA,61.2,46.3,31.7,40.5,5.5,4.3,0,14,1,0,2,No Job,0.0,Not Placed
STU00824,Tarun Sinha,22,Male,2024,Figma Designer,66.0,56.5,52.2,56.0,4.5,6.0,0,100,0,1,0,Internship,0.89,Tier 2
STU00825,Lalit Patel,27,Male,2024,MERN,74.6,62.2,56.5,65.1,7.1,5.2,3,120,2,0,0,Job,7.2,Tier 2
STU00826,Pankaj Patel,21,Male,2024,MERN,73.0,64.1,63.5,58.9,5.0,7.3,1,158,1,0,0,Internship,1.61,Tier 3
STU00827,Pankaj Verma,22,Male,2023,DevOps,63.9,53.8,55.6,47.2,6.5,4.8,2,78,0,0,1,No Job,0.0,Not Placed
STU00828,Neha Goyal,22,Female,2024,MERN,75.3,75.4,81.5,76.4,7.6,6.8,0,149,3,0,0,Job,7.92,Tier 2
STU00829,Nandini Verma,22,Female,2024,Cybersecurity,64.9,42.3,42.0,43.9,3.7,5.0,0,47,0,0,0,No Job,0.0,Not Placed
STU00830,Vishal Dixit,24,Male,2023,Cybersecurity,48.8,44.6,32.3,41.9,3.8,4.3,1,31,1,0,1,No Job,0.0,Not Placed
STU00831,Harsh Malhotra,25,Male,2022,QA,42.2,23.4,20.0,15.0,3.4,3.5,3,11,1,0,0,No Job,0.0,Not Placed
STU00832,Vaibhav Joshi,27,Male,2023,Data Science,61.3,42.1,53.3,44.0,5.4,5.3,0,96,4,0,1,No Job,0.0,Not Placed
STU00833,Akshay Agarwal,21,Female,2024,Figma Designer,68.9,63.2,64.4,67.2,6.0,5.7,5,203,1,0,0,No Job,0.0,Not Placed
STU00834,Sourabh Bansal,26,Female,2024,MERN,76.2,59.9,55.1,52.9,5.0,5.7,3,138,1,0,0,Job,6.28,Tier 2
STU00835,Lakshmi Garg,26,Male,2024,DevOps,69.5,57.5,76.8,69.1,6.4,6.5,3,129,1,0,2,Internship,1.61,Tier 3
STU00836,Harsh Batra,19,Female,2024,DevOps,54.9,48.0,43.7,34.4,4.7,3.4,0,29,1,1,0,No Job,0.0,Not Placed
STU00837,Ashu Shukla,23,Female,2024,QA,74.8,78.2,67.0,65.3,7.8,5.8,1,124,0,1,0,Internship,1.53,Tier 3
STU00838,Dev Agarwal,23,Male,2024,DevOps,67.1,62.5,60.5,50.7,5.1,3.8,3,131,3,1,1,Job,6.61,Tier 2
STU00839,Mira Ghosh,26,Male,2024,Figma Designer,70.7,58.8,63.8,52.2,5.7,4.1,2,99,0,1,0,Job,5.91,Tier 2
STU00840,Ravi Ghosh,26,Male,2022,Figma Designer,48.0,32.6,24.7,36.4,4.9,3.2,1,48,0,0,2,No Job,0.0,Not Placed
STU00841,Maya Kumar,20,Male,2023,QA,47.0,28.7,20.0,24.8,3.0,3.2,3,69,2,0,1,No Job,0.0,Not Placed
STU00842,Priya Dutta,21,Male,2023,Data Science,77.8,76.2,67.4,62.2,4.9,6.6,2,150,2,0,0,Job,7.81,Tier 2
STU00843,Nikita Shukla,20,Female,2024,QA,88.8,94.5,100.0,100.0,6.8,8.1,5,223,2,0,0,Job,8.46,Tier 1
STU00844,Palak Shukla,19,Male,2023,QA,63.8,64.3,65.2,65.5,4.0,6.2,1,113,1,0,0,Job,5.53,Tier 2
STU00845,Krishna Chauhan,20,Male,2022,Data Science,82.2,69.5,62.7,68.3,5.3,5.6,2,187,4,1,2,Internship,0.99,Tier 3
STU00846,Karishma Kumar,24,Female,2022,Data Science,77.7,57.9,72.5,67.8,5.7,7.8,1,166,4,0,1,Job,7.12,Tier 2
STU00847,Anjali Gandhi,19,Male,2023,Data Science,63.7,61.4,43.2,58.1,5.9,5.3,2,107,2,0,0,Job,7.58,Tier 2
STU00848,Tanvi Malhotra,24,Male,2023,Data Science,50.5,34.5,20.0,30.7,4.1,4.9,0,7,1,0,0,No Job,0.0,Not Placed
STU00849,Rajesh Batra,19,Male,2023,DevOps,70.7,66.1,63.2,67.5,4.1,5.6,1,146,0,0,0,Job,7.67,Tier 2
STU00850,Nikita Chopra,20,Male,2022,Figma Designer,74.8,78.9,76.7,76.3,7.5,6.2,4,192,1,1,0,Job,5.65,Tier 2
STU00851,Avni Patel,26,Male,2023,DevOps,75.1,73.1,60.5,68.7,5.4,6.0,0,66,0,0,0,Internship,1.25,Tier 3
STU00852,Parth Yadav,24,Female,2022,DevOps,73.4,56.4,57.4,51.3,5.1,3.9,2,115,2,0,0,Job,6.85,Tier 2
STU00853,Vineeta Dixit,27,Male,2023,Figma Designer,75.4,47.8,53.0,53.4,7.3,4.5,4,139,2,1,0,Job,5.16,Tier 3
STU00854,Vikram Roy,19,Female,2023,MERN,66.6,43.6,48.8,60.2,4.3,6.3,1,84,2,1,0,Job,6.26,Tier 2
STU00855,Neha Mehta,23,Male,2023,QA,77.1,84.6,80.8,76.8,7.1,6.7,2,166,0,1,0,Internship,1.25,Tier 2
STU00856,Khushi Bansal,25,Female,2023,DevOps,52.1,57.0,57.2,54.2,6.3,5.2,2,106,2,0,3,No Job,0.0,Not Placed
STU00857,Amar Bhatt,27,Female,2022,DevOps,82.6,78.6,67.7,62.0,6.1,7.2,1,145,0,0,0,Job,7.81,Tier 2
STU00858,Akshay Khanna,27,Female,2024,MERN,73.3,82.0,62.8,66.6,5.9,5.8,1,161,1,1,0,Job,7.74,Tier 2
STU00859,Maya Desai,22,Male,2023,DevOps,78.2,78.7,75.3,68.4,5.4,8.4,3,175,1,0,0,Job,7.38,Tier 2
STU00860,Tarun Joshi,22,Female,2022,Data Science,72.3,51.4,50.3,50.2,4.8,5.2,1,133,1,1,0,No Job,0.0,Not Placed
STU00861,Yogesh Trivedi,22,Female,2022,QA,56.4,33.4,20.8,24.8,3.5,3.1,0,21,1,0,2,No Job,0.0,Not Placed
STU00862,Jyoti Iyer,21,Female,2023,MERN,62.0,55.0,53.8,67.0,5.0,6.6,3,127,2,0,0,Job,7.31,Tier 2
STU00863,Pankaj Gupta,26,Male,2022,Figma Designer,81.2,74.8,72.5,76.6,6.8,5.6,0,97,1,1,0,No Job,0.0,Not Placed
STU00864,Seema Bansal,23,Male,2022,MERN,47.1,21.7,20.0,18.5,3.6,3.8,1,8,1,0,0,No Job,0.0,Not Placed
STU00865,Ishaan Shah,25,Male,2023,Data Science,69.7,63.4,58.2,57.8,4.1,7.5,0,64,1,1,0,Job,7.22,Tier 2
STU00866,Uma Gandhi,24,Male,2023,Cybersecurity,65.4,46.2,53.2,39.2,6.1,5.0,1,73,2,1,0,Job,6.65,Tier 2
STU00867,Vishal Malhotra,27,Female,2023,Data Science,40.0,20.0,20.0,15.0,4.4,3.0,0,6,1,0,0,No Job,0.0,Not Placed
STU00868,Ravi Batra,21,Female,2024,QA,67.6,70.0,54.8,56.5,5.1,5.8,1,108,2,0,1,Job,5.8,Tier 2
STU00869,Anushka Shukla,24,Male,2022,Figma Designer,80.7,75.0,80.1,73.2,7.6,7.8,1,171,4,0,0,Job,6.85,Tier 2
STU00870,Tanvi Dubey,21,Male,2024,QA,60.7,50.7,48.1,45.9,6.4,5.1,3,95,1,0,0,Job,5.59,Tier 2
STU00871,Varun Bansal,20,Male,2022,Data Science,40.0,22.0,20.0,15.0,3.3,4.7,1,3,0,0,3,No Job,0.0,Not Placed
STU00872,Sneha Patel,21,Male,2023,Cybersecurity,74.9,65.6,57.0,56.4,6.1,5.4,1,184,0,1,0,Job,8.31,Tier 1
STU00873,Anil Bansal,20,Male,2022,Cybersecurity,78.7,76.7,74.2,80.5,4.9,7.1,1,176,0,0,0,Job,8.46,Tier 1
STU00874,Dev Roy,20,Female,2024,QA,46.3,33.7,37.0,32.9,3.8,3.9,1,124,1,0,1,No Job,0.0,Not Placed
STU00875,Riya Trivedi,25,Male,2023,Data Science,66.0,50.1,40.4,62.6,4.7,5.2,3,166,2,0,1,No Job,0.0,Not Placed
STU00876,Anil Ghosh,21,Female,2022,DevOps,61.2,50.7,50.0,41.9,5.9,5.4,0,67,3,0,3,No Job,0.0,Not Placed
STU00877,Kavya Malhotra,26,Male,2023,DevOps,59.1,60.8,66.4,56.4,4.1,5.4,4,153,2,1,1,Job,6.46,Tier 2
STU00878,Akshay Dubey,20,Female,2022,Data Science,58.7,44.5,45.7,47.8,6.4,4.1,0,70,1,0,0,Job,6.51,Tier 2
STU00879,Nikita Roy,25,Male,2024,MERN,81.4,77.4,77.7,67.0,8.2,6.3,1,137,3,0,0,Job,7.44,Tier 2
STU00880,Seema Ghosh,21,Male,2023,DevOps,73.0,63.3,77.3,58.2,5.8,7.5,1,190,0,1,0,Job,7.81,Tier 2
STU00881,Karan Chopra,27,Male,2022,QA,53.5,41.4,44.1,49.6,3.2,4.3,1,101,1,0,0,Job,4.58,Tier 3
STU00882,Akshay Mehta,25,Male,2023,Figma Designer,75.8,77.5,77.3,82.0,7.7,8.5,1,182,0,1,0,Job,6.18,Tier 2
STU00883,Ashu Chauhan,27,Male,2022,Cybersecurity,43.5,32.7,20.0,37.7,2.8,3.8,0,0,3,0,1,No Job,0.0,Not Placed
STU00884,Kajal Gandhi,20,Female,2023,MERN,51.0,35.8,29.1,32.3,3.9,4.6,0,31,0,0,0,No Job,0.0,Not Placed
STU00885,Gaurav Bhatt,24,Male,2023,MERN,65.2,64.4,59.7,65.0,6.7,6.2,5,189,4,1,0,Internship,1.91,Tier 3
STU00886,Rohit Gupta,23,Male,2023,Figma Designer,69.2,60.2,45.0,55.6,4.1,5.5,3,101,2,0,0,Job,5.39,Tier 3
STU00887,Zara Srivastava,20,Female,2024,Figma Designer,61.7,45.5,59.2,50.8,6.1,7.0,3,133,1,1,0,Job,5.1,Tier 3
STU00888,Lakshmi Rastogi,22,Male,2022,Figma Designer,76.0,57.2,50.1,54.9,4.4,5.3,1,79,1,0,0,No Job,0.0,Not Placed
STU00889,Pankaj Patel,22,Male,2024,QA,73.8,56.6,44.8,53.4,3.3,5.2,4,91,1,0,0,Internship,1.06,Tier 3
STU00890,Nikhil Bansal,26,Female,2023,MERN,77.3,76.2,68.4,91.3,7.4,7.5,0,172,2,0,0,Job,7.08,Tier 2
STU00891,Nandini Srivastava,25,Male,2022,QA,84.8,72.7,70.3,67.7,6.5,7.5,0,172,1,0,0,Job,5.36,Tier 3
STU00892,Tanvi Srivastava,23,Female,2023,MERN,68.0,50.3,54.9,51.5,3.0,5.5,0,102,3,0,0,Job,5.34,Tier 3
STU00893,Simran Gandhi,27,Female,2024,MERN,76.0,62.7,56.5,60.7,7.0,5.0,2,134,0,0,3,Job,6.53,Tier 2
STU00894,Vinay Reddy,19,Female,2023,QA,69.9,66.2,65.4,65.9,7.4,4.5,0,98,0,1,0,No Job,0.0,Not Placed
STU00895,Amar Kumar,22,Female,2022,Data Science,51.6,48.6,37.2,31.0,4.9,5.4,1,100,2,1,0,Job,8.16,Tier 1
STU00896,Asha Goyal,23,Male,2022,Data Science,60.2,38.9,38.8,42.5,5.9,5.4,0,90,1,0,0,Internship,2.19,Tier 3
STU00897,Kavya Nair,26,Male,2024,DevOps,47.5,34.5,47.4,36.6,3.5,4.2,2,67,1,0,1,No Job,0.0,Not Placed
STU00898,Swati Tiwari,21,Other,2023,DevOps,64.9,59.2,46.5,49.1,5.3,4.4,3,124,2,0,3,No Job,0.0,Not Placed
STU00899,Ankit Varma,23,Male,2023,Figma Designer,74.2,61.0,57.0,51.9,2.5,5.0,3,125,4,1,1,Job,4.98,Tier 3
STU00900,Lakshmi Malhotra,21,Female,2022,Data Science,67.9,52.7,53.5,40.2,4.6,5.3,0,63,1,0,0,Internship,2.49,Tier 3
STU00901,Mira Trivedi,25,Female,2024,Data Science,58.2,43.3,33.9,49.8,6.6,4.3,0,57,1,0,1,No Job,0.0,Not Placed
STU00902,Tushar Mishra,21,Female,2024,Data Science,71.9,57.9,48.2,55.7,6.5,5.7,2,143,0,0,0,Internship,2.04,Tier 3
STU00903,Karan Chawla,25,Male,2022,Data Science,61.0,57.7,55.2,47.5,4.2,4.8,0,70,1,0,2,No Job,0.0,Not Placed
STU00904,Akshay Varma,20,Male,2022,Data Science,65.8,40.9,50.2,49.6,4.2,3.9,2,62,0,0,0,No Job,0.0,Not Placed
STU00905,Lakshmi Rao,25,Male,2024,Cybersecurity,85.1,78.0,66.1,73.9,4.7,5.5,3,151,1,1,1,Job,7.73,Tier 2
STU00906,Deepak Trivedi,27,Male,2024,DevOps,76.1,55.2,61.8,53.3,5.3,4.2,0,73,4,0,2,Job,6.13,Tier 2
STU00907,Anish Rastogi,23,Female,2023,QA,60.7,54.6,55.2,49.4,3.4,3.2,1,67,2,0,1,No Job,0.0,Not Placed
STU00908,Vikram Pillai,24,Female,2024,Figma Designer,75.9,70.3,61.6,66.3,6.2,5.8,0,78,2,1,0,No Job,0.0,Not Placed
STU00909,Karishma Rao,21,Female,2023,Cybersecurity,48.9,41.0,29.8,43.1,3.0,4.2,4,71,2,0,1,Job,4.55,Tier 3
STU00910,Sakshi Sharma,23,Male,2022,Data Science,52.4,41.0,27.4,42.3,4.3,3.0,0,42,3,0,2,No Job,0.0,Not Placed
STU00911,Abhinav Garg,23,Male,2024,Data Science,71.6,44.5,56.3,38.5,4.1,5.3,1,117,0,1,3,No Job,0.0,Not Placed
STU00912,Rohit Patel,21,Male,2023,Figma Designer,58.0,51.0,52.9,42.1,4.3,5.4,0,99,3,0,0,No Job,0.0,Not Placed
STU00913,Ankita Sinha,26,Male,2024,DevOps,70.3,69.4,65.2,58.7,6.7,5.4,3,165,2,1,0,Job,6.46,Tier 2
STU00914,Pranav Rastogi,24,Male,2022,QA,65.6,54.2,38.2,48.7,3.9,4.5,0,76,2,0,1,No Job,0.0,Not Placed
STU00915,Ankit Mishra,21,Male,2023,QA,53.8,36.5,39.3,37.1,3.9,3.4,1,103,1,0,0,No Job,0.0,Not Placed
STU00916,Yogesh Tiwari,19,Male,2024,Figma Designer,64.4,62.2,57.6,69.6,7.7,6.8,2,185,1,0,0,Internship,0.96,Tier 3
STU00917,Ashish Srivastava,19,Male,2023,Figma Designer,45.2,25.3,20.2,22.1,5.0,2.3,1,49,0,0,2,No Job,0.0,Not Placed
STU00918,Suresh Roy,20,Other,2023,DevOps,71.5,69.8,67.0,61.8,7.0,6.0,0,106,1,0,0,No Job,0.0,Not Placed
STU00919,Nitin Kumar,23,Male,2024,MERN,64.9,56.7,47.8,56.0,5.0,6.3,3,174,3,1,0,Job,5.64,Tier 2
STU00920,Vinay Shah,25,Female,2023,Figma Designer,55.4,43.9,34.5,29.3,6.3,4.4,1,79,0,0,2,No Job,0.0,Not Placed
STU00921,Yash Chauhan,19,Male,2023,DevOps,51.0,34.7,33.4,46.3,4.9,3.7,1,76,2,0,1,No Job,0.0,Not Placed
STU00922,Saloni Pillai,19,Male,2024,Data Science,63.6,51.5,59.9,56.7,4.2,3.8,3,88,0,0,0,No Job,0.0,Not Placed
STU00923,Rajesh Dixit,22,Male,2022,Cybersecurity,68.5,63.6,66.5,71.5,6.5,7.8,2,174,0,0,0,Job,6.95,Tier 2
STU00924,Varun Rastogi,24,Female,2024,DevOps,60.7,51.7,47.6,56.2,4.1,4.0,0,60,0,0,0,Internship,2.41,Tier 3
STU00925,Tanvi Nair,27,Male,2024,Figma Designer,75.6,59.2,70.4,50.2,6.5,7.2,1,117,2,0,0,No Job,0.0,Not Placed
STU00926,Nitin Ghosh,19,Male,2023,Cybersecurity,74.6,63.8,65.0,72.3,5.9,5.7,0,92,3,1,0,Job,7.12,Tier 2
STU00927,Sourabh Shukla,23,Female,2023,MERN,79.1,73.5,53.9,71.5,5.5,6.2,1,125,0,0,0,Job,7.72,Tier 2
STU00928,Sonam Kaur,27,Male,2024,Figma Designer,85.6,70.7,74.9,63.7,6.4,5.9,1,130,1,0,0,No Job,0.0,Not Placed
STU00929,Priya Joshi,26,Male,2022,QA,47.0,38.4,29.0,38.0,3.6,3.6,2,84,2,0,2,No Job,0.0,Not Placed
STU00930,Surbhi Sharma,25,Male,2023,Cybersecurity,75.9,76.3,68.5,72.5,5.7,5.3,3,157,1,1,2,Job,7.04,Tier 2
STU00931,Zara Batra,20,Male,2023,MERN,87.3,95.9,86.4,76.6,8.0,8.5,3,182,2,1,0,No Job,0.0,Not Placed
STU00932,Simran Gupta,27,Female,2022,MERN,82.4,69.3,59.7,73.5,6.3,4.2,3,180,0,0,0,Internship,2.41,Tier 3
STU00933,Ankita Kaur,26,Female,2023,Cybersecurity,58.1,56.5,42.4,43.7,4.4,4.7,5,188,1,0,0,No Job,0.0,Not Placed
STU00934,Ashish Dixit,27,Male,2024,Data Science,56.9,43.6,20.7,43.4,4.0,6.2,2,68,1,0,1,No Job,0.0,Not Placed
STU00935,Prachi Kaur,27,Male,2024,MERN,58.4,58.5,47.8,55.7,4.9,5.7,2,93,1,0,0,Internship,2.26,Tier 2
STU00936,Shreya Iyer,27,Female,2023,Cybersecurity,78.9,69.6,68.1,55.4,7.4,6.4,0,105,1,0,1,Job,7.76,Tier 2
STU00937,Meena Garg,21,Male,2023,DevOps,67.6,54.3,54.6,42.4,6.2,5.8,1,95,0,1,1,Job,6.87,Tier 2
STU00938,Pooja Patel,25,Female,2023,MERN,60.7,44.8,20.0,38.5,2.2,4.0,1,20,2,0,1,Job,5.25,Tier 3
STU00939,Riya Sharma,19,Male,2022,Data Science,70.0,60.7,68.6,61.7,5.0,5.6,2,103,2,1,0,Job,8.09,Tier 1
STU00940,Tarun Dutta,27,Female,2024,DevOps,70.4,67.5,83.2,68.0,5.0,7.2,0,147,1,1,0,No Job,0.0,Not Placed
STU00941,Amit Patel,27,Female,2024,QA,60.6,42.7,46.4,31.6,3.6,3.3,3,44,1,1,3,No Job,0.0,Not Placed
STU00942,Anjali Reddy,21,Female,2024,MERN,72.6,67.3,63.1,72.4,7.3,6.6,0,118,4,0,0,Internship,0.95,Tier 3
STU00943,Amar Ghosh,23,Male,2023,Data Science,70.0,50.3,45.3,60.4,4.4,4.5,1,71,1,0,3,No Job,0.0,Not Placed
STU00944,Ishaan Dubey,26,Female,2023,Cybersecurity,72.9,67.0,54.3,59.0,6.0,5.1,4,190,1,0,0,Job,7.04,Tier 2
STU00945,Nikhil Khanna,24,Male,2022,Figma Designer,70.7,68.9,74.2,53.6,6.6,6.7,1,81,1,0,0,Internship,2.5,Tier 3
STU00946,Divya Roy,27,Female,2023,Cybersecurity,64.2,59.1,51.6,52.4,3.4,5.2,2,100,3,0,1,Job,6.45,Tier 2
STU00947,Lalit Roy,21,Male,2023,Data Science,63.2,44.9,36.3,46.6,4.0,4.2,1,45,1,0,1,No Job,0.0,Not Placed
STU00948,Geeta Batra,25,Female,2024,MERN,65.4,74.2,69.1,66.4,4.2,7.2,1,95,1,1,0,No Job,0.0,Not Placed
STU00949,Sahil Shah,24,Male,2024,QA,66.0,54.6,58.4,66.0,4.5,4.3,2,83,2,1,0,No Job,0.0,Not Placed
STU00950,Ankit Tiwari,23,Male,2024,MERN,78.4,62.8,63.8,63.7,5.8,7.3,3,151,3,1,0,No Job,0.0,Not Placed
STU00951,Karishma Ghosh,22,Female,2024,Cybersecurity,69.7,36.1,32.5,41.6,3.1,5.1,3,125,2,0,0,No Job,0.0,Not Placed
STU00952,Geeta Patel,23,Male,2022,MERN,65.9,52.7,57.8,59.4,5.5,6.6,0,168,0,0,0,Job,6.67,Tier 2
STU00953,Ritesh Rastogi,22,Female,2023,Data Science,66.6,62.6,62.9,56.6,3.4,4.5,3,74,1,0,0,Job,6.51,Tier 2
STU00954,Abhinav Garg,21,Female,2022,QA,51.8,57.5,37.9,42.1,2.7,5.1,0,58,2,0,1,No Job,0.0,Not Placed
STU00955,Sandeep Kaur,25,Female,2022,QA,72.1,72.0,65.0,74.6,6.7,6.5,0,91,1,1,0,Internship,1.98,Tier 3
STU00956,Ritesh Mishra,24,Female,2023,Cybersecurity,70.3,63.8,68.5,62.1,6.9,5.8,5,216,4,0,0,Job,7.84,Tier 2
STU00957,Prateek Gupta,22,Male,2024,MERN,65.2,62.9,56.2,63.1,4.3,5.3,0,90,1,1,0,Job,7.18,Tier 2
STU00958,Vikas Nair,27,Male,2023,Data Science,74.5,54.4,50.7,54.0,4.8,3.7,0,98,3,0,1,No Job,0.0,Not Placed
STU00959,Sonam Kapoor,19,Male,2022,DevOps,69.9,59.7,63.2,70.6,5.3,4.6,1,160,1,0,1,Job,7.19,Tier 2
STU00960,Manish Goyal,19,Male,2022,DevOps,55.7,35.6,43.8,24.5,4.5,5.3,3,79,3,0,0,No Job,0.0,Not Placed
STU00961,Uday Joshi,27,Male,2022,Data Science,60.3,65.9,63.9,72.6,6.8,5.9,1,101,1,0,0,Job,8.05,Tier 1
STU00962,Amar Jain,25,Female,2022,Data Science,74.9,62.1,64.6,56.2,8.4,4.9,3,131,1,0,0,Job,8.01,Tier 1
STU00963,Neha Bhatt,20,Male,2022,Data Science,77.9,46.1,43.0,38.3,4.7,5.6,0,41,1,1,0,Internship,1.61,Tier 3
STU00964,Aditya Agarwal,23,Male,2023,Figma Designer,62.9,53.3,62.2,46.3,7.0,6.6,1,83,0,0,1,No Job,0.0,Not Placed
STU00965,Nikhil Singh,22,Female,2024,QA,52.7,22.7,22.7,21.0,3.0,5.1,4,86,0,0,2,No Job,0.0,Not Placed
STU00966,Arjun Roy,19,Male,2023,Figma Designer,71.2,59.8,58.7,68.3,5.6,6.8,0,106,3,1,0,Job,4.36,Tier 3
STU00967,Palak Shah,27,Male,2023,Data Science,59.1,53.7,47.3,60.6,4.3,3.3,4,119,1,0,0,Internship,2.19,Tier 3
STU00968,Pooja Malhotra,24,Male,2022,Figma Designer,53.0,26.7,20.0,15.0,1.6,3.1,0,0,2,0,1,No Job,0.0,Not Placed
STU00969,Deepika Dutta,24,Female,2024,Data Science,72.2,63.3,44.1,54.5,5.4,3.6,1,104,1,0,0,No Job,0.0,Not Placed
STU00970,Ashu Ghosh,22,Female,2023,DevOps,68.3,53.8,52.2,58.5,5.6,4.0,0,70,1,0,0,No Job,0.0,Not Placed
STU00971,Vikas Goyal,20,Female,2024,QA,67.8,41.0,35.3,48.6,4.1,5.1,1,84,1,0,0,No Job,0.0,Not Placed
STU00972,Farhan Chopra,26,Male,2024,MERN,85.1,69.4,69.0,68.3,6.9,6.5,2,178,1,1,0,Job,6.36,Tier 2
STU00973,Nitin Malhotra,26,Female,2024,DevOps,61.3,57.5,48.0,45.1,5.1,6.0,3,93,2,0,2,No Job,0.0,Not Placed
STU00974,Ashish Patel,21,Female,2022,Data Science,56.2,35.4,33.5,28.4,4.4,4.3,1,34,1,0,0,No Job,0.0,Not Placed
STU00975,Mira Chopra,25,Male,2023,Data Science,74.5,73.0,60.8,61.4,6.2,7.4,4,177,2,1,0,Job,7.76,Tier 2
STU00976,Ruchi Mishra,25,Male,2022,Cybersecurity,66.0,64.0,66.3,70.8,5.0,5.9,1,104,0,0,1,Job,6.36,Tier 2
STU00977,Lalit Chawla,23,Female,2022,Cybersecurity,54.1,27.2,20.0,24.8,3.4,3.4,0,93,2,0,0,No Job,0.0,Not Placed
STU00978,Aditya Patel,23,Male,2022,QA,62.0,39.4,38.5,50.1,6.2,6.1,1,94,1,0,0,No Job,0.0,Not Placed
STU00979,Pooja Verma,26,Female,2024,DevOps,50.6,43.6,44.5,38.5,3.6,4.4,0,42,1,0,3,No Job,0.0,Not Placed
STU00980,Mira Kumar,22,Male,2024,Cybersecurity,40.0,21.4,20.0,25.9,4.0,4.2,1,0,0,0,0,No Job,0.0,Not Placed
STU00981,Nitin Bansal,19,Male,2022,Data Science,58.2,38.4,26.1,21.7,4.8,4.9,0,44,0,0,0,No Job,0.0,Not Placed
STU00982,Avni Ghosh,19,Male,2023,Data Science,56.1,54.6,71.7,58.1,6.3,8.0,1,117,3,1,0,Internship,1.4,Tier 3
STU00983,Dev Pillai,27,Male,2024,Figma Designer,59.4,45.1,37.0,51.9,4.3,4.1,3,116,4,1,0,No Job,0.0,Not Placed
STU00984,Rohan Chawla,22,Male,2023,Data Science,61.2,44.3,24.1,38.1,5.4,4.8,2,108,1,0,3,No Job,0.0,Not Placed
STU00985,Ashish Verma,19,Female,2023,Cybersecurity,65.6,58.8,53.9,54.8,4.9,4.9,0,48,2,0,1,No Job,0.0,Not Placed
STU00986,Sandeep Sharma,20,Female,2023,Data Science,90.0,98.7,100.0,83.3,7.8,7.2,0,206,3,1,0,Job,9.62,Tier 1
STU00987,Anil Singh,25,Female,2024,Cybersecurity,71.2,64.7,60.6,59.5,7.1,5.6,0,116,0,0,0,Job,7.77,Tier 2
STU00988,Manisha Kaur,20,Female,2023,Cybersecurity,70.8,77.8,54.6,66.8,5.7,6.8,1,117,4,1,0,Job,6.98,Tier 2
STU00989,Abhinav Kumar,19,Male,2024,MERN,55.2,34.1,39.8,34.7,4.0,5.0,1,31,2,0,0,No Job,0.0,Not Placed
STU00990,Rajni Dubey,27,Female,2023,MERN,67.6,61.7,70.6,62.0,5.1,4.3,3,116,2,1,0,Internship,2.2,Tier 3
STU00991,Pooja Gandhi,23,Male,2022,Cybersecurity,61.0,59.0,51.4,55.1,3.1,5.0,1,83,3,1,3,No Job,0.0,Not Placed
STU00992,Sahil Chopra,22,Male,2023,MERN,65.3,31.0,28.1,30.4,2.8,6.0,3,99,1,0,0,No Job,0.0,Not Placed
STU00993,Ayush Iyer,22,Male,2022,Data Science,68.3,63.1,54.0,47.1,3.8,3.6,5,174,3,1,2,Internship,2.21,Tier 3
STU00994,Sourabh Iyer,19,Male,2023,Cybersecurity,57.9,43.7,41.8,41.8,4.3,3.4,0,85,4,0,0,No Job,0.0,Not Placed
STU00995,Vineeta Rao,21,Male,2022,Data Science,66.8,60.1,58.2,70.1,5.3,6.4,1,93,0,0,0,No Job,0.0,Not Placed
STU00996,Karan Rastogi,19,Male,2024,QA,58.6,47.1,44.7,42.2,5.1,4.8,2,65,0,1,2,Job,3.94,Tier 3
STU00997,Anjali Yadav,23,Male,2023,DevOps,61.0,48.6,43.5,40.0,3.7,2.8,1,48,0,0,1,No Job,0.0,Not Placed
STU00998,Shivam Reddy,23,Female,2024,Data Science,62.1,52.7,51.5,46.5,4.1,4.8,0,64,1,1,0,No Job,0.0,Not Placed
STU00999,Uma Tiwari,27,Male,2024,Cybersecurity,71.9,61.7,81.8,66.1,8.9,5.6,3,146,3,1,0,No Job,0.0,Not Placed
STU01000,Anand Dubey,26,Male,2024,DevOps,55.2,34.8,31.2,40.2,3.0,3.3,3,113,2,0,1,No Job,0.0,Not Placed
STU01001,Sanjay Kumar,23,Female,2024,MERN,60.2,49.7,42.5,47.3,4.8,6.7,0,44,0,0,2,No Job,0.0,Not Placed
STU01002,Khushi Gupta,23,Male,2023,DevOps,63.3,67.3,48.1,52.2,6.4,3.9,0,44,1,0,0,No Job,0.0,Not Placed
STU01003,Riya Rastogi,25,Female,2022,MERN,64.5,45.5,29.0,47.1,4.7,4.0,1,97,1,0,0,Job,4.7,Tier 3
STU01004,Ruchi Goyal,20,Female,2024,MERN,83.6,69.9,72.6,81.0,6.3,6.6,3,192,3,1,0,Job,7.59,Tier 2
STU01005,Mohit Kaur,25,Male,2024,Data Science,72.5,74.0,71.1,70.7,5.4,4.9,1,117,3,1,0,Job,9.0,Tier 1
STU01006,Sneha Joshi,19,Male,2024,MERN,96.3,80.2,67.9,71.0,5.4,7.5,0,125,3,1,0,Job,7.63,Tier 2
STU01007,Isha Dixit,23,Male,2023,MERN,65.9,68.0,56.1,75.4,5.4,5.1,0,84,1,1,0,Internship,1.77,Tier 3
STU01008,Kavya Rastogi,24,Male,2023,Cybersecurity,78.5,67.6,71.3,57.3,6.0,5.1,1,179,3,1,0,Job,7.63,Tier 2
STU01009,Zara Reddy,19,Male,2022,Cybersecurity,68.6,48.6,44.0,51.3,5.0,5.8,2,68,2,0,2,No Job,0.0,Not Placed
STU01010,Abhinav Reddy,27,Male,2024,DevOps,63.7,57.1,38.0,48.9,3.7,5.2,2,62,1,0,0,No Job,0.0,Not Placed
STU01011,Isha Tiwari,27,Male,2022,QA,70.2,48.1,33.6,46.4,4.0,4.7,2,78,2,0,0,No Job,0.0,Not Placed
STU01012,Rohit Pillai,19,Female,2022,QA,47.8,24.1,20.0,30.2,4.4,2.8,0,29,1,0,0,No Job,0.0,Not Placed
STU01013,Isha Gandhi,22,Male,2023,DevOps,61.8,45.4,39.5,37.0,3.7,4.4,1,107,2,0,0,No Job,0.0,Not Placed
STU01014,Divya Kaur,26,Female,2023,Cybersecurity,64.6,59.8,47.8,48.4,4.0,4.9,1,106,2,0,0,Job,6.42,Tier 2
STU01015,Vaibhav Arora,20,Male,2022,MERN,53.2,62.0,51.9,49.6,3.6,4.3,0,86,3,0,0,Job,5.75,Tier 2
STU01016,Karan Sinha,26,Female,2024,Figma Designer,91.0,90.9,92.4,82.7,10.0,9.0,3,180,3,1,0,Internship,1.2,Tier 3
STU01017,Shreya Ghosh,27,Male,2024,Data Science,60.1,43.2,23.9,30.4,2.4,6.1,1,48,1,1,1,No Job,0.0,Not Placed
STU01018,Tanvi Trivedi,27,Female,2023,MERN,58.6,51.7,38.2,57.5,4.4,3.8,0,81,1,0,0,No Job,0.0,Not Placed
STU01019,Kunal Srivastava,19,Male,2023,Cybersecurity,99.6,83.5,84.4,85.4,9.2,8.8,2,209,1,0,0,Job,8.71,Tier 1
STU01020,Ritesh Bansal,27,Female,2024,Data Science,59.7,41.6,43.6,33.8,5.4,4.3,0,32,1,1,0,No Job,0.0,Not Placed
STU01021,Amar Desai,22,Male,2022,Data Science,50.3,48.1,33.5,32.0,4.1,2.9,0,24,0,0,0,Job,4.96,Tier 3
STU01022,Amar Desai,26,Male,2024,DevOps,59.7,48.6,48.3,47.7,5.2,5.4,1,79,3,0,1,No Job,0.0,Not Placed
STU01023,Vaibhav Rao,27,Male,2022,DevOps,53.3,49.6,48.9,49.2,3.2,4.2,0,87,0,0,1,No Job,0.0,Not Placed
STU01024,Ishaan Tiwari,21,Male,2023,Cybersecurity,71.4,70.3,68.4,62.4,4.9,6.7,0,125,3,0,0,Job,8.43,Tier 1
STU01025,Zara Dutta,24,Male,2023,QA,68.5,45.4,48.5,54.7,4.6,6.2,2,88,1,0,0,Internship,1.45,Tier 3
STU01026,Anand Chopra,21,Male,2024,Data Science,56.6,44.5,32.4,46.9,3.2,4.7,1,29,3,0,1,No Job,0.0,Not Placed
STU01027,Meena Nair,19,Male,2022,Data Science,70.9,59.1,56.0,60.5,5.9,4.9,3,134,3,1,0,Job,8.35,Tier 1
STU01028,Pankaj Joshi,24,Male,2022,Cybersecurity,71.0,68.3,49.9,52.5,5.1,7.0,0,51,3,0,0,Job,6.29,Tier 2
STU01029,Pankaj Chawla,23,Female,2023,MERN,53.8,35.3,28.8,30.2,4.9,3.5,3,43,1,0,0,No Job,0.0,Not Placed
STU01030,Ritesh Joshi,21,Female,2023,Cybersecurity,82.5,67.4,60.8,58.5,5.8,6.4,0,103,1,0,0,No Job,0.0,Not Placed
STU01031,Sachin Batra,22,Male,2023,Data Science,75.4,68.0,55.2,58.1,4.1,6.4,2,133,4,0,0,Internship,1.21,Tier 2
STU01032,Amar Kaur,20,Female,2023,DevOps,45.3,33.2,23.7,30.5,2.1,4.2,0,61,1,0,0,No Job,0.0,Not Placed
STU01033,Divya Bansal,22,Male,2023,DevOps,53.1,25.3,20.0,26.1,3.2,4.4,3,51,1,0,1,No Job,0.0,Not Placed
STU01034,Khushi Trivedi,22,Male,2022,DevOps,54.7,53.0,34.0,41.0,3.9,4.0,0,70,1,0,0,Job,5.03,Tier 3
STU01035,Anushka Dubey,21,Male,2022,DevOps,58.9,44.9,44.6,45.4,4.2,4.3,1,107,1,0,1,No Job,0.0,Not Placed
STU01036,Sakshi Dutta,24,Male,2023,DevOps,62.5,61.3,58.4,67.0,6.4,4.9,0,129,2,0,2,No Job,0.0,Not Placed
STU01037,Sara Dutta,19,Female,2023,MERN,59.3,50.0,51.9,53.0,5.0,5.6,2,133,2,0,2,No Job,0.0,Not Placed
STU01038,Ankit Malhotra,27,Male,2022,Data Science,62.6,57.4,49.0,43.6,3.8,4.6,0,33,0,0,3,No Job,0.0,Not Placed
STU01039,Lakshmi Jain,21,Female,2022,Data Science,46.3,41.1,32.9,43.2,4.8,3.8,2,84,1,0,0,No Job,0.0,Not Placed
STU01040,Naman Sharma,21,Male,2023,DevOps,74.6,74.2,68.9,79.3,5.8,5.7,3,131,4,1,1,No Job,0.0,Not Placed
STU01041,Lakshmi Chopra,21,Male,2022,MERN,55.2,31.5,24.8,29.3,4.1,4.0,3,155,0,0,0,No Job,0.0,Not Placed
STU01042,Sonam Rastogi,25,Male,2023,DevOps,48.1,35.4,32.6,28.5,3.0,4.0,1,78,1,0,0,No Job,0.0,Not Placed
STU01043,Mehak Verma,26,Female,2023,MERN,71.1,52.4,45.1,43.0,5.4,4.9,1,116,0,0,0,Internship,2.1,Tier 3
STU01044,Sakshi Chauhan,20,Male,2022,Cybersecurity,73.7,72.4,72.3,61.3,6.6,6.4,2,135,1,1,0,Job,7.94,Tier 2
STU01045,Ashu Jain,19,Male,2022,QA,76.3,63.8,53.1,69.6,6.9,5.5,3,151,1,1,0,No Job,0.0,Not Placed
STU01046,Bhavna Shukla,23,Male,2024,MERN,60.6,58.7,49.2,40.6,3.8,3.4,2,99,4,0,0,No Job,0.0,Not Placed
STU01047,Surbhi Tiwari,26,Other,2024,Data Science,58.6,39.4,42.3,47.9,4.6,5.5,3,92,2,0,0,Internship,2.18,Tier 3
STU01048,Nikita Bansal,21,Male,2023,Data Science,45.7,31.1,32.7,19.2,3.7,4.1,3,72,0,1,0,No Job,0.0,Not Placed
STU01049,Gaurav Dixit,24,Female,2023,Cybersecurity,77.2,83.7,90.1,72.2,7.6,7.8,2,122,0,1,0,Job,8.42,Tier 1
STU01050,Jyoti Patel,21,Male,2024,DevOps,81.6,77.5,77.7,70.2,8.0,6.8,0,189,2,1,0,Internship,1.3,Tier 3
STU01051,Mohit Ghosh,24,Male,2024,Data Science,70.1,60.4,66.4,60.9,4.6,5.9,3,151,3,0,0,No Job,0.0,Not Placed
STU01052,Swati Chawla,22,Female,2023,Cybersecurity,59.8,65.6,56.2,53.7,5.4,4.1,1,82,0,0,0,Internship,1.58,Tier 3
STU01053,Riya Pillai,25,Female,2022,Data Science,46.5,36.3,20.0,33.5,4.2,3.7,0,54,0,0,0,No Job,0.0,Not Placed
STU01054,Sanjana Rao,19,Male,2023,DevOps,67.7,63.4,46.8,47.4,4.5,5.6,2,60,2,0,1,No Job,0.0,Not Placed
STU01055,Nikhil Kumar,19,Male,2023,DevOps,78.4,68.2,65.2,61.9,6.3,5.7,2,171,1,0,0,No Job,0.0,Not Placed
STU01056,Avni Shukla,23,Male,2023,Cybersecurity,67.3,69.3,73.6,56.3,6.0,7.1,1,120,0,0,1,No Job,0.0,Not Placed
STU01057,Akash Nair,27,Female,2023,Data Science,59.4,42.5,36.7,48.1,4.9,6.1,1,31,1,0,0,No Job,0.0,Not Placed
STU01058,Vikas Joshi,23,Male,2024,Figma Designer,76.1,63.8,58.7,65.9,5.7,6.2,1,127,0,1,0,Job,5.21,Tier 3
STU01059,Nitin Kumar,22,Female,2023,Cybersecurity,70.0,60.2,52.5,64.2,5.7,6.4,0,149,1,0,0,Job,7.42,Tier 2
STU01060,Meena Rastogi,26,Male,2022,Data Science,60.1,47.1,56.7,47.7,5.2,7.1,1,115,2,1,1,Job,7.59,Tier 2
STU01061,Varun Sharma,23,Male,2022,Data Science,79.7,73.0,79.1,70.1,6.8,3.9,3,165,2,1,0,No Job,0.0,Not Placed
STU01062,Tanvi Sharma,19,Female,2023,DevOps,76.2,88.6,75.2,86.9,6.1,7.2,0,147,1,0,0,Job,9.13,Tier 1
STU01063,Pranav Ghosh,25,Other,2022,QA,84.6,85.1,75.5,77.6,8.1,8.0,1,142,1,0,0,Job,6.55,Tier 2
STU01064,Jatin Sharma,22,Male,2023,QA,59.6,47.0,46.7,47.7,4.4,3.0,0,54,0,0,2,No Job,0.0,Not Placed
STU01065,Amar Sinha,23,Female,2023,DevOps,62.2,66.1,68.7,55.7,5.4,4.9,0,109,1,0,0,Job,6.75,Tier 2
STU01066,Komal Dutta,24,Female,2023,QA,77.9,66.7,58.2,61.6,5.8,6.8,1,157,0,1,0,Job,5.29,Tier 3
STU01067,Aditya Yadav,25,Female,2024,Data Science,55.5,45.1,44.7,47.5,3.9,5.0,0,46,3,0,1,No Job,0.0,Not Placed
STU01068,Ashu Srivastava,20,Female,2023,Data Science,79.1,70.4,75.5,78.1,6.7,6.9,3,161,1,1,0,No Job,0.0,Not Placed
STU01069,Ayush Ghosh,19,Male,2022,Figma Designer,62.8,61.5,45.8,51.2,4.9,3.5,3,138,2,0,2,No Job,0.0,Not Placed
STU01070,Swati Shah,21,Female,2022,QA,64.1,53.7,41.2,35.5,5.1,3.7,0,22,1,1,1,No Job,0.0,Not Placed
STU01071,Divya Chopra,19,Female,2023,DevOps,50.4,34.3,23.3,24.6,3.3,3.4,3,61,3,1,1,No Job,0.0,Not Placed
STU01072,Tushar Pillai,22,Male,2022,QA,41.3,20.0,20.0,36.5,2.5,4.6,0,53,1,0,2,No Job,0.0,Not Placed
STU01073,Sara Trivedi,24,Male,2023,Figma Designer,59.7,56.7,66.4,37.1,3.6,5.5,0,32,0,0,0,No Job,0.0,Not Placed
STU01074,Kunal Garg,23,Male,2022,QA,40.0,21.3,20.0,15.0,1.0,1.4,2,7,0,0,0,No Job,0.0,Not Placed
STU01075,Rohan Arora,22,Female,2023,QA,76.0,75.4,71.2,77.5,6.2,5.7,1,146,0,0,0,Job,6.42,Tier 2
STU01076,Kajal Bhatt,25,Female,2024,QA,71.0,73.6,69.0,72.2,3.8,6.6,1,133,1,1,0,Job,6.57,Tier 2
STU01077,Karan Yadav,24,Male,2022,Data Science,60.0,57.4,48.6,57.7,4.5,6.0,0,119,2,0,0,No Job,0.0,Not Placed
STU01078,Khushi Garg,21,Male,2023,QA,70.8,78.3,75.4,74.9,7.1,6.7,5,185,1,0,0,No Job,0.0,Not Placed
STU01079,Vaibhav Malhotra,27,Male,2023,Data Science,57.8,52.3,50.7,45.1,3.9,4.5,3,108,0,1,0,No Job,0.0,Not Placed
STU01080,Sandeep Arora,23,Male,2024,Figma Designer,72.2,53.2,47.6,47.1,5.9,4.9,5,162,4,1,3,No Job,0.0,Not Placed
STU01081,Vaibhav Chauhan,19,Male,2023,DevOps,59.0,50.9,40.6,58.6,5.1,4.8,0,84,0,0,0,No Job,0.0,Not Placed
STU01082,Ashish Malhotra,24,Male,2023,Cybersecurity,79.1,76.6,65.6,66.0,5.6,5.6,2,167,2,0,0,Job,7.78,Tier 2
STU01083,Gaurav Arora,23,Female,2024,DevOps,40.0,20.0,20.0,15.0,2.8,2.0,2,10,2,0,1,No Job,0.0,Not Placed
STU01084,Jyoti Shukla,26,Male,2023,Data Science,63.7,70.8,79.3,57.1,7.5,4.7,3,150,4,1,0,Internship,0.89,Tier 2
STU01085,Akshay Agarwal,22,Female,2023,MERN,52.7,27.9,20.0,33.0,1.5,2.9,2,15,1,0,1,No Job,0.0,Not Placed
STU01086,Kavya Dutta,19,Male,2022,Figma Designer,58.3,48.7,46.1,49.0,5.6,3.9,1,55,1,0,2,No Job,0.0,Not Placed
STU01087,Nandini Sharma,20,Other,2024,Figma Designer,60.1,41.9,23.0,42.4,3.2,3.5,0,19,0,0,0,No Job,0.0,Not Placed
STU01088,Lakshmi Khanna,26,Male,2024,MERN,62.3,50.2,41.5,62.1,3.4,4.9,5,157,0,0,0,Job,5.42,Tier 3
STU01089,Manish Rao,26,Female,2024,Figma Designer,67.8,45.6,37.5,39.5,4.6,5.4,0,91,1,1,1,No Job,0.0,Not Placed
STU01090,Anjali Dixit,23,Male,2024,QA,80.3,63.2,43.2,65.1,5.0,4.6,0,68,1,0,1,No Job,0.0,Not Placed
STU01091,Prateek Garg,24,Male,2024,Cybersecurity,73.1,61.4,63.3,59.1,5.6,5.8,3,128,1,1,0,Job,7.03,Tier 2
STU01092,Sachin Dixit,20,Male,2023,Data Science,59.1,54.4,41.2,54.8,6.9,5.1,0,88,0,0,1,No Job,0.0,Not Placed
STU01093,Sonam Dixit,27,Male,2024,Figma Designer,78.3,69.4,59.0,77.1,6.9,6.3,0,104,1,1,0,Job,4.9,Tier 3
STU01094,Riya Pillai,24,Female,2023,DevOps,71.4,57.4,51.9,57.6,5.4,5.5,0,114,1,0,0,Job,6.39,Tier 2
STU01095,Varun Agarwal,27,Male,2023,QA,41.7,35.9,20.0,34.6,3.2,1.8,0,0,2,0,1,No Job,0.0,Not Placed
STU01096,Akshay Joshi,21,Female,2023,QA,84.6,82.4,97.2,82.7,10.0,7.4,2,226,2,1,0,Job,6.66,Tier 2
STU01097,Anand Varma,24,Male,2023,QA,42.5,24.6,21.5,23.8,3.0,3.1,1,31,1,0,0,No Job,0.0,Not Placed
STU01098,Riya Agarwal,23,Other,2024,Cybersecurity,70.3,60.1,44.0,66.8,6.6,5.8,0,74,3,0,1,No Job,0.0,Not Placed
STU01099,Neha Joshi,27,Male,2023,MERN,66.9,67.5,66.0,68.0,6.7,5.2,0,90,1,1,0,No Job,0.0,Not Placed
STU01100,Gaurav Varma,19,Male,2022,MERN,61.7,56.2,51.4,52.7,4.3,5.1,2,110,1,1,0,Job,5.89,Tier 2
STU01101,Kajal Shukla,27,Male,2022,MERN,56.0,52.0,46.3,49.5,3.8,5.6,1,99,0,0,0,No Job,0.0,Not Placed
STU01102,Riya Shukla,23,Female,2024,Data Science,68.6,76.0,80.4,71.8,6.8,6.0,1,130,1,0,0,No Job,0.0,Not Placed
STU01103,Maya Verma,19,Male,2023,DevOps,80.0,78.0,58.2,70.7,6.3,5.8,0,88,0,0,1,Job,7.41,Tier 2
STU01104,Nandini Nair,26,Male,2023,Cybersecurity,65.3,65.3,60.8,65.4,5.2,6.4,1,88,1,0,1,No Job,0.0,Not Placed
STU01105,Vishal Ghosh,25,Male,2023,QA,65.2,38.5,42.0,43.0,5.6,3.9,1,95,2,0,0,No Job,0.0,Not Placed
STU01106,Amar Verma,24,Male,2023,Data Science,52.5,40.7,42.0,44.7,4.8,2.7,1,19,1,0,1,No Job,0.0,Not Placed
STU01107,Palak Joshi,20,Female,2022,DevOps,53.2,35.5,20.6,41.5,2.8,5.2,1,2,1,0,0,No Job,0.0,Not Placed
STU01108,Zara Garg,23,Male,2023,Data Science,66.5,50.5,47.4,59.1,4.3,3.7,0,94,3,0,0,Job,6.73,Tier 2
STU01109,Abhinav Desai,21,Female,2024,Data Science,53.8,24.9,21.7,17.4,4.5,3.3,4,77,0,0,1,No Job,0.0,Not Placed
STU01110,Kajal Joshi,20,Female,2023,Data Science,70.8,55.5,53.1,53.5,5.6,5.5,0,78,1,0,0,No Job,0.0,Not Placed
STU01111,Divya Patel,19,Female,2023,Cybersecurity,66.3,71.9,72.3,78.9,4.6,6.8,2,135,0,1,3,No Job,0.0,Not Placed
STU01112,Aarav Shah,27,Male,2022,Data Science,65.0,46.0,42.7,38.5,4.2,5.1,1,72,1,1,0,Job,6.85,Tier 2
STU01113,Rajan Shukla,20,Male,2023,Cybersecurity,73.8,60.3,37.9,68.7,3.3,4.3,1,111,1,0,3,No Job,0.0,Not Placed
STU01114,Nikita Bhatt,19,Other,2022,MERN,70.6,66.3,66.0,52.9,6.3,6.9,2,164,2,1,0,Job,6.12,Tier 2
STU01115,Isha Garg,25,Male,2023,QA,76.8,60.4,54.8,57.0,6.1,5.4,1,126,0,0,2,Job,5.69,Tier 2
STU01116,Ankita Trivedi,27,Male,2023,QA,66.1,48.3,46.5,53.4,4.6,4.2,1,66,0,0,0,Job,4.37,Tier 3
STU01117,Avni Kumar,24,Female,2024,Figma Designer,75.9,80.5,92.7,80.1,7.0,7.8,0,143,2,1,0,Internship,1.38,Tier 3
STU01118,Krishna Roy,26,Male,2023,Figma Designer,70.6,46.5,47.0,35.3,5.5,4.3,0,80,2,0,0,No Job,0.0,Not Placed
STU01119,Shivam Patel,25,Male,2023,Figma Designer,54.0,46.7,27.4,37.8,4.5,4.2,0,35,1,0,0,No Job,0.0,Not Placed
STU01120,Neha Sinha,27,Male,2023,QA,55.0,46.4,33.8,46.1,4.9,4.5,0,73,1,0,1,No Job,0.0,Not Placed
STU01121,Suresh Varma,25,Male,2023,Cybersecurity,74.6,77.8,65.5,69.3,7.2,6.2,0,137,1,1,0,Job,8.42,Tier 1
STU01122,Meena Khanna,24,Male,2022,Data Science,79.7,74.3,64.2,69.4,6.8,8.6,0,168,1,1,0,Internship,1.73,Tier 2
STU01123,Kunal Singh,19,Male,2023,MERN,62.2,37.1,21.1,15.0,4.2,3.6,3,71,1,0,1,No Job,0.0,Not Placed
STU01124,Sandeep Khanna,27,Male,2024,Data Science,72.8,53.5,60.9,44.4,6.3,2.9,0,37,1,0,1,No Job,0.0,Not Placed
STU01125,Lakshmi Goyal,23,Female,2022,Cybersecurity,47.7,45.1,37.5,48.3,3.8,3.3,1,73,2,0,1,No Job,0.0,Not Placed
STU01126,Meena Trivedi,20,Female,2023,DevOps,72.8,75.2,67.0,67.8,5.8,6.2,1,156,2,0,0,Job,7.24,Tier 2
STU01127,Anand Kapoor,26,Female,2024,QA,62.6,27.2,30.3,38.2,3.7,2.8,1,36,0,0,0,No Job,0.0,Not Placed
STU01128,Aarav Chopra,22,Male,2023,Figma Designer,78.2,83.0,75.2,90.6,6.3,6.2,2,158,1,1,0,Job,6.58,Tier 2
STU01129,Geeta Rastogi,21,Female,2024,MERN,47.3,27.1,30.7,21.7,2.9,4.5,1,32,0,1,1,No Job,0.0,Not Placed
STU01130,Uma Bhatt,19,Female,2023,DevOps,60.4,44.8,41.2,41.2,4.8,4.9,0,69,1,0,2,No Job,0.0,Not Placed
STU01131,Vishal Kaur,23,Female,2023,Figma Designer,58.0,29.1,33.9,37.6,3.6,4.6,0,23,2,0,1,No Job,0.0,Not Placed
STU01132,Manish Roy,21,Female,2023,MERN,73.9,67.0,66.9,61.7,5.4,7.0,1,107,1,0,1,Job,6.87,Tier 2
STU01133,Prachi Mehta,22,Male,2024,QA,47.6,25.0,20.0,19.1,2.1,3.8,1,43,4,0,2,No Job,0.0,Not Placed
STU01134,Krishna Dixit,27,Female,2024,MERN,62.1,48.0,41.1,66.9,4.8,4.2,1,96,2,0,0,No Job,0.0,Not Placed
STU01135,Harsh Iyer,25,Female,2022,Cybersecurity,73.6,48.6,51.9,56.7,4.0,5.7,4,108,1,0,1,No Job,0.0,Not Placed
STU01136,Ashish Mehta,23,Male,2023,MERN,54.2,40.6,32.5,38.9,4.3,5.0,0,11,4,0,1,No Job,0.0,Not Placed
STU01137,Anand Srivastava,26,Male,2022,Figma Designer,82.5,77.0,70.0,75.6,5.3,6.4,0,122,2,0,0,Job,5.89,Tier 2
STU01138,Yogesh Dutta,24,Male,2022,DevOps,69.6,80.9,92.3,80.0,7.0,6.1,1,172,3,1,0,No Job,0.0,Not Placed
STU01139,Simran Chopra,20,Male,2023,Data Science,60.7,52.6,29.1,37.7,6.0,4.8,0,70,0,0,1,No Job,0.0,Not Placed
STU01140,Shivam Batra,25,Female,2023,MERN,63.5,62.9,65.0,58.3,4.9,5.5,0,93,1,0,1,No Job,0.0,Not Placed
STU01141,Isha Agarwal,19,Female,2022,DevOps,59.4,49.4,54.2,42.6,5.1,3.5,1,89,3,0,0,No Job,0.0,Not Placed
STU01142,Asha Rao,21,Male,2022,Figma Designer,42.6,21.1,20.0,23.4,2.5,4.7,4,84,2,0,0,No Job,0.0,Not Placed
STU01143,Sachin Garg,19,Male,2023,QA,63.6,41.0,26.0,32.8,3.3,3.7,0,70,4,0,0,No Job,0.0,Not Placed
STU01144,Mira Bhatt,19,Female,2024,DevOps,55.1,43.9,24.1,27.9,4.3,4.1,1,44,4,0,0,No Job,0.0,Not Placed
STU01145,Varun Mehta,23,Male,2024,MERN,91.0,85.5,83.0,64.1,4.2,6.8,1,126,2,1,0,No Job,0.0,Not Placed
STU01146,Pankaj Nair,24,Male,2022,DevOps,74.0,78.3,59.3,58.9,6.1,5.8,4,89,1,1,1,Internship,1.56,Tier 3
STU01147,Pranav Chauhan,21,Male,2024,QA,57.1,45.7,33.5,32.9,3.8,4.1,2,93,3,0,0,Job,3.64,Tier 3
STU01148,Parth Desai,21,Male,2023,QA,56.5,33.2,35.6,49.4,3.7,3.4,0,12,2,0,1,No Job,0.0,Not Placed
STU01149,Isha Tiwari,21,Male,2024,MERN,59.0,31.2,20.0,43.7,5.1,5.5,0,73,0,0,2,No Job,0.0,Not Placed
STU01150,Shivam Gandhi,19,Female,2023,Cybersecurity,50.8,27.1,20.0,19.8,1.4,4.6,1,0,1,0,1,No Job,0.0,Not Placed
STU01151,Ravi Gandhi,23,Male,2023,Cybersecurity,73.2,65.4,62.7,64.5,6.0,6.7,1,119,3,1,0,Internship,1.96,Tier 3
STU01152,Harsha Tiwari,19,Male,2024,Figma Designer,77.3,55.1,45.7,50.6,5.6,5.1,2,78,2,1,2,No Job,0.0,Not Placed
STU01153,Ritesh Batra,21,Female,2022,Figma Designer,89.0,89.7,77.4,77.5,6.4,7.4,1,175,1,1,0,Job,6.26,Tier 2
STU01154,Tanvi Singh,24,Female,2024,QA,40.4,20.0,20.0,15.0,1.0,2.1,0,0,1,0,0,No Job,0.0,Not Placed
STU01155,Vineeta Batra,24,Male,2024,Cybersecurity,68.7,63.9,63.3,61.8,6.3,6.0,0,149,4,0,0,Internship,0.98,Tier 2
STU01156,Uma Jain,21,Female,2024,MERN,77.0,57.3,56.6,59.6,6.9,4.6,0,87,2,1,0,Job,6.56,Tier 2
STU01157,Rajan Roy,27,Female,2023,QA,76.8,68.0,69.6,66.6,7.6,5.7,2,156,1,0,0,Job,6.61,Tier 2
STU01158,Sakshi Gandhi,26,Female,2022,DevOps,69.1,57.5,47.1,69.8,3.8,5.9,5,170,2,0,0,Job,7.47,Tier 2
STU01159,Varun Khanna,21,Female,2023,MERN,64.5,72.2,73.0,66.7,5.9,7.0,1,115,1,1,0,Job,7.74,Tier 2
STU01160,Saloni Yadav,23,Female,2024,MERN,73.4,54.7,52.5,46.6,7.4,4.7,0,114,2,0,0,Internship,1.24,Tier 3
STU01161,Ritesh Agarwal,23,Male,2023,QA,55.3,41.3,48.4,38.2,4.3,3.7,1,33,2,0,0,No Job,0.0,Not Placed
STU01162,Seema Chawla,23,Female,2023,Data Science,74.3,50.8,34.2,54.5,4.8,5.1,2,103,1,0,0,Internship,1.64,Tier 2
STU01163,Shivam Kapoor,21,Female,2023,DevOps,62.1,48.0,37.9,59.5,5.0,3.1,2,110,2,0,1,Job,6.56,Tier 2
STU01164,Arjun Agarwal,23,Male,2023,DevOps,76.0,71.0,77.3,60.1,6.4,7.7,2,132,1,0,0,Job,6.61,Tier 2
STU01165,Riya Chawla,23,Male,2022,Data Science,80.7,75.1,66.3,72.4,6.3,5.7,2,184,0,1,0,Job,8.95,Tier 1
STU01166,Arjun Kapoor,22,Female,2023,Data Science,69.2,62.5,63.4,65.7,5.8,5.9,2,137,1,0,0,No Job,0.0,Not Placed
STU01167,Asha Patel,22,Female,2024,QA,75.7,62.2,39.5,61.9,6.4,5.8,3,108,3,0,1,Internship,1.5,Tier 3
STU01168,Shivam Reddy,20,Male,2022,QA,58.7,34.4,20.0,22.0,3.2,2.9,3,42,1,0,1,No Job,0.0,Not Placed
STU01169,Maya Rastogi,27,Male,2024,MERN,77.6,70.2,59.5,65.7,6.3,5.7,0,86,3,1,0,No Job,0.0,Not Placed
STU01170,Yogesh Shah,25,Female,2023,QA,76.8,81.1,68.1,65.5,4.2,6.4,2,135,0,1,0,Job,6.21,Tier 2
STU01171,Kunal Singh,19,Male,2023,QA,64.3,58.6,61.9,47.1,4.9,5.0,4,101,0,0,2,No Job,0.0,Not Placed
STU01172,Shreya Dubey,23,Female,2023,MERN,69.7,67.5,58.7,67.6,7.5,5.9,2,151,0,1,0,Job,6.91,Tier 2
STU01173,Tarun Chopra,20,Male,2022,QA,60.1,38.7,31.5,31.5,3.3,4.3,0,68,2,0,1,No Job,0.0,Not Placed
STU01174,Vineeta Garg,24,Male,2023,Figma Designer,54.7,46.1,36.8,34.6,4.7,3.7,2,153,2,0,0,Job,4.79,Tier 3
STU01175,Renu Arora,25,Female,2024,DevOps,66.3,43.8,27.4,36.3,3.9,5.5,0,42,1,0,0,No Job,0.0,Not Placed
STU01176,Lalit Desai,20,Male,2023,MERN,54.2,41.5,50.4,34.5,3.5,4.7,0,88,2,0,2,No Job,0.0,Not Placed
STU01177,Aditya Kapoor,24,Male,2023,Figma Designer,61.4,59.5,64.2,60.2,5.2,6.5,0,112,1,0,0,Internship,1.85,Tier 3
STU01178,Divya Chopra,21,Male,2022,Cybersecurity,79.8,68.3,58.1,57.6,4.1,4.9,5,181,2,0,0,Job,7.06,Tier 2
STU01179,Manisha Arora,27,Male,2024,Data Science,59.2,47.9,45.2,37.7,2.2,2.4,2,112,3,1,0,Job,5.64,Tier 2
STU01180,Rajan Nair,22,Female,2023,DevOps,77.7,85.4,65.0,77.9,7.6,8.0,5,250,1,0,0,Internship,1.23,Tier 3
STU01181,Sonam Mehta,21,Male,2023,DevOps,67.7,60.2,61.2,55.9,4.5,5.4,3,142,2,1,0,Job,7.38,Tier 2
STU01182,Dev Dutta,21,Male,2022,QA,59.7,39.6,24.8,53.1,5.9,4.7,4,67,1,1,1,Job,3.34,Tier 3
STU01183,Akshay Roy,20,Male,2024,DevOps,62.6,53.3,46.4,30.7,5.4,4.9,1,92,3,1,0,Job,6.1,Tier 2
STU01184,Manisha Shukla,27,Male,2023,MERN,53.3,39.9,44.3,52.1,4.3,6.5,1,37,1,0,2,No Job,0.0,Not Placed
STU01185,Ruchi Verma,26,Female,2023,Cybersecurity,69.2,52.4,39.5,43.6,6.0,6.1,2,129,1,0,0,Job,7.07,Tier 2
STU01186,Tushar Ghosh,23,Male,2023,DevOps,58.8,31.3,33.2,33.5,1.4,4.4,0,34,0,0,2,No Job,0.0,Not Placed
STU01187,Krishna Khanna,27,Female,2024,MERN,57.6,54.9,52.8,64.1,5.3,5.0,2,96,0,0,0,No Job,0.0,Not Placed
STU01188,Rajan Verma,20,Male,2022,DevOps,70.5,64.0,58.4,62.6,7.0,5.9,4,161,1,1,0,Job,7.05,Tier 2
STU01189,Krishna Yadav,24,Male,2024,QA,64.6,64.5,63.5,63.5,4.6,5.9,3,179,1,1,0,Job,5.67,Tier 2
STU01190,Ayush Khanna,25,Female,2023,Data Science,63.1,55.2,57.2,60.1,5.9,6.0,0,118,0,0,1,Job,7.39,Tier 2
STU01191,Vikram Goyal,24,Female,2023,Cybersecurity,73.0,66.8,78.2,69.2,5.9,5.5,0,153,2,0,0,Job,6.98,Tier 2
STU01192,Manish Ghosh,21,Female,2023,MERN,61.1,56.3,54.2,48.5,4.1,5.3,3,106,4,1,0,Job,6.05,Tier 2
STU01193,Dev Sharma,27,Male,2024,MERN,85.9,75.6,76.7,72.6,7.7,7.0,0,138,1,1,0,No Job,0.0,Not Placed
STU01194,Ritesh Ghosh,26,Male,2023,MERN,63.0,45.4,44.4,46.1,5.7,6.4,5,166,3,0,1,No Job,0.0,Not Placed
STU01195,Priya Kapoor,26,Female,2024,MERN,53.5,48.0,38.2,43.3,4.5,2.3,1,87,1,0,0,No Job,0.0,Not Placed
STU01196,Ankit Kaur,26,Male,2022,QA,57.3,46.5,50.0,56.9,4.2,6.3,4,186,0,1,0,Job,5.15,Tier 3
STU01197,Asha Roy,27,Female,2024,MERN,76.7,87.6,70.2,73.3,5.5,6.0,3,186,3,1,0,Job,6.92,Tier 2
STU01198,Rohan Batra,19,Female,2022,Cybersecurity,61.4,51.7,46.5,46.8,4.4,5.3,2,132,3,0,0,Job,6.45,Tier 2
STU01199,Yash Mishra,26,Female,2023,Data Science,73.0,68.0,68.3,77.3,8.2,6.7,0,147,2,1,0,Job,8.2,Tier 1
STU01200,Geeta Nair,20,Female,2023,Figma Designer,62.9,59.3,42.4,54.4,5.3,5.2,0,75,3,0,0,Job,5.02,Tier 3
STU01201,Jyoti Chopra,22,Male,2023,Cybersecurity,84.6,75.3,69.9,73.6,6.3,6.2,2,106,1,1,0,Internship,1.36,Tier 3
STU01202,Aryan Trivedi,19,Female,2023,Cybersecurity,51.0,44.4,25.4,30.9,2.9,2.8,0,0,1,0,0,No Job,0.0,Not Placed
STU01203,Kabir Pillai,24,Male,2023,MERN,73.2,59.7,59.9,76.0,7.5,5.1,3,168,3,0,0,Internship,1.28,Tier 3
STU01204,Ashu Arora,19,Male,2022,MERN,73.0,55.7,44.7,60.8,4.6,5.2,0,59,1,0,3,No Job,0.0,Not Placed
STU01205,Maya Gandhi,23,Male,2023,MERN,85.2,90.5,96.6,87.7,7.7,7.3,1,179,3,1,0,Job,7.29,Tier 2
STU01206,Akash Mehta,27,Male,2022,Figma Designer,78.3,67.7,42.3,57.5,6.8,6.8,1,108,1,0,0,No Job,0.0,Not Placed
STU01207,Shivam Pillai,19,Female,2023,DevOps,67.1,72.5,67.6,63.6,5.3,6.6,4,150,2,1,1,Job,7.22,Tier 2
STU01208,Ritesh Chawla,27,Female,2022,Cybersecurity,54.2,34.9,36.0,40.0,3.8,4.2,3,108,2,1,1,No Job,0.0,Not Placed
STU01209,Suresh Verma,22,Female,2022,Cybersecurity,65.7,52.6,54.7,63.5,4.6,4.5,2,114,3,0,0,Job,6.87,Tier 2
STU01210,Renu Sinha,21,Male,2022,MERN,71.7,82.7,81.8,64.9,5.1,6.4,2,144,4,1,1,Internship,1.55,Tier 3
STU01211,Ankit Rao,26,Female,2023,Cybersecurity,56.3,47.1,34.5,36.4,3.5,5.3,2,94,1,0,0,No Job,0.0,Not Placed
STU01212,Rajesh Trivedi,24,Female,2024,Cybersecurity,58.1,39.2,48.9,36.2,5.6,4.0,2,78,1,0,3,Job,6.12,Tier 2
STU01213,Palak Trivedi,25,Female,2024,Cybersecurity,93.2,94.6,83.7,83.2,6.0,7.0,5,239,4,1,0,Job,9.72,Tier 1
STU01214,Nandini Sharma,27,Female,2022,DevOps,55.2,35.4,44.2,40.0,4.0,6.0,2,127,0,0,1,No Job,0.0,Not Placed
STU01215,Sandeep Batra,23,Female,2023,MERN,72.9,71.3,80.2,70.2,4.9,6.2,4,170,2,1,2,Job,6.23,Tier 2
STU01216,Amit Agarwal,20,Male,2023,MERN,64.8,45.4,39.0,45.5,3.7,4.7,1,91,0,1,1,No Job,0.0,Not Placed
STU01217,Kunal Yadav,21,Female,2023,QA,72.5,49.7,37.4,44.0,4.2,4.7,5,123,1,1,3,No Job,0.0,Not Placed
STU01218,Vidya Gandhi,21,Female,2023,Cybersecurity,69.4,63.1,56.8,62.6,5.0,6.2,1,67,0,0,0,Internship,1.52,Tier 3
STU01219,Bhavna Kapoor,22,Female,2022,DevOps,69.5,66.3,57.4,77.8,7.0,4.1,4,166,1,1,0,Internship,0.99,Tier 3
STU01220,Sanjay Nair,25,Male,2023,Figma Designer,73.3,65.6,62.9,71.9,7.2,6.7,0,123,2,1,0,Job,5.36,Tier 3
STU01221,Anil Mehta,24,Female,2023,Data Science,66.2,49.1,45.5,47.2,5.0,2.9,1,54,2,0,0,No Job,0.0,Not Placed
STU01222,Anil Ghosh,21,Male,2022,QA,81.5,75.7,77.1,71.1,7.0,5.9,5,214,1,0,0,No Job,0.0,Not Placed
STU01223,Anish Kumar,25,Female,2023,Figma Designer,66.5,55.7,51.8,45.9,3.6,3.8,0,41,1,0,1,Job,4.58,Tier 3
STU01224,Komal Chopra,22,Female,2023,Figma Designer,62.0,45.9,45.0,54.3,4.8,5.4,4,142,1,1,1,Job,4.89,Tier 3
STU01225,Deepika Goyal,26,Male,2022,QA,82.7,70.2,63.8,61.1,6.9,3.9,0,92,3,0,0,Internship,1.61,Tier 3
STU01226,Maya Mehta,25,Male,2023,MERN,90.5,86.6,78.3,76.8,8.4,5.2,5,198,0,0,0,No Job,0.0,Not Placed
STU01227,Simran Shukla,25,Female,2024,MERN,72.5,66.9,58.9,62.2,6.7,5.7,0,142,2,0,0,No Job,0.0,Not Placed
STU01228,Priya Kumar,27,Female,2024,Cybersecurity,59.0,39.6,25.7,31.0,3.7,4.5,2,108,0,1,1,No Job,0.0,Not Placed
STU01229,Asha Sharma,26,Female,2023,MERN,59.6,53.6,46.3,62.4,5.8,6.8,0,99,3,1,1,No Job,0.0,Not Placed
STU01230,Nitin Sinha,19,Male,2023,Data Science,70.9,50.9,55.8,62.8,4.9,7.3,0,86,1,0,0,No Job,0.0,Not Placed
STU01231,Renu Malhotra,25,Female,2023,QA,66.3,58.0,58.1,40.6,5.5,3.3,1,28,1,0,0,No Job,0.0,Not Placed
STU01232,Ashu Jain,21,Male,2023,MERN,56.2,51.2,44.3,46.6,4.5,4.9,0,136,0,1,0,Job,5.54,Tier 2
STU01233,Kabir Dixit,22,Female,2022,Figma Designer,61.4,41.8,32.6,34.6,3.2,4.1,2,47,3,1,0,No Job,0.0,Not Placed
STU01234,Swati Bhatt,24,Male,2023,QA,75.5,58.9,50.6,54.5,6.8,6.7,2,165,3,0,0,Job,5.69,Tier 2
STU01235,Manish Shah,23,Female,2023,QA,83.8,85.3,65.1,69.3,6.8,6.3,5,220,1,1,0,Internship,1.23,Tier 3
STU01236,Vikas Roy,26,Male,2023,QA,60.3,58.3,59.8,54.3,5.6,3.4,1,87,0,0,0,Job,4.4,Tier 3
STU01237,Isha Kapoor,20,Other,2024,Figma Designer,70.5,62.7,66.1,64.6,6.6,6.7,2,138,3,0,0,Internship,2.1,Tier 3
STU01238,Sahil Kaur,23,Female,2024,QA,71.5,63.1,75.6,57.0,5.2,5.7,0,144,4,1,0,Job,6.04,Tier 2
STU01239,Manisha Shukla,23,Female,2022,Cybersecurity,72.6,53.0,30.6,61.0,4.6,6.2,0,104,0,1,2,No Job,0.0,Not Placed
STU01240,Arjun Shah,21,Male,2022,MERN,78.6,63.5,62.9,52.2,4.8,6.0,1,139,2,0,0,Job,6.16,Tier 2
STU01241,Sneha Chawla,23,Female,2022,Figma Designer,78.6,78.6,88.0,57.4,4.6,7.1,5,210,4,1,0,Job,4.94,Tier 3
STU01242,Ishaan Dubey,22,Male,2024,QA,81.6,80.5,86.9,82.1,6.9,7.5,0,198,2,1,0,Internship,1.25,Tier 3
STU01243,Anish Desai,23,Male,2024,DevOps,62.2,49.3,48.3,47.1,4.0,4.0,0,86,1,0,0,No Job,0.0,Not Placed
STU01244,Rohan Gandhi,27,Female,2024,Data Science,51.8,40.2,24.8,32.5,4.2,2.2,1,41,1,0,1,No Job,0.0,Not Placed
STU01245,Neha Malhotra,25,Female,2023,Cybersecurity,59.6,50.4,66.2,58.0,6.7,7.3,2,155,2,1,0,No Job,0.0,Not Placed
STU01246,Abhinav Shah,19,Male,2024,Data Science,67.5,56.9,49.1,54.8,4.6,6.0,3,137,4,0,0,Job,7.0,Tier 2
STU01247,Amit Kapoor,21,Male,2023,Figma Designer,77.5,61.5,56.2,59.2,4.0,4.3,2,123,2,1,3,No Job,0.0,Not Placed
STU01248,Ashu Bansal,27,Female,2024,Figma Designer,61.6,44.8,32.4,41.8,4.3,2.3,0,85,1,0,0,No Job,0.0,Not Placed
STU01249,Komal Sinha,22,Female,2024,Data Science,70.1,69.3,65.8,62.6,6.3,7.4,2,157,0,0,2,Job,8.11,Tier 1
STU01250,Khushi Dubey,22,Male,2023,Cybersecurity,60.7,47.5,46.6,44.8,4.8,4.8,0,62,3,0,0,No Job,0.0,Not Placed
STU01251,Vaibhav Kumar,24,Female,2023,Data Science,56.9,48.9,45.4,48.3,6.0,5.6,5,114,1,0,0,Job,6.46,Tier 2
STU01252,Nitin Jain,21,Female,2024,Cybersecurity,57.7,48.8,46.2,48.0,5.9,5.5,1,145,2,0,0,Internship,2.13,Tier 2
STU01253,Priya Mehta,21,Male,2023,MERN,67.6,55.0,77.1,61.9,6.1,5.5,2,156,1,1,0,Job,7.09,Tier 2
STU01254,Uma Trivedi,27,Male,2022,Cybersecurity,51.7,24.1,20.1,36.9,5.5,3.3,1,39,0,0,0,No Job,0.0,Not Placed
STU01255,Ishaan Sinha,23,Female,2022,MERN,46.1,38.0,38.9,36.1,4.6,4.1,0,59,2,0,1,No Job,0.0,Not Placed
STU01256,Vinay Sharma,25,Female,2023,Data Science,56.9,43.0,31.2,29.2,4.9,4.3,1,91,1,0,0,No Job,0.0,Not Placed
STU01257,Vanshika Shukla,23,Female,2023,MERN,84.3,85.2,77.6,83.4,9.2,6.2,0,163,0,1,0,Job,7.62,Tier 2
STU01258,Swati Sharma,24,Male,2022,Data Science,72.1,60.3,54.1,56.8,5.7,5.4,1,84,3,1,0,Internship,1.92,Tier 3
STU01259,Aditya Desai,26,Male,2022,DevOps,53.6,34.0,20.0,36.0,3.9,4.9,0,27,1,0,3,No Job,0.0,Not Placed
STU01260,Anand Reddy,26,Male,2023,Data Science,57.4,46.5,47.6,49.6,5.1,5.1,1,59,1,0,3,No Job,0.0,Not Placed
STU01261,Rajan Tiwari,20,Female,2023,DevOps,73.7,64.5,64.1,63.5,5.9,6.5,1,121,1,1,1,Internship,1.7,Tier 3
STU01262,Vaibhav Batra,27,Male,2022,Figma Designer,91.3,87.8,91.8,86.1,6.9,7.5,4,220,1,1,0,Job,7.5,Tier 2
STU01263,Ankit Arora,24,Male,2022,QA,46.4,29.8,21.1,19.1,2.1,4.7,4,73,1,0,0,No Job,0.0,Not Placed
STU01264,Nitin Bhatt,25,Male,2022,Figma Designer,63.9,41.2,29.1,51.9,4.7,4.6,2,94,0,1,0,Internship,1.47,Tier 3
STU01265,Kunal Mishra,21,Male,2022,Figma Designer,62.3,47.9,43.7,46.7,5.7,4.0,0,35,0,0,1,No Job,0.0,Not Placed
STU01266,Ishaan Kapoor,22,Male,2024,Data Science,59.8,53.5,53.4,40.7,4.2,3.6,1,95,1,0,0,No Job,0.0,Not Placed
STU01267,Anand Singh,24,Male,2022,Data Science,58.1,53.6,52.5,37.8,4.7,6.5,0,40,1,0,3,No Job,0.0,Not Placed
STU01268,Rajni Bansal,25,Female,2024,DevOps,65.1,61.7,59.8,56.0,4.3,4.2,2,133,1,0,0,No Job,0.0,Not Placed
STU01269,Kunal Bansal,24,Male,2023,Figma Designer,84.7,86.1,71.5,80.9,7.9,7.0,0,110,1,1,0,Job,6.65,Tier 2
STU01270,Sanjay Chauhan,23,Female,2024,Figma Designer,44.6,28.5,31.8,32.2,4.0,3.9,2,63,2,0,1,No Job,0.0,Not Placed
STU01271,Abhinav Khanna,20,Male,2022,Data Science,76.1,61.0,59.1,70.4,4.9,4.8,0,110,1,1,0,Job,7.5,Tier 2
STU01272,Kunal Arora,25,Male,2022,MERN,68.6,59.9,73.3,59.8,5.4,6.8,0,112,0,0,0,Job,6.55,Tier 2
STU01273,Uma Gupta,23,Male,2022,Data Science,60.0,35.5,20.6,37.8,3.1,3.8,0,0,2,0,1,No Job,0.0,Not Placed
STU01274,Jyoti Roy,27,Male,2022,QA,72.8,77.8,74.5,67.8,6.2,5.2,2,179,3,1,0,Job,5.92,Tier 2
STU01275,Sara Pillai,22,Male,2023,Cybersecurity,69.2,55.4,50.0,52.2,5.1,5.3,1,92,0,0,2,Job,6.53,Tier 2
STU01276,Anand Kaur,20,Female,2022,Data Science,62.3,39.9,20.0,29.6,1.8,4.0,0,0,0,0,0,No Job,0.0,Not Placed
STU01277,Kunal Sharma,25,Male,2022,DevOps,88.1,86.6,62.0,70.4,6.9,7.2,1,136,0,1,0,Job,8.06,Tier 1
STU01278,Rahul Gandhi,25,Male,2024,Cybersecurity,74.2,76.9,68.7,67.4,7.4,7.6,4,151,0,1,0,Job,8.14,Tier 1
STU01279,Sonam Rao,19,Female,2023,QA,65.6,44.5,31.2,53.3,5.0,4.0,0,24,1,0,3,No Job,0.0,Not Placed
STU01280,Manish Goyal,23,Male,2022,Data Science,75.1,69.7,55.2,71.2,5.0,4.8,2,146,1,0,3,No Job,0.0,Not Placed
STU01281,Vidya Pillai,21,Female,2022,Figma Designer,62.7,57.6,59.7,76.1,4.6,8.2,1,166,2,0,1,Job,5.31,Tier 3
STU01282,Naman Goyal,27,Male,2022,DevOps,52.1,26.3,20.0,26.1,2.7,2.6,1,32,1,0,2,No Job,0.0,Not Placed
STU01283,Ankita Gupta,27,Male,2024,QA,44.1,25.1,25.7,29.6,2.7,5.5,1,20,1,0,1,No Job,0.0,Not Placed
STU01284,Aryan Dutta,25,Female,2024,QA,61.0,55.0,48.3,60.4,6.0,7.4,1,95,2,0,0,No Job,0.0,Not Placed
STU01285,Anand Joshi,27,Other,2024,Data Science,49.0,36.8,20.0,27.9,2.2,3.1,2,0,2,0,1,No Job,0.0,Not Placed
STU01286,Aditya Goyal,20,Male,2024,Data Science,71.5,75.4,72.7,75.4,6.8,7.3,1,93,1,0,3,Job,7.37,Tier 2
STU01287,Harsh Yadav,26,Male,2023,Cybersecurity,60.7,31.4,20.0,26.0,3.2,2.9,1,54,1,0,0,No Job,0.0,Not Placed
STU01288,Deepak Nair,19,Male,2022,Data Science,84.3,77.0,81.8,63.9,6.4,6.6,0,107,1,0,0,Job,9.14,Tier 1
STU01289,Vanshika Bhatt,21,Male,2023,QA,95.7,78.5,76.0,71.1,7.3,7.5,1,111,1,0,0,No Job,0.0,Not Placed
STU01290,Sandeep Srivastava,26,Female,2024,Cybersecurity,61.7,55.8,56.5,50.6,6.0,4.8,1,119,0,0,0,Job,7.87,Tier 2
STU01291,Vikas Agarwal,26,Male,2024,QA,40.0,20.0,20.0,15.0,2.1,2.7,1,0,0,0,1,No Job,0.0,Not Placed
STU01292,Harsh Kapoor,26,Female,2023,MERN,81.4,86.9,83.2,72.8,7.6,7.2,4,201,2,1,2,Job,7.1,Tier 2
STU01293,Sandeep Chauhan,25,Male,2023,MERN,58.7,35.9,34.0,25.8,3.8,6.3,5,119,3,1,0,Job,5.88,Tier 2
STU01294,Bhavna Iyer,20,Female,2024,Cybersecurity,60.1,52.5,53.2,47.8,6.9,5.3,0,129,0,0,1,No Job,0.0,Not Placed
STU01295,Rajni Sinha,21,Male,2022,Data Science,55.3,44.6,42.0,26.2,4.3,2.3,2,46,0,0,1,No Job,0.0,Not Placed
STU01296,Ishaan Reddy,27,Female,2024,Cybersecurity,81.4,80.1,90.9,89.2,7.4,7.1,0,124,0,1,0,Job,8.54,Tier 1
STU01297,Aryan Dutta,20,Male,2022,QA,70.7,60.3,50.9,52.7,6.1,5.3,1,58,1,0,0,Internship,1.06,Tier 3
STU01298,Karan Roy,25,Female,2023,MERN,50.1,41.7,45.3,23.9,3.6,5.8,1,63,2,0,0,No Job,0.0,Not Placed
STU01299,Anushka Sharma,19,Female,2022,QA,80.8,81.2,80.6,74.8,8.2,5.4,0,130,3,1,1,Job,6.46,Tier 2
STU01300,Swati Khanna,21,Male,2023,Data Science,72.6,66.5,68.4,67.0,6.4,8.3,1,149,3,1,0,Internship,1.81,Tier 2
STU01301,Zara Yadav,19,Female,2023,MERN,48.9,38.3,20.0,30.3,4.9,4.3,0,30,2,0,1,No Job,0.0,Not Placed
STU01302,Pranav Tiwari,24,Female,2023,Figma Designer,76.7,69.6,68.3,71.3,5.4,6.9,0,106,1,0,0,Job,5.5,Tier 2
STU01303,Sanjana Arora,22,Female,2024,Figma Designer,64.6,62.6,62.8,60.8,4.5,3.9,1,123,1,1,0,Job,4.44,Tier 3
STU01304,Simran Desai,19,Male,2023,DevOps,48.2,29.5,26.6,26.4,3.9,3.5,2,35,2,0,0,No Job,0.0,Not Placed
STU01305,Prachi Dubey,23,Female,2024,Figma Designer,71.6,54.0,56.1,64.5,5.2,7.7,2,111,1,1,0,Job,5.6,Tier 2
STU01306,Prateek Khanna,22,Female,2022,DevOps,74.1,61.2,63.3,64.4,4.7,4.4,1,95,1,0,1,Internship,1.78,Tier 3
STU01307,Divya Batra,20,Male,2024,MERN,87.2,81.0,86.7,75.0,5.4,6.2,1,207,1,1,0,Internship,0.8,Tier 2
STU01308,Sakshi Chauhan,25,Male,2022,MERN,78.7,80.2,80.6,69.3,8.0,6.6,1,189,2,1,0,Job,7.16,Tier 2
STU01309,Jyoti Kaur,26,Female,2022,Figma Designer,72.5,63.0,47.7,57.0,4.9,6.3,0,38,0,1,0,Internship,2.19,Tier 2
STU01310,Krishna Ghosh,22,Male,2022,Data Science,50.7,47.0,43.9,36.9,4.7,4.8,4,94,3,0,0,Job,6.66,Tier 2
STU01311,Sanjay Shukla,27,Male,2023,DevOps,45.8,23.2,20.0,22.0,2.7,3.0,0,0,1,0,0,No Job,0.0,Not Placed
STU01312,Vidya Dutta,21,Male,2024,DevOps,74.7,77.7,62.7,79.6,6.6,6.1,4,203,1,1,2,Job,7.35,Tier 2
STU01313,Vishal Trivedi,24,Female,2022,Cybersecurity,69.3,63.7,47.5,53.0,3.9,4.9,2,136,1,0,3,No Job,0.0,Not Placed
STU01314,Karan Iyer,25,Female,2023,DevOps,62.1,46.1,44.6,33.1,3.2,5.3,1,72,0,0,1,No Job,0.0,Not Placed
STU01315,Lakshmi Shah,25,Female,2024,MERN,58.4,41.3,52.8,53.7,6.1,4.0,1,95,0,1,1,Job,5.66,Tier 2
STU01316,Harsh Kumar,24,Female,2023,Data Science,70.6,85.3,70.6,89.7,6.5,5.7,1,173,4,0,0,Job,8.3,Tier 1
STU01317,Vidya Pillai,27,Male,2024,Cybersecurity,82.5,68.9,88.7,52.1,7.0,6.9,2,175,1,1,0,Job,9.05,Tier 1
STU01318,Rohan Chauhan,19,Male,2022,Cybersecurity,75.7,76.2,69.1,77.1,6.3,6.1,5,254,0,1,0,No Job,0.0,Not Placed
STU01319,Prateek Goyal,27,Male,2024,DevOps,52.6,37.1,23.0,39.7,4.4,5.1,2,58,1,0,0,No Job,0.0,Not Placed
STU01320,Amit Garg,27,Male,2022,Cybersecurity,75.7,80.8,90.3,80.5,6.5,6.4,1,173,0,1,0,Job,7.61,Tier 2
STU01321,Ravi Ghosh,22,Male,2024,Data Science,60.2,55.0,48.5,48.3,4.7,5.2,1,76,2,0,0,Job,7.15,Tier 2
STU01322,Ayush Shah,23,Female,2023,Figma Designer,72.0,67.1,70.7,64.7,6.5,6.5,1,153,0,0,2,Internship,1.09,Tier 3
STU01323,Pranav Mishra,21,Female,2023,DevOps,63.9,59.1,53.7,58.3,6.0,5.4,0,120,1,1,2,Job,7.01,Tier 2
STU01324,Abhinav Shah,25,Female,2022,Data Science,68.2,56.3,51.8,61.2,5.2,5.0,3,117,2,1,0,No Job,0.0,Not Placed
STU01325,Sakshi Garg,20,Other,2022,DevOps,62.9,48.6,68.4,53.1,5.2,5.5,2,105,0,1,2,Job,6.86,Tier 2
STU01326,Avni Iyer,26,Female,2022,QA,57.1,28.0,20.0,42.7,1.8,2.7,1,23,0,1,0,No Job,0.0,Not Placed
STU01327,Anish Malhotra,27,Female,2023,Figma Designer,66.9,55.2,56.0,59.3,3.7,6.2,1,67,2,1,1,Internship,1.56,Tier 3
STU01328,Pranav Malhotra,24,Male,2022,MERN,62.1,54.3,41.3,50.0,3.6,4.6,0,92,1,1,0,Job,6.29,Tier 2
STU01329,Mohit Reddy,27,Male,2024,Cybersecurity,77.9,94.8,85.2,81.7,7.0,6.6,2,185,0,1,0,Job,8.45,Tier 1
STU01330,Kabir Rao,24,Male,2022,Data Science,68.5,63.2,51.5,58.7,5.9,5.4,0,85,3,0,3,Job,6.73,Tier 2
STU01331,Anushka Agarwal,21,Male,2024,Data Science,57.6,49.0,38.4,36.5,2.3,5.7,0,13,2,0,0,No Job,0.0,Not Placed
STU01332,Vineeta Goyal,21,Male,2022,DevOps,67.2,63.8,53.4,51.3,5.6,5.2,0,93,0,0,0,No Job,0.0,Not Placed
STU01333,Mohit Bansal,20,Female,2022,Cybersecurity,66.2,51.0,39.4,40.9,3.6,4.4,2,70,1,0,3,No Job,0.0,Not Placed
STU01334,Tarun Tiwari,23,Male,2024,QA,56.0,34.8,39.9,21.4,3.7,3.9,1,104,1,0,1,No Job,0.0,Not Placed
STU01335,Amar Malhotra,22,Male,2024,MERN,75.8,58.3,68.5,69.8,6.9,5.4,0,113,0,1,0,Internship,2.43,Tier 2
STU01336,Ankit Roy,24,Female,2023,Data Science,50.6,49.5,49.4,42.0,5.2,4.5,0,26,1,0,1,No Job,0.0,Not Placed
STU01337,Anand Kapoor,23,Female,2022,DevOps,73.7,60.5,65.5,66.5,7.0,6.3,1,165,1,0,0,Job,7.3,Tier 2
STU01338,Tanvi Batra,24,Male,2023,Data Science,70.0,71.3,84.8,67.3,6.1,6.4,4,203,4,1,0,Job,9.15,Tier 1
STU01339,Dev Ghosh,22,Male,2023,Data Science,86.7,86.7,90.8,72.3,6.7,5.8,0,116,1,1,0,Job,9.06,Tier 1
STU01340,Priya Yadav,21,Other,2023,MERN,56.0,54.5,54.7,52.8,6.3,5.2,2,88,1,1,0,Job,6.38,Tier 2
STU01341,Nitin Dutta,19,Male,2023,DevOps,78.2,64.8,78.1,61.6,7.7,5.6,3,126,0,1,1,Job,7.54,Tier 2
STU01342,Ishaan Rastogi,23,Female,2023,MERN,77.2,52.9,46.9,65.1,6.1,5.3,1,143,0,1,0,No Job,0.0,Not Placed
STU01343,Sneha Gandhi,24,Male,2022,DevOps,40.7,20.0,20.0,18.9,1.0,1.8,0,0,1,0,1,No Job,0.0,Not Placed
STU01344,Harsha Garg,23,Male,2024,Data Science,79.4,74.1,71.8,72.8,5.5,7.0,3,175,3,1,0,Internship,2.48,Tier 3
STU01345,Avni Iyer,23,Male,2024,Data Science,79.8,68.6,65.1,67.4,5.3,6.8,3,124,1,0,2,Job,7.38,Tier 2
STU01346,Sonam Chauhan,24,Female,2022,Cybersecurity,83.1,73.1,56.2,61.6,6.1,5.7,0,86,0,1,0,Job,6.65,Tier 2
STU01347,Ishaan Patel,22,Female,2023,Data Science,70.0,49.0,44.5,40.3,3.8,4.4,0,69,0,0,0,Job,6.55,Tier 2
STU01348,Krishna Arora,22,Male,2022,Cybersecurity,61.8,43.7,35.8,36.9,4.8,4.8,0,66,1,0,0,No Job,0.0,Not Placed
STU01349,Nitin Khanna,26,Male,2024,Data Science,74.0,53.9,56.0,45.9,4.0,5.4,0,48,1,0,3,No Job,0.0,Not Placed
STU01350,Saloni Rao,26,Male,2023,MERN,64.8,61.2,57.2,62.1,6.6,5.2,1,65,0,0,1,No Job,0.0,Not Placed
STU01351,Akshay Jain,21,Female,2022,Data Science,41.4,27.7,20.0,15.0,2.8,3.8,0,0,1,0,1,No Job,0.0,Not Placed
STU01352,Jatin Dixit,25,Male,2022,Data Science,72.6,54.2,57.2,52.4,5.9,4.8,0,78,1,0,0,No Job,0.0,Not Placed
STU01353,Shivam Arora,23,Male,2022,DevOps,82.0,70.3,78.1,84.4,5.4,5.8,1,176,2,0,0,Job,8.49,Tier 1
STU01354,Anjali Rao,23,Male,2023,Figma Designer,67.7,55.8,46.8,52.9,5.1,4.9,2,117,1,0,0,Internship,2.37,Tier 3
STU01355,Nandini Ghosh,21,Male,2024,Data Science,50.7,32.6,20.0,22.8,1.9,3.4,3,81,1,0,2,No Job,0.0,Not Placed
STU01356,Ravi Khanna,20,Female,2022,DevOps,68.7,56.1,44.6,46.6,4.8,4.8,3,133,4,0,0,Job,5.72,Tier 2
STU01357,Saloni Desai,21,Female,2022,Cybersecurity,56.8,49.3,66.3,47.5,5.0,6.1,0,73,3,0,0,No Job,0.0,Not Placed
STU01358,Tarun Kapoor,25,Male,2023,DevOps,72.8,62.0,61.2,67.1,4.8,5.5,5,177,2,0,0,Internship,2.19,Tier 2
STU01359,Ravi Nair,21,Male,2022,QA,62.8,56.3,57.8,54.8,5.1,6.5,0,35,1,0,1,No Job,0.0,Not Placed
STU01360,Pankaj Chawla,20,Male,2023,Data Science,85.9,90.9,91.4,80.5,7.9,7.9,1,189,1,1,0,Job,7.87,Tier 2
STU01361,Sachin Goyal,22,Male,2023,Figma Designer,63.7,51.0,52.4,50.2,6.4,3.9,0,102,4,1,0,No Job,0.0,Not Placed
STU01362,Swati Batra,23,Female,2023,MERN,64.4,66.5,53.6,51.4,4.8,5.0,4,119,3,1,3,Job,6.96,Tier 2
STU01363,Akash Sinha,25,Male,2024,MERN,55.6,41.9,33.2,42.6,5.3,3.9,1,117,0,0,1,No Job,0.0,Not Placed
STU01364,Kavya Gupta,19,Male,2024,QA,79.0,68.0,63.9,67.0,7.3,6.6,1,152,1,1,0,Job,5.82,Tier 2
STU01365,Uday Sinha,26,Male,2023,DevOps,81.0,83.5,86.7,83.5,6.2,7.5,0,181,1,1,0,Job,7.55,Tier 2
STU01366,Mihir Patel,21,Female,2024,DevOps,57.2,36.0,32.2,28.8,4.5,5.2,0,80,1,0,1,No Job,0.0,Not Placed
STU01367,Mihir Sharma,24,Female,2024,Cybersecurity,61.9,64.8,61.1,54.7,5.6,3.9,2,89,1,0,0,Internship,2.02,Tier 3
STU01368,Karan Sinha,22,Female,2022,DevOps,45.3,22.0,20.1,20.5,2.0,2.6,1,0,0,0,1,No Job,0.0,Not Placed
STU01369,Meena Shukla,23,Female,2022,Data Science,51.5,37.9,21.0,36.5,3.9,5.3,1,39,0,0,1,No Job,0.0,Not Placed
STU01370,Parth Shah,24,Female,2022,Cybersecurity,94.2,84.4,97.1,91.9,7.8,7.5,2,129,1,1,0,Internship,2.37,Tier 3
STU01371,Amit Mishra,20,Female,2023,Data Science,58.1,47.5,35.7,51.0,4.6,2.7,0,83,3,0,0,No Job,0.0,Not Placed
STU01372,Sneha Kaur,21,Male,2024,QA,64.6,63.4,54.1,64.6,5.2,7.1,5,197,2,1,3,Job,4.33,Tier 3
STU01373,Anushka Chawla,26,Male,2023,Figma Designer,57.8,41.1,36.7,32.3,3.5,4.5,0,48,1,0,0,No Job,0.0,Not Placed
STU01374,Uday Kaur,26,Female,2023,MERN,72.3,58.8,42.6,45.3,5.0,6.0,0,173,0,1,0,No Job,0.0,Not Placed
STU01375,Akshay Arora,19,Female,2023,DevOps,62.2,56.0,43.3,52.4,4.2,5.0,2,88,0,1,0,Job,6.82,Tier 2
STU01376,Pankaj Mishra,26,Female,2022,Data Science,67.7,54.7,56.4,42.2,5.2,5.1,1,79,2,0,1,No Job,0.0,Not Placed
STU01377,Ayush Singh,20,Female,2023,Data Science,72.5,60.7,44.8,50.7,5.1,3.7,0,93,0,0,0,No Job,0.0,Not Placed
STU01378,Ruchi Kapoor,26,Male,2022,Figma Designer,65.8,75.1,67.0,73.7,6.2,6.2,3,184,2,1,0,No Job,0.0,Not Placed
STU01379,Anish Khanna,23,Male,2022,Data Science,63.2,58.6,66.4,60.2,4.4,5.8,5,183,1,1,0,Job,6.86,Tier 2
STU01380,Nikhil Sinha,19,Other,2024,DevOps,51.7,42.3,35.6,39.7,3.2,4.2,1,71,0,0,0,No Job,0.0,Not Placed
STU01381,Akshay Agarwal,26,Female,2024,QA,56.2,38.1,42.9,50.1,4.2,4.9,0,86,1,1,0,No Job,0.0,Not Placed
STU01382,Ankit Kapoor,23,Male,2024,Figma Designer,54.7,27.3,29.5,18.3,1.4,2.9,0,0,3,0,1,No Job,0.0,Not Placed
STU01383,Shreya Yadav,19,Male,2024,DevOps,62.2,53.9,56.9,46.7,5.9,5.1,0,84,0,1,0,Job,6.31,Tier 2
STU01384,Sanjana Iyer,22,Male,2024,DevOps,63.8,54.6,45.5,67.0,6.1,5.5,0,68,4,0,0,No Job,0.0,Not Placed
STU01385,Uday Yadav,19,Male,2023,Cybersecurity,83.4,69.7,70.7,72.0,8.0,6.5,0,162,1,0,0,Internship,1.39,Tier 3
STU01386,Ishaan Sharma,27,Male,2023,Figma Designer,48.6,26.0,28.4,31.3,3.3,3.6,2,42,1,0,0,No Job,0.0,Not Placed
STU01387,Sahil Shah,20,Female,2023,Cybersecurity,44.3,51.3,44.5,39.3,3.7,5.0,0,27,2,0,0,No Job,0.0,Not Placed
STU01388,Yogesh Dubey,26,Male,2023,DevOps,42.8,42.2,38.4,34.4,3.6,4.4,1,66,2,1,0,Job,6.47,Tier 2
STU01389,Parth Kapoor,22,Female,2023,Data Science,70.5,52.9,51.4,47.5,3.8,4.2,1,90,1,0,2,No Job,0.0,Not Placed
STU01390,Mihir Mehta,27,Female,2024,Data Science,55.1,36.4,26.3,39.9,4.1,3.8,3,86,0,1,2,No Job,0.0,Not Placed
STU01391,Priya Roy,20,Female,2022,DevOps,60.2,61.8,48.9,49.4,2.9,4.6,0,45,2,0,2,No Job,0.0,Not Placed
STU01392,Mihir Iyer,21,Female,2023,Figma Designer,63.1,43.2,43.2,31.2,4.5,4.4,1,114,1,0,2,No Job,0.0,Not Placed
STU01393,Vanshika Shah,20,Female,2023,QA,60.4,54.4,44.4,44.6,4.5,7.0,0,51,1,1,0,No Job,0.0,Not Placed
STU01394,Varun Patel,23,Female,2022,Figma Designer,78.7,73.7,66.9,84.8,6.1,5.9,4,173,0,1,0,Job,6.0,Tier 2
STU01395,Mihir Patel,19,Male,2024,DevOps,69.0,63.7,50.1,36.5,4.4,5.4,2,106,1,1,1,Job,7.05,Tier 2
STU01396,Karan Trivedi,21,Female,2022,QA,59.1,55.4,54.6,46.4,5.1,4.9,2,133,2,0,2,No Job,0.0,Not Placed
STU01397,Ayush Trivedi,19,Male,2023,QA,78.0,86.9,76.3,77.2,6.9,7.4,1,109,0,0,0,Job,5.65,Tier 2
STU01398,Ankit Tiwari,26,Female,2022,Cybersecurity,59.8,57.8,48.0,56.1,5.3,6.4,3,145,1,1,0,Job,7.27,Tier 2
STU01399,Pooja Gupta,22,Male,2024,MERN,52.3,32.7,24.6,35.3,2.7,4.4,0,30,1,0,1,No Job,0.0,Not Placed
STU01400,Anil Tiwari,21,Male,2023,DevOps,50.9,35.0,20.0,40.4,2.1,4.8,2,79,1,0,1,No Job,0.0,Not Placed
STU01401,Aarav Arora,26,Male,2023,QA,59.8,44.2,28.6,35.5,5.3,2.7,0,19,4,0,0,No Job,0.0,Not Placed
STU01402,Nitin Patel,27,Female,2024,MERN,52.9,44.3,35.7,28.2,4.4,5.1,1,43,4,0,0,No Job,0.0,Not Placed
STU01403,Swati Dixit,26,Male,2023,Figma Designer,78.1,80.0,76.6,79.9,9.1,7.8,5,243,1,0,0,Job,6.71,Tier 2
STU01404,Zara Srivastava,24,Female,2022,MERN,53.8,39.2,20.0,43.8,4.1,3.5,0,82,0,0,0,No Job,0.0,Not Placed
STU01405,Ayush Nair,21,Female,2022,QA,70.5,44.9,37.3,36.9,6.2,4.6,0,42,1,1,0,Job,4.93,Tier 3
STU01406,Ritesh Roy,26,Male,2024,Cybersecurity,58.3,51.2,45.9,48.3,3.5,5.1,0,66,3,0,0,Job,6.42,Tier 2
STU01407,Anand Kaur,23,Female,2023,QA,61.6,61.9,49.7,52.3,3.6,6.9,1,74,1,0,0,Job,4.78,Tier 3
STU01408,Rajni Ghosh,23,Male,2022,DevOps,54.8,50.7,40.0,37.5,3.5,4.2,1,69,1,0,3,No Job,0.0,Not Placed
STU01409,Ashish Khanna,27,Male,2022,Figma Designer,70.8,67.3,65.2,57.0,5.7,5.0,0,60,2,0,1,No Job,0.0,Not Placed
STU01410,Seema Yadav,19,Female,2022,Cybersecurity,48.5,40.8,23.5,33.8,2.6,3.0,0,0,2,0,0,No Job,0.0,Not Placed
STU01411,Saloni Bhatt,25,Male,2023,MERN,56.5,37.2,35.0,35.9,4.6,2.4,1,100,1,0,2,No Job,0.0,Not Placed
STU01412,Ishaan Verma,26,Other,2022,Cybersecurity,71.9,70.8,61.8,75.7,7.2,7.0,1,135,1,0,0,Job,7.02,Tier 2
STU01413,Prachi Khanna,21,Female,2022,MERN,53.0,35.4,37.3,37.9,4.6,4.8,1,39,1,0,2,No Job,0.0,Not Placed
STU01414,Uday Chopra,26,Female,2023,MERN,76.7,79.2,77.9,80.8,7.2,3.9,2,225,0,0,0,Job,6.78,Tier 2
STU01415,Rohit Chopra,19,Female,2023,MERN,89.6,99.0,69.3,75.9,6.9,7.9,1,137,1,0,0,Job,7.37,Tier 2
STU01416,Sara Varma,26,Female,2023,QA,80.9,80.4,77.9,93.3,8.2,6.4,0,124,1,1,0,Job,6.15,Tier 2
STU01417,Aarav Yadav,25,Male,2023,DevOps,78.5,63.7,80.2,52.1,7.6,5.5,4,176,4,1,2,Job,7.74,Tier 2
STU01418,Mehak Kumar,22,Male,2023,Cybersecurity,62.3,30.7,37.9,35.2,3.1,2.4,2,75,0,0,1,No Job,0.0,Not Placed
STU01419,Tarun Kumar,25,Male,2023,MERN,51.1,25.8,20.0,19.2,2.4,2.5,0,0,0,0,0,No Job,0.0,Not Placed
STU01420,Ashish Bhatt,25,Female,2024,MERN,52.4,31.7,31.5,21.2,4.7,4.4,4,143,2,0,1,No Job,0.0,Not Placed
STU01421,Avni Kapoor,19,Male,2022,Figma Designer,49.6,32.0,21.8,46.3,5.5,5.1,5,139,1,0,0,No Job,0.0,Not Placed
STU01422,Vanshika Rao,21,Female,2023,Cybersecurity,44.6,32.6,20.0,28.4,5.7,2.9,0,43,0,0,1,No Job,0.0,Not Placed
STU01423,Vineeta Sharma,25,Male,2023,Figma Designer,45.2,30.3,31.1,28.1,4.7,2.8,1,52,4,0,0,No Job,0.0,Not Placed
STU01424,Anjali Ghosh,23,Male,2022,Data Science,78.0,72.4,62.7,62.9,5.8,5.7,0,107,0,1,0,Internship,2.43,Tier 3
STU01425,Saloni Chawla,27,Male,2024,Data Science,74.3,72.5,65.6,59.6,4.8,4.9,1,139,3,0,0,No Job,0.0,Not Placed
STU01426,Gaurav Varma,25,Female,2022,QA,66.6,55.5,58.4,54.3,5.3,5.6,2,107,2,0,0,Job,5.98,Tier 2
STU01427,Nikhil Bhatt,21,Female,2023,Cybersecurity,61.3,53.0,50.6,46.7,3.9,5.8,3,141,2,0,2,No Job,0.0,Not Placed
STU01428,Akshay Pillai,19,Male,2023,Data Science,58.3,55.5,56.4,41.9,3.9,4.2,1,96,3,0,0,No Job,0.0,Not Placed
STU01429,Surbhi Chopra,23,Female,2022,MERN,71.0,66.3,61.4,59.1,6.2,5.9,1,68,0,0,3,No Job,0.0,Not Placed
STU01430,Pooja Dixit,23,Male,2023,QA,56.7,46.7,48.8,44.2,4.0,5.8,1,51,0,1,0,No Job,0.0,Not Placed
STU01431,Karan Rastogi,25,Female,2023,DevOps,73.2,64.3,73.2,76.9,6.2,6.3,0,104,1,0,1,Job,8.22,Tier 1
STU01432,Yash Nair,19,Male,2024,Cybersecurity,45.2,32.0,23.5,40.8,4.9,4.3,3,66,4,0,0,No Job,0.0,Not Placed
STU01433,Sahil Rao,20,Male,2024,MERN,51.6,39.4,20.1,38.8,2.2,3.7,1,60,0,0,2,No Job,0.0,Not Placed
STU01434,Anand Srivastava,24,Female,2022,MERN,61.3,43.3,25.3,41.5,3.0,5.4,5,103,0,1,1,No Job,0.0,Not Placed
STU01435,Dev Desai,26,Female,2023,Figma Designer,76.3,59.1,61.5,50.9,6.3,6.1,1,96,2,1,0,Internship,1.37,Tier 3
STU01436,Pranav Ghosh,22,Male,2024,MERN,45.6,23.7,24.6,34.0,3.1,3.1,2,58,0,0,1,No Job,0.0,Not Placed
STU01437,Meena Bansal,21,Male,2022,DevOps,59.4,29.7,43.5,53.5,3.4,5.9,1,53,1,0,0,No Job,0.0,Not Placed
STU01438,Maya Sharma,21,Female,2023,QA,64.8,49.5,42.6,47.0,5.8,3.6,0,63,2,1,0,No Job,0.0,Not Placed
STU01439,Priya Garg,21,Female,2024,MERN,53.3,29.0,35.8,30.4,3.8,5.3,2,77,3,0,1,No Job,0.0,Not Placed
STU01440,Varun Tiwari,20,Female,2023,MERN,80.6,77.4,68.6,69.7,4.2,5.0,2,157,1,1,0,No Job,0.0,Not Placed
STU01441,Shivam Dixit,19,Female,2022,Cybersecurity,71.4,68.8,59.8,66.4,5.4,6.1,3,164,0,0,0,Job,8.4,Tier 1
STU01442,Ayush Sharma,23,Female,2023,DevOps,57.9,45.9,52.2,44.2,3.0,5.7,5,122,2,1,0,No Job,0.0,Not Placed
STU01443,Ankita Mishra,23,Male,2023,DevOps,56.4,51.0,42.6,47.4,5.9,4.1,5,167,1,1,0,Job,4.77,Tier 3
STU01444,Vanshika Arora,23,Male,2024,MERN,83.6,75.7,86.4,71.0,6.2,7.6,4,231,2,1,0,Job,7.88,Tier 2
STU01445,Ankit Rastogi,22,Male,2022,DevOps,70.0,69.8,75.3,60.0,4.8,4.3,3,171,0,1,0,Job,8.09,Tier 1
STU01446,Suresh Goyal,21,Male,2024,Cybersecurity,72.7,65.4,54.2,66.4,4.5,5.4,0,111,0,1,0,Internship,1.95,Tier 3
STU01447,Ishaan Rastogi,21,Female,2023,Cybersecurity,77.3,78.8,65.7,90.4,7.6,8.0,1,168,3,1,0,No Job,0.0,Not Placed
STU01448,Tanvi Dubey,20,Female,2022,Data Science,62.7,37.9,35.8,40.0,3.3,4.0,0,6,1,0,0,No Job,0.0,Not Placed
STU01449,Anish Ghosh,23,Male,2023,Cybersecurity,79.9,71.9,80.2,68.5,7.7,7.3,2,148,0,0,0,Internship,0.91,Tier 3
STU01450,Ashish Srivastava,22,Male,2023,Figma Designer,69.7,64.3,54.3,64.5,6.2,6.3,1,85,2,1,0,No Job,0.0,Not Placed
STU01451,Ashu Desai,24,Female,2022,DevOps,83.8,75.4,65.0,64.7,7.8,5.5,2,128,2,0,0,Job,8.32,Tier 1
STU01452,Dev Srivastava,20,Female,2022,Cybersecurity,61.0,53.5,44.4,45.6,4.1,3.3,2,41,3,0,0,No Job,0.0,Not Placed
STU01453,Nikita Garg,20,Male,2024,DevOps,83.3,88.6,77.8,73.2,5.6,7.2,0,171,2,1,0,Job,8.52,Tier 1
STU01454,Shivam Kaur,26,Female,2024,QA,46.7,33.5,20.0,24.4,2.6,3.8,1,17,2,0,3,No Job,0.0,Not Placed
STU01455,Harsh Joshi,24,Male,2023,Figma Designer,60.7,49.3,47.2,42.2,1.9,4.0,0,102,3,1,1,No Job,0.0,Not Placed
STU01456,Sanjana Verma,21,Female,2022,Data Science,62.9,56.9,49.2,47.8,5.8,5.2,0,123,1,0,0,Job,7.71,Tier 2
STU01457,Ishaan Kapoor,23,Female,2024,DevOps,67.3,64.4,66.1,73.9,6.0,6.1,1,103,1,0,0,No Job,0.0,Not Placed
STU01458,Tarun Rastogi,21,Male,2023,MERN,51.9,28.7,29.7,16.7,1.9,2.5,1,27,0,0,1,No Job,0.0,Not Placed
STU01459,Sourabh Sinha,20,Male,2022,MERN,55.3,44.9,30.0,30.9,3.0,4.8,0,59,0,0,0,No Job,0.0,Not Placed
STU01460,Yogesh Dutta,21,Female,2024,Data Science,44.9,37.3,30.3,34.4,4.7,4.1,0,33,3,0,1,No Job,0.0,Not Placed
STU01461,Varun Iyer,19,Male,2022,QA,62.0,32.4,30.8,36.4,4.3,4.1,2,89,0,0,3,No Job,0.0,Not Placed
STU01462,Ayush Gandhi,25,Male,2023,Data Science,58.2,37.7,33.5,49.9,5.4,4.1,2,89,1,0,0,No Job,0.0,Not Placed
STU01463,Ayush Chopra,24,Female,2023,DevOps,61.9,54.8,43.9,54.9,4.4,5.8,0,125,3,0,2,Internship,1.62,Tier 3
STU01464,Lalit Srivastava,23,Male,2023,Cybersecurity,90.5,88.8,83.2,82.3,5.6,6.6,0,132,0,0,0,Job,8.3,Tier 1
STU01465,Vineeta Chawla,24,Male,2022,Data Science,68.8,65.8,44.9,38.2,4.9,3.1,2,110,1,0,0,No Job,0.0,Not Placed
STU01466,Deepak Verma,26,Female,2023,Figma Designer,85.0,82.0,76.4,79.2,7.6,8.4,0,131,2,1,0,Job,6.81,Tier 2
STU01467,Surbhi Dubey,21,Male,2024,QA,66.8,60.7,48.0,49.3,5.4,3.3,0,58,1,0,0,Internship,1.36,Tier 3
STU01468,Sanjay Kaur,21,Male,2023,DevOps,64.9,43.1,46.2,40.9,4.4,6.2,0,39,1,0,2,No Job,0.0,Not Placed
STU01469,Vikram Malhotra,23,Male,2023,MERN,62.5,62.3,60.7,57.4,8.9,5.5,0,146,2,1,0,No Job,0.0,Not Placed
STU01470,Bhavna Nair,23,Male,2022,MERN,67.9,56.4,51.1,48.4,6.7,4.5,1,110,1,0,0,No Job,0.0,Not Placed
STU01471,Geeta Gandhi,19,Female,2024,Cybersecurity,58.3,30.6,34.8,38.8,3.4,6.1,0,62,1,0,0,No Job,0.0,Not Placed
STU01472,Sakshi Arora,22,Other,2024,Data Science,79.7,78.3,75.8,76.6,6.0,4.4,2,184,0,0,0,Job,7.97,Tier 2
STU01473,Geeta Kapoor,27,Female,2024,Cybersecurity,65.9,52.6,38.8,52.2,4.3,5.1,1,93,3,1,0,Internship,1.46,Tier 3
STU01474,Ruchi Mishra,26,Male,2023,QA,80.1,82.8,78.8,75.7,8.4,8.2,1,167,4,0,0,Internship,1.19,Tier 2
STU01475,Meena Rao,21,Male,2024,MERN,55.8,42.8,40.5,39.4,5.4,4.3,1,96,2,0,0,No Job,0.0,Not Placed
STU01476,Ruchi Khanna,23,Female,2022,QA,52.2,37.0,20.0,29.0,4.1,4.2,3,79,4,0,1,No Job,0.0,Not Placed
STU01477,Seema Verma,23,Female,2023,Data Science,49.3,45.8,39.0,41.5,3.9,5.5,1,44,1,0,0,No Job,0.0,Not Placed
STU01478,Rohit Kaur,25,Female,2023,Figma Designer,60.0,49.4,49.4,32.0,5.0,4.4,0,65,1,0,1,No Job,0.0,Not Placed
STU01479,Krishna Shukla,26,Female,2023,Data Science,57.9,55.3,52.4,49.2,5.2,6.3,1,112,3,0,0,Job,6.05,Tier 2
STU01480,Palak Reddy,27,Male,2024,Cybersecurity,62.9,48.0,28.6,38.6,3.9,4.4,1,49,1,0,0,Job,6.15,Tier 2
STU01481,Nandini Bansal,25,Male,2023,MERN,43.9,31.4,42.4,33.6,3.8,3.4,4,86,0,1,0,No Job,0.0,Not Placed
STU01482,Parth Jain,20,Female,2022,QA,61.5,47.1,39.4,65.9,6.1,5.3,1,120,2,0,0,Job,4.54,Tier 3
STU01483,Deepak Patel,26,Female,2023,DevOps,66.4,62.2,55.5,55.1,5.8,6.3,0,75,0,1,2,No Job,0.0,Not Placed
STU01484,Harsh Sinha,26,Male,2023,Data Science,76.4,59.2,52.1,57.9,4.6,4.9,0,81,1,0,0,Job,7.18,Tier 2
STU01485,Vikas Malhotra,20,Male,2023,DevOps,66.4,58.4,52.4,57.5,4.2,4.9,1,133,3,0,0,Job,5.68,Tier 2
STU01486,Uday Chopra,24,Male,2022,MERN,73.8,77.8,85.4,72.5,7.3,5.5,3,176,1,1,0,Job,6.9,Tier 2
STU01487,Vidya Goyal,19,Male,2022,Cybersecurity,60.3,47.6,40.7,53.5,4.5,4.9,0,101,3,1,0,No Job,0.0,Not Placed
STU01488,Rajni Agarwal,25,Male,2023,Figma Designer,51.8,20.0,20.0,26.6,2.7,2.5,1,0,2,0,1,No Job,0.0,Not Placed
STU01489,Vikas Bhatt,20,Female,2024,MERN,67.3,62.0,56.9,54.8,4.8,5.7,1,105,4,1,0,Job,5.44,Tier 3
STU01490,Aditya Agarwal,23,Female,2024,MERN,63.9,55.9,38.3,63.0,5.7,3.6,1,85,0,1,0,Job,6.62,Tier 2
STU01491,Akash Srivastava,25,Female,2024,Data Science,68.2,67.3,69.6,65.1,4.9,5.7,0,128,1,1,0,Job,7.01,Tier 2
STU01492,Tarun Rastogi,27,Other,2024,DevOps,46.5,32.9,22.6,38.6,3.9,4.8,3,101,2,0,1,No Job,0.0,Not Placed
STU01493,Pooja Trivedi,19,Male,2022,MERN,87.0,85.7,74.9,80.1,5.9,6.7,2,123,2,0,0,No Job,0.0,Not Placed
STU01494,Tanvi Varma,27,Female,2024,MERN,68.0,62.9,48.5,66.6,5.3,6.2,4,176,2,0,3,Internship,1.36,Tier 3
STU01495,Shivam Dixit,23,Female,2023,Data Science,59.8,62.6,46.4,63.7,5.3,6.0,0,100,3,0,2,No Job,0.0,Not Placed
STU01496,Ayush Sinha,24,Female,2024,DevOps,78.8,70.2,67.4,76.6,7.1,6.8,1,162,1,0,0,Job,7.65,Tier 2
STU01497,Simran Mishra,26,Female,2023,Figma Designer,80.2,81.0,85.1,73.8,6.3,5.4,0,146,4,0,0,No Job,0.0,Not Placed
STU01498,Pranav Tiwari,20,Male,2024,MERN,68.1,67.1,61.4,62.4,7.2,5.6,0,150,2,0,0,Job,6.91,Tier 2
STU01499,Yash Gandhi,25,Female,2023,Cybersecurity,40.0,20.0,20.0,16.4,1.4,3.6,2,0,4,0,3,No Job,0.0,Not Placed
STU01500,Anil Sharma,22,Male,2022,QA,53.5,26.0,30.5,20.1,1.8,1.9,0,31,0,0,0,No Job,0.0,Not Placed
STU01501,Sanjay Trivedi,27,Male,2023,QA,65.0,52.5,50.2,44.1,4.9,3.1,0,105,1,0,0,No Job,0.0,Not Placed
STU01502,Shreya Dutta,24,Male,2022,MERN,48.5,28.0,23.9,26.7,3.3,3.7,1,41,2,0,0,No Job,0.0,Not Placed
STU01503,Sahil Garg,25,Male,2024,Cybersecurity,46.9,35.7,35.9,28.1,3.2,4.4,2,89,0,0,0,No Job,0.0,Not Placed
STU01504,Anushka Roy,24,Male,2023,QA,66.0,46.7,57.1,55.4,4.0,4.6,1,97,1,0,0,Internship,1.12,Tier 3
STU01505,Mira Joshi,26,Male,2023,Data Science,65.4,38.1,44.6,51.1,3.6,3.0,0,95,2,1,1,No Job,0.0,Not Placed
STU01506,Ritesh Goyal,24,Male,2024,DevOps,64.4,54.0,49.5,46.3,5.3,6.2,4,153,0,1,2,Job,6.0,Tier 2
STU01507,Suresh Chauhan,25,Male,2023,MERN,76.8,71.8,65.3,76.5,6.3,6.0,0,89,2,1,0,Internship,1.54,Tier 3
STU01508,Nandini Jain,26,Male,2023,MERN,92.3,89.3,98.0,100.0,5.8,5.7,4,202,4,1,0,Internship,0.84,Tier 3
STU01509,Uday Batra,19,Female,2022,MERN,56.7,55.9,56.0,64.7,4.9,3.1,1,87,0,0,0,Job,6.24,Tier 2
STU01510,Vishal Batra,22,Female,2023,QA,82.7,84.4,73.8,68.3,5.9,7.3,0,133,3,0,0,Internship,0.98,Tier 3
STU01511,Avni Dixit,24,Female,2024,Data Science,65.7,62.1,51.0,56.0,3.6,4.7,0,59,1,0,1,No Job,0.0,Not Placed
STU01512,Deepika Shah,19,Female,2024,DevOps,54.1,50.0,25.4,42.4,5.1,3.8,1,81,0,0,1,No Job,0.0,Not Placed
STU01513,Divya Shukla,22,Male,2024,DevOps,50.4,48.4,51.6,55.3,4.8,5.9,5,203,1,0,0,No Job,0.0,Not Placed
STU01514,Uma Kapoor,24,Male,2022,DevOps,66.4,55.8,50.5,65.0,6.7,5.4,3,99,1,0,0,Job,6.46,Tier 2
STU01515,Mohit Srivastava,25,Male,2022,Cybersecurity,73.7,74.5,68.1,64.8,6.5,6.0,5,136,1,1,0,Job,8.36,Tier 1
STU01516,Vaibhav Kapoor,24,Female,2022,MERN,73.7,55.6,57.0,62.2,5.7,5.2,1,96,3,0,0,Job,5.67,Tier 2
STU01517,Renu Singh,22,Female,2024,Figma Designer,76.7,83.2,81.5,71.8,6.9,6.3,2,163,1,1,0,Job,6.52,Tier 2
STU01518,Lalit Batra,25,Male,2022,DevOps,67.2,65.2,59.3,53.0,6.4,5.8,1,79,1,0,0,Job,6.78,Tier 2
STU01519,Nitin Yadav,20,Male,2022,DevOps,47.9,40.2,40.4,26.0,5.3,2.8,0,49,1,0,1,No Job,0.0,Not Placed
STU01520,Avni Gupta,24,Female,2023,QA,64.6,52.0,50.1,57.3,4.6,4.4,0,26,4,0,0,Job,5.48,Tier 3
STU01521,Rajesh Batra,23,Male,2023,MERN,49.9,54.1,39.7,33.6,1.8,3.3,0,39,2,1,0,Job,5.35,Tier 3
STU01522,Sonam Garg,20,Male,2024,Data Science,72.1,62.9,65.3,54.5,4.1,6.2,0,83,0,0,0,No Job,0.0,Not Placed
STU01523,Aditya Kumar,27,Female,2023,Cybersecurity,57.7,49.2,43.4,50.7,4.2,5.9,2,76,3,1,0,No Job,0.0,Not Placed
STU01524,Uday Goyal,25,Female,2023,DevOps,68.2,61.0,55.8,69.4,5.3,5.4,2,116,2,0,0,Job,6.97,Tier 2
STU01525,Nikhil Batra,21,Female,2023,Figma Designer,68.1,55.9,55.6,43.6,4.2,5.4,1,102,0,0,0,No Job,0.0,Not Placed
STU01526,Deepika Roy,25,Male,2024,Figma Designer,69.0,62.6,53.4,62.8,6.0,4.4,1,140,0,1,0,Job,5.4,Tier 3
STU01527,Harsh Iyer,24,Female,2023,MERN,75.2,64.5,71.0,56.5,6.4,6.6,0,134,1,1,0,Job,7.24,Tier 2
STU01528,Asha Rao,25,Female,2023,MERN,68.6,49.1,39.9,65.7,5.3,6.3,0,102,0,0,0,Job,5.81,Tier 2
STU01529,Nitin Jain,22,Female,2023,MERN,63.8,44.4,26.1,39.5,3.9,4.1,1,94,2,0,1,No Job,0.0,Not Placed
STU01530,Maya Jain,26,Female,2022,MERN,63.0,40.4,43.6,53.2,2.3,4.2,1,65,0,0,0,Job,4.98,Tier 3
STU01531,Bhavna Kumar,26,Female,2024,QA,56.0,40.0,33.8,36.8,5.8,3.9,1,108,1,1,1,No Job,0.0,Not Placed
STU01532,Vinay Dutta,25,Female,2022,QA,54.1,48.0,41.8,38.7,3.8,5.5,3,97,2,0,2,Job,3.98,Tier 3
STU01533,Harsh Singh,25,Male,2024,DevOps,81.5,75.1,86.6,62.9,6.4,7.9,2,162,2,1,0,Job,7.74,Tier 2
STU01534,Harsha Sharma,26,Male,2022,Data Science,57.1,49.8,31.6,58.9,4.9,5.0,2,143,2,0,0,Internship,1.75,Tier 2
STU01535,Pooja Jain,19,Male,2024,MERN,66.9,55.7,54.6,64.1,4.7,5.3,0,118,1,0,0,Job,5.98,Tier 2
STU01536,Manisha Yadav,24,Female,2024,MERN,58.2,65.5,71.0,54.2,5.5,5.7,0,89,0,0,0,Job,6.25,Tier 2
STU01537,Tushar Pillai,20,Female,2023,QA,66.4,71.5,60.2,66.1,4.3,6.2,0,101,1,1,0,Internship,0.97,Tier 2
STU01538,Naman Reddy,19,Male,2023,Data Science,61.5,61.0,56.2,56.5,5.3,6.3,2,112,1,0,0,No Job,0.0,Not Placed
STU01539,Ashu Nair,25,Male,2023,QA,85.2,76.2,85.9,71.2,8.0,8.8,1,203,2,1,0,Job,6.65,Tier 2
STU01540,Manish Dubey,24,Female,2023,Cybersecurity,72.9,66.1,57.1,66.3,5.5,6.0,0,125,2,0,0,Internship,1.3,Tier 3
STU01541,Neha Yadav,23,Male,2022,Cybersecurity,59.4,35.4,20.0,42.0,3.9,6.3,4,82,1,0,1,No Job,0.0,Not Placed
STU01542,Isha Gupta,23,Male,2023,DevOps,63.9,55.7,51.0,63.4,6.0,6.1,1,101,1,0,0,No Job,0.0,Not Placed
STU01543,Rajan Batra,27,Male,2024,Cybersecurity,72.8,62.3,54.3,55.9,6.2,5.2,1,145,0,0,0,No Job,0.0,Not Placed
STU01544,Avni Mishra,27,Male,2022,Cybersecurity,44.0,30.6,24.5,27.0,5.2,4.9,5,104,2,0,1,No Job,0.0,Not Placed
STU01545,Arjun Chauhan,24,Female,2024,QA,45.9,20.0,20.0,15.0,2.7,5.1,0,0,2,0,0,No Job,0.0,Not Placed
STU01546,Manish Garg,21,Male,2023,DevOps,63.9,52.1,57.0,59.0,4.9,4.8,1,103,3,0,0,No Job,0.0,Not Placed
STU01547,Ritesh Sinha,25,Male,2023,DevOps,67.9,59.7,49.5,53.3,3.6,4.6,2,72,0,0,3,No Job,0.0,Not Placed
STU01548,Anil Mehta,22,Female,2024,Cybersecurity,51.0,45.1,33.9,31.9,3.2,4.3,4,42,3,1,0,No Job,0.0,Not Placed
STU01549,Aryan Bhatt,23,Male,2023,Data Science,55.4,52.9,41.8,47.4,3.1,4.0,3,115,3,1,1,No Job,0.0,Not Placed
STU01550,Palak Dixit,25,Male,2023,DevOps,66.1,44.2,37.6,51.0,4.4,5.8,0,31,2,1,1,No Job,0.0,Not Placed
STU01551,Meena Bansal,25,Female,2024,Figma Designer,61.8,44.6,45.3,47.7,4.6,4.3,0,52,1,0,0,No Job,0.0,Not Placed
STU01552,Rohit Varma,26,Female,2024,Data Science,64.5,53.7,51.9,54.6,5.7,5.0,0,103,3,1,0,No Job,0.0,Not Placed
STU01553,Yogesh Pillai,19,Male,2022,MERN,70.0,63.1,57.0,65.1,5.4,5.9,0,79,1,0,0,No Job,0.0,Not Placed
STU01554,Vinay Chauhan,23,Male,2023,MERN,72.2,65.7,82.2,58.5,6.1,7.6,2,120,2,1,0,Job,6.84,Tier 2
STU01555,Sahil Yadav,27,Male,2023,Cybersecurity,77.5,67.8,75.9,68.9,6.7,5.3,0,134,1,0,0,Job,8.06,Tier 1
STU01556,Mehak Jain,25,Female,2022,Data Science,73.5,75.0,63.9,71.6,6.9,4.8,1,109,3,1,0,Internship,1.94,Tier 3
STU01557,Komal Shah,20,Male,2022,Cybersecurity,49.7,37.2,24.2,41.3,3.3,4.6,2,106,0,0,0,No Job,0.0,Not Placed
STU01558,Lalit Mehta,19,Male,2023,Data Science,66.7,63.8,63.0,57.1,4.6,4.0,2,115,1,0,0,Internship,2.32,Tier 3
STU01559,Rahul Patel,26,Male,2023,Data Science,40.2,22.2,20.0,19.3,4.5,3.0,2,48,1,0,1,No Job,0.0,Not Placed
STU01560,Pooja Shukla,27,Female,2024,Cybersecurity,54.0,49.6,39.0,36.1,3.8,4.6,0,90,3,0,0,Internship,1.0,Tier 3
STU01561,Sandeep Kapoor,23,Male,2024,MERN,40.0,20.0,20.0,15.0,3.2,3.5,1,0,1,0,0,No Job,0.0,Not Placed
STU01562,Renu Bhatt,24,Male,2023,Figma Designer,67.3,45.5,38.7,53.5,5.7,3.7,3,81,1,1,2,No Job,0.0,Not Placed
STU01563,Tushar Chauhan,20,Male,2022,Data Science,58.2,52.8,38.8,40.9,3.8,4.5,1,37,2,1,0,Internship,1.01,Tier 2
STU01564,Shreya Batra,23,Male,2022,DevOps,69.8,61.0,62.1,61.4,6.1,5.2,0,113,1,0,1,Job,7.14,Tier 2
STU01565,Vaibhav Sinha,22,Female,2023,Data Science,52.6,39.1,30.4,50.5,4.4,3.4,0,46,2,0,0,No Job,0.0,Not Placed
STU01566,Zara Shah,26,Female,2023,MERN,69.1,50.9,57.4,59.8,6.9,5.5,4,152,3,1,0,Internship,1.57,Tier 2
STU01567,Aarav Kumar,26,Female,2022,Figma Designer,54.5,38.0,43.6,41.7,4.5,5.2,0,84,0,0,2,No Job,0.0,Not Placed
STU01568,Neha Sharma,23,Female,2023,Figma Designer,52.3,54.0,50.0,45.3,4.4,4.7,2,90,1,0,1,No Job,0.0,Not Placed
STU01569,Rajan Tiwari,26,Male,2024,Data Science,65.4,46.8,27.3,51.2,4.8,4.8,0,107,1,0,2,No Job,0.0,Not Placed
STU01570,Mohit Verma,24,Female,2024,DevOps,70.5,60.2,54.8,54.5,4.7,4.5,0,108,1,0,0,Internship,1.85,Tier 2
STU01571,Nitin Rao,24,Male,2024,Cybersecurity,59.2,48.2,49.9,48.2,4.8,5.5,0,68,3,0,0,No Job,0.0,Not Placed
STU01572,Sandeep Kumar,22,Male,2023,Data Science,51.6,33.5,30.6,33.7,1.9,4.8,0,3,4,0,0,No Job,0.0,Not Placed
STU01573,Shivam Sharma,21,Female,2022,Data Science,63.0,59.3,49.1,66.2,7.3,5.9,1,82,2,1,0,Internship,2.16,Tier 3
STU01574,Sanjana Pillai,27,Female,2022,Figma Designer,60.2,65.3,52.3,58.4,6.8,3.6,3,168,0,1,3,Job,5.47,Tier 3
STU01575,Deepika Verma,23,Female,2024,Figma Designer,78.4,83.6,92.8,75.1,6.8,7.4,1,191,0,1,0,Internship,2.24,Tier 3
STU01576,Vidya Pillai,22,Female,2023,Figma Designer,59.3,49.4,43.8,48.8,3.5,5.0,2,115,0,0,2,No Job,0.0,Not Placed
STU01577,Sanjay Nair,24,Other,2023,QA,69.3,50.2,28.5,59.9,3.7,5.9,0,44,1,0,2,Job,4.91,Tier 3
STU01578,Amit Shah,22,Male,2022,Cybersecurity,52.7,38.4,20.0,24.3,4.0,2.9,3,75,0,1,2,No Job,0.0,Not Placed
STU01579,Naman Nair,24,Female,2023,MERN,65.0,61.3,31.7,51.4,3.6,5.0,4,134,1,0,0,Job,5.49,Tier 3
STU01580,Anushka Dixit,26,Female,2022,Data Science,52.6,35.7,20.0,28.7,2.6,3.8,0,71,2,0,0,No Job,0.0,Not Placed
STU01581,Sachin Goyal,26,Female,2022,Data Science,73.3,73.7,62.7,79.8,5.1,4.7,3,175,1,1,0,No Job,0.0,Not Placed
STU01582,Mohit Rao,24,Female,2023,Cybersecurity,70.1,71.4,71.0,54.8,5.7,5.8,2,119,1,1,0,Internship,2.22,Tier 3
STU01583,Vidya Malhotra,19,Female,2023,QA,59.4,51.5,38.5,44.8,3.9,2.5,1,26,0,0,2,No Job,0.0,Not Placed
STU01584,Rohit Chauhan,19,Female,2022,QA,51.6,38.8,25.7,31.2,5.6,4.0,3,101,0,0,1,Internship,1.07,Tier 3
STU01585,Kunal Desai,21,Male,2022,Figma Designer,60.8,51.8,36.2,56.5,3.7,4.5,3,53,1,0,0,No Job,0.0,Not Placed
STU01586,Lakshmi Sharma,20,Female,2024,QA,79.2,74.7,69.5,89.1,7.1,5.9,1,148,0,1,0,No Job,0.0,Not Placed
STU01587,Nandini Varma,19,Male,2023,Figma Designer,58.8,47.1,33.0,51.5,3.6,4.8,1,101,2,0,0,No Job,0.0,Not Placed
STU01588,Sandeep Iyer,19,Male,2023,MERN,68.4,52.8,45.0,49.1,4.0,3.8,2,115,0,1,0,Job,6.21,Tier 2
STU01589,Vikram Kapoor,24,Male,2023,QA,80.6,86.7,75.2,69.9,7.2,5.9,0,154,3,0,0,Internship,1.15,Tier 2
STU01590,Priya Reddy,25,Male,2024,DevOps,68.3,71.4,59.4,62.8,6.4,7.1,0,69,3,0,0,Job,6.77,Tier 2
STU01591,Simran Chawla,26,Male,2022,MERN,50.2,24.5,20.0,28.7,3.1,3.2,1,3,0,0,1,No Job,0.0,Not Placed
STU01592,Rajan Ghosh,21,Male,2022,Figma Designer,40.0,22.4,20.0,38.4,1.6,2.9,0,0,0,0,3,No Job,0.0,Not Placed
STU01593,Sakshi Rastogi,19,Male,2023,Figma Designer,65.0,52.9,52.0,53.3,5.8,4.5,0,62,0,1,0,No Job,0.0,Not Placed
STU01594,Ritesh Joshi,23,Male,2022,Data Science,81.6,87.3,84.0,82.0,8.2,8.4,0,166,4,0,0,Job,9.56,Tier 1
STU01595,Seema Ghosh,26,Male,2023,Data Science,77.3,74.7,69.5,74.3,7.2,6.9,0,151,0,1,0,Internship,2.27,Tier 2
STU01596,Manisha Chawla,22,Male,2023,Cybersecurity,68.6,55.8,53.9,53.7,7.1,4.6,1,121,1,1,0,No Job,0.0,Not Placed
STU01597,Ayush Trivedi,20,Female,2024,Cybersecurity,75.6,70.3,71.6,64.6,5.2,6.2,1,118,3,1,0,Internship,1.05,Tier 2
STU01598,Divya Verma,27,Male,2024,Figma Designer,85.7,66.6,73.2,80.1,6.7,7.0,4,168,0,1,0,Job,5.06,Tier 3
STU01599,Anushka Shukla,27,Male,2024,MERN,56.7,37.4,21.9,22.8,3.6,4.1,1,18,2,0,1,No Job,0.0,Not Placed
STU01600,Nikhil Kapoor,21,Male,2022,Data Science,67.0,60.1,56.5,62.5,5.2,6.2,4,160,0,1,0,No Job,0.0,Not Placed
STU01601,Sakshi Bhatt,25,Male,2024,MERN,81.5,71.0,71.7,69.0,6.6,8.0,1,211,1,1,3,Internship,0.9,Tier 2
STU01602,Aditya Khanna,19,Female,2022,Data Science,83.5,80.8,94.7,82.5,7.9,6.2,0,147,1,1,0,Internship,1.3,Tier 2
STU01603,Shreya Shukla,26,Male,2023,Data Science,71.2,68.2,72.9,61.4,6.2,6.2,3,125,0,0,2,Job,6.7,Tier 2
STU01604,Seema Jain,26,Male,2024,Figma Designer,52.7,29.6,29.1,22.7,2.7,3.2,0,29,0,1,3,No Job,0.0,Not Placed
STU01605,Shivam Kapoor,21,Male,2022,MERN,64.8,71.1,66.1,67.2,6.6,5.0,1,92,2,0,0,Job,6.27,Tier 2
STU01606,Ankita Tiwari,23,Female,2023,MERN,67.8,50.0,58.6,40.8,6.2,5.9,1,130,0,1,0,Internship,2.44,Tier 2
STU01607,Isha Batra,22,Female,2022,Data Science,63.5,58.5,63.5,60.5,5.5,5.1,1,187,4,0,2,No Job,0.0,Not Placed
STU01608,Vidya Chawla,25,Male,2022,MERN,68.0,58.8,51.3,59.7,5.9,5.4,3,192,1,1,0,Internship,1.93,Tier 2
STU01609,Sanjay Reddy,25,Male,2024,QA,83.4,84.5,80.8,85.4,7.7,8.2,0,143,0,1,0,Job,6.64,Tier 2
STU01610,Sahil Kumar,26,Male,2022,Cybersecurity,66.5,61.9,56.7,59.9,5.6,6.1,0,64,1,0,0,No Job,0.0,Not Placed
STU01611,Palak Roy,23,Female,2022,QA,59.6,52.3,46.3,43.9,5.1,4.1,3,152,1,0,0,Job,5.08,Tier 3
STU01612,Gaurav Varma,23,Male,2023,DevOps,61.9,48.7,34.9,44.3,3.9,3.5,1,104,0,0,0,No Job,0.0,Not Placed
STU01613,Khushi Sinha,26,Male,2024,MERN,66.9,52.9,49.1,53.4,4.4,5.1,0,95,2,0,0,No Job,0.0,Not Placed
STU01614,Sanjay Gupta,23,Male,2022,DevOps,70.6,55.8,42.7,50.1,6.8,4.9,1,102,2,1,0,Job,5.56,Tier 2
STU01615,Tanvi Chauhan,19,Male,2023,MERN,67.8,53.3,64.3,54.1,5.2,5.8,1,113,0,0,0,Internship,0.91,Tier 2
STU01616,Vineeta Chauhan,21,Male,2024,QA,70.9,66.3,60.2,67.8,6.8,5.0,2,135,2,1,0,Job,5.7,Tier 2
STU01617,Tanvi Agarwal,20,Male,2022,MERN,43.4,20.0,20.0,15.0,2.6,3.3,2,43,2,0,2,No Job,0.0,Not Placed
STU01618,Renu Kapoor,23,Male,2023,Cybersecurity,65.2,56.7,57.2,55.5,3.9,5.4,1,98,4,0,1,No Job,0.0,Not Placed
STU01619,Akshay Arora,26,Male,2024,Data Science,67.6,62.7,76.7,58.2,6.1,5.6,0,98,2,0,2,Internship,2.12,Tier 2
STU01620,Bhavna Arora,27,Female,2023,Cybersecurity,62.7,56.8,52.9,49.9,5.4,5.5,0,111,1,0,0,Job,6.98,Tier 2
STU01621,Renu Roy,27,Male,2024,Figma Designer,50.0,40.5,22.8,42.9,4.3,5.7,1,14,2,0,3,No Job,0.0,Not Placed
STU01622,Aryan Sinha,19,Female,2022,Cybersecurity,72.6,68.0,66.0,58.3,5.5,5.6,1,137,1,0,0,Internship,1.04,Tier 3
STU01623,Sanjay Dutta,19,Female,2024,DevOps,69.8,58.3,51.5,43.5,4.6,6.0,1,119,0,0,0,Job,6.89,Tier 2
STU01624,Seema Srivastava,19,Female,2024,Figma Designer,78.2,73.4,65.4,62.4,4.2,5.0,3,134,2,0,0,Internship,1.4,Tier 3
STU01625,Karan Dixit,19,Female,2022,Cybersecurity,65.7,58.5,60.1,61.1,6.4,5.2,1,95,1,1,0,Job,8.65,Tier 1
STU01626,Tarun Rastogi,27,Male,2022,MERN,79.8,68.4,62.0,61.9,5.7,4.8,2,79,4,0,0,Job,6.24,Tier 2
STU01627,Amit Kapoor,19,Male,2024,MERN,60.8,58.3,65.4,45.4,4.5,6.1,0,102,0,1,0,Job,5.81,Tier 2
STU01628,Avni Mehta,25,Female,2023,Cybersecurity,66.5,44.4,40.6,56.3,5.7,5.9,2,122,1,1,0,Internship,1.3,Tier 3
STU01629,Priya Kaur,24,Female,2023,Cybersecurity,75.0,73.1,73.6,60.3,4.4,6.2,1,81,1,1,0,No Job,0.0,Not Placed
STU01630,Arjun Srivastava,27,Male,2023,MERN,68.3,74.3,72.5,62.2,8.4,6.5,2,188,1,1,0,Internship,2.13,Tier 3
STU01631,Sanjana Ghosh,27,Male,2024,MERN,95.7,100.0,100.0,86.7,7.0,6.8,3,234,0,1,0,No Job,0.0,Not Placed
STU01632,Sanjay Nair,22,Female,2024,Figma Designer,52.5,43.6,33.1,38.2,3.3,4.6,0,19,0,0,2,No Job,0.0,Not Placed
STU01633,Anushka Mishra,27,Female,2022,Data Science,40.0,20.0,20.0,15.0,1.5,2.8,2,34,1,0,3,No Job,0.0,Not Placed
STU01634,Varun Srivastava,24,Male,2022,MERN,51.4,40.7,39.5,35.7,4.1,5.7,0,37,1,0,0,No Job,0.0,Not Placed
STU01635,Nikhil Nair,23,Female,2024,Data Science,62.3,44.4,28.5,34.1,3.8,4.8,0,40,0,0,1,No Job,0.0,Not Placed
STU01636,Divya Arora,27,Male,2024,QA,76.5,86.2,83.1,69.9,6.0,6.2,0,106,2,0,0,Job,5.24,Tier 3
STU01637,Dev Bansal,25,Male,2023,Data Science,85.6,80.5,82.3,75.2,6.9,7.1,0,133,1,1,0,Internship,2.5,Tier 2
STU01638,Rajni Verma,27,Male,2024,Cybersecurity,66.9,61.7,65.6,62.1,5.7,6.8,1,110,4,1,0,Job,8.44,Tier 1
STU01639,Swati Trivedi,23,Male,2024,Data Science,63.6,58.7,45.0,48.6,3.9,5.6,3,136,3,0,3,No Job,0.0,Not Placed
STU01640,Tarun Chauhan,22,Female,2022,Cybersecurity,85.9,59.6,51.4,75.2,6.1,5.5,0,105,2,0,0,Job,7.41,Tier 2
STU01641,Karishma Khanna,21,Male,2024,QA,75.7,73.2,76.9,67.3,8.2,5.1,1,133,1,1,1,Job,6.13,Tier 2
STU01642,Shivam Varma,23,Male,2023,MERN,72.0,62.0,66.3,66.5,4.7,6.5,0,105,1,1,0,Job,7.7,Tier 2
STU01643,Asha Bhatt,27,Male,2022,DevOps,70.6,67.6,65.7,66.1,5.3,5.8,1,100,4,0,1,Job,7.02,Tier 2
STU01644,Mehak Dubey,21,Male,2023,MERN,63.2,53.7,48.7,46.3,5.4,4.9,2,120,2,1,0,Job,5.42,Tier 3
STU01645,Ankita Dixit,19,Male,2024,MERN,48.1,27.0,22.8,18.3,4.8,4.9,3,69,0,0,1,No Job,0.0,Not Placed
STU01646,Anand Kumar,20,Other,2024,QA,76.2,76.5,80.4,67.6,9.3,6.1,0,151,1,1,0,Job,6.06,Tier 2
STU01647,Sneha Tiwari,23,Male,2022,MERN,91.7,81.1,84.5,66.9,8.1,7.3,1,215,1,0,0,Internship,0.85,Tier 3
STU01648,Kabir Shukla,21,Female,2022,Cybersecurity,50.9,32.5,26.2,17.4,2.7,5.0,2,33,0,0,0,No Job,0.0,Not Placed
STU01649,Sanjana Chopra,24,Male,2023,Data Science,80.0,67.6,54.1,60.6,6.7,6.4,0,57,3,1,0,Job,8.05,Tier 1
STU01650,Naman Desai,26,Male,2024,MERN,74.1,53.9,26.4,43.4,4.4,3.7,4,103,1,0,0,Job,6.04,Tier 2
STU01651,Manish Ghosh,24,Male,2024,MERN,64.8,57.8,73.3,56.5,4.7,5.4,0,78,1,1,2,Job,6.35,Tier 2
STU01652,Manisha Srivastava,27,Male,2023,DevOps,54.2,20.0,25.4,15.0,2.9,3.9,0,1,4,0,3,No Job,0.0,Not Placed
STU01653,Sakshi Trivedi,24,Female,2023,DevOps,65.8,58.0,70.3,53.0,4.3,6.6,0,95,2,1,1,Job,7.5,Tier 2
STU01654,Nitin Joshi,23,Female,2022,QA,68.4,61.9,46.6,59.8,4.0,6.1,0,105,2,0,0,Job,4.71,Tier 3
STU01655,Rajan Dutta,22,Female,2023,Data Science,88.2,70.2,73.0,70.0,5.4,5.5,2,92,0,1,0,No Job,0.0,Not Placed
STU01656,Abhinav Chawla,20,Female,2022,Data Science,75.4,74.1,63.1,59.0,5.9,6.3,1,146,1,0,1,No Job,0.0,Not Placed
STU01657,Sachin Bansal,24,Female,2024,QA,68.7,52.6,52.4,53.1,6.2,8.4,1,135,2,0,0,Job,5.39,Tier 3
STU01658,Vinay Bansal,20,Female,2022,QA,65.8,68.2,68.7,66.1,5.6,6.3,0,88,3,1,1,Job,5.22,Tier 3
STU01659,Farhan Varma,23,Female,2023,Data Science,56.9,51.3,44.2,58.1,3.7,4.3,1,56,3,0,2,No Job,0.0,Not Placed
STU01660,Kavya Singh,19,Female,2022,Cybersecurity,65.7,63.2,61.6,71.9,7.5,6.9,4,163,0,0,1,Internship,1.69,Tier 3
STU01661,Isha Nair,21,Male,2023,MERN,53.3,46.1,33.5,47.4,3.3,4.0,1,66,2,0,0,No Job,0.0,Not Placed
STU01662,Aarav Chopra,23,Male,2022,QA,76.2,66.2,66.3,47.9,4.9,7.1,1,119,0,0,0,Job,4.73,Tier 3
STU01663,Uday Rastogi,25,Female,2023,QA,67.2,55.2,41.3,60.3,4.4,4.9,4,132,1,0,2,No Job,0.0,Not Placed
STU01664,Manisha Varma,26,Male,2022,QA,68.9,59.5,52.2,62.0,7.0,6.2,2,111,1,0,0,Job,5.33,Tier 3
STU01665,Uday Batra,25,Male,2024,QA,58.9,50.5,45.4,42.9,5.3,4.4,0,65,1,0,1,No Job,0.0,Not Placed
STU01666,Sourabh Chauhan,25,Female,2023,MERN,66.7,50.7,36.2,61.6,4.2,5.3,1,63,3,0,0,Job,6.99,Tier 2
STU01667,Vineeta Jain,20,Male,2024,QA,72.9,53.8,54.9,47.0,4.6,5.3,5,159,1,0,0,Job,5.43,Tier 3
STU01668,Ishaan Desai,24,Female,2023,DevOps,57.6,32.1,32.9,45.5,3.3,4.8,3,58,0,0,2,No Job,0.0,Not Placed
STU01669,Ankita Dubey,23,Male,2023,Data Science,74.3,67.8,62.8,57.5,4.5,5.8,3,125,1,0,0,Job,7.94,Tier 2
STU01670,Lalit Goyal,27,Female,2023,DevOps,71.0,67.0,53.0,53.1,5.4,6.4,4,104,0,0,0,No Job,0.0,Not Placed
STU01671,Aarav Yadav,22,Male,2024,Figma Designer,57.9,35.2,26.6,17.5,3.5,4.3,1,43,1,0,0,No Job,0.0,Not Placed
STU01672,Ayush Pillai,25,Female,2023,Figma Designer,60.5,52.3,28.2,42.0,4.2,2.8,2,86,1,0,0,No Job,0.0,Not Placed
STU01673,Ankit Roy,26,Other,2022,Data Science,59.9,48.9,29.8,52.0,4.5,4.9,2,67,1,0,2,No Job,0.0,Not Placed
STU01674,Akash Nair,24,Female,2024,QA,65.8,61.6,62.6,54.5,6.2,3.4,1,132,3,1,0,Job,4.97,Tier 3
STU01675,Uma Rao,21,Male,2022,QA,67.9,55.4,50.1,44.0,4.7,3.8,1,125,3,1,2,No Job,0.0,Not Placed
STU01676,Nikita Mishra,23,Male,2024,MERN,73.1,69.3,64.3,75.0,5.9,5.8,0,147,2,0,0,Job,7.25,Tier 2
STU01677,Rahul Malhotra,19,Female,2022,DevOps,47.2,30.0,22.7,32.5,4.3,2.4,0,68,3,0,1,No Job,0.0,Not Placed
STU01678,Aditya Reddy,26,Female,2023,Cybersecurity,63.7,70.0,65.9,62.2,4.5,4.9,0,120,2,0,0,Internship,1.16,Tier 3
STU01679,Priya Malhotra,20,Female,2022,DevOps,68.3,66.9,45.6,51.8,4.3,5.5,1,126,2,1,1,No Job,0.0,Not Placed
STU01680,Avni Roy,25,Female,2024,Data Science,55.1,46.3,54.7,37.7,4.3,4.7,2,112,0,0,0,No Job,0.0,Not Placed
STU01681,Divya Bhatt,27,Male,2023,Cybersecurity,83.9,66.0,63.6,56.4,6.0,4.6,4,167,0,0,0,No Job,0.0,Not Placed
STU01682,Tarun Nair,19,Male,2023,Figma Designer,67.6,59.0,48.1,39.3,4.9,5.3,0,81,0,0,1,No Job,0.0,Not Placed
STU01683,Sonam Desai,22,Female,2022,Cybersecurity,74.1,66.8,72.5,74.4,7.4,7.6,1,151,2,0,0,Job,8.18,Tier 1
STU01684,Uma Chauhan,25,Female,2023,QA,67.0,52.1,59.7,56.3,4.9,5.2,2,119,3,0,0,No Job,0.0,Not Placed
STU01685,Saloni Verma,27,Male,2024,MERN,80.8,63.7,60.5,70.0,7.8,5.9,2,203,1,0,0,Internship,0.9,Tier 2
STU01686,Anjali Arora,20,Male,2023,Data Science,74.6,67.6,74.2,55.7,5.9,6.4,2,145,0,1,0,Internship,2.37,Tier 3
STU01687,Manish Verma,20,Female,2022,Cybersecurity,46.8,39.9,28.4,38.7,4.1,3.0,3,78,2,0,0,No Job,0.0,Not Placed
STU01688,Vikas Desai,24,Female,2023,MERN,63.5,51.7,52.5,44.1,5.6,6.1,4,164,1,1,0,Job,5.94,Tier 2
STU01689,Sanjana Kumar,21,Male,2023,QA,71.9,80.9,76.0,77.6,6.4,7.1,0,122,4,0,0,Internship,1.03,Tier 3
STU01690,Tanvi Kaur,22,Male,2022,Data Science,64.7,55.2,54.4,52.6,5.4,7.2,4,165,4,0,0,Internship,1.86,Tier 3
STU01691,Aditya Dutta,21,Male,2022,DevOps,60.8,55.4,58.9,53.6,4.9,5.7,3,131,1,0,0,No Job,0.0,Not Placed
STU01692,Sneha Pillai,19,Male,2024,MERN,71.7,57.7,49.8,58.8,5.6,4.4,3,132,1,1,0,Job,5.86,Tier 2
STU01693,Shreya Kapoor,24,Female,2024,Figma Designer,73.9,52.4,56.8,60.0,6.7,6.7,1,142,2,1,0,Internship,1.68,Tier 3
STU01694,Gaurav Mehta,20,Female,2022,Data Science,63.9,48.3,37.2,23.3,5.7,3.4,5,97,2,1,0,No Job,0.0,Not Placed
STU01695,Pankaj Reddy,20,Female,2024,Data Science,51.0,40.9,36.5,32.5,4.1,6.0,0,74,4,0,1,No Job,0.0,Not Placed
STU01696,Sanjana Shah,25,Female,2022,MERN,71.0,68.9,67.1,59.9,5.3,6.2,3,114,1,0,0,Job,7.67,Tier 2
STU01697,Mihir Roy,23,Male,2023,QA,74.6,69.0,63.6,61.3,4.3,5.0,2,76,2,1,0,Job,4.99,Tier 3
STU01698,Khushi Iyer,26,Female,2023,Data Science,65.6,51.0,37.3,60.9,3.7,4.7,0,17,1,1,0,Job,6.34,Tier 2
STU01699,Nikhil Dubey,20,Female,2022,MERN,58.4,55.0,53.2,50.3,5.4,5.1,3,139,1,0,0,No Job,0.0,Not Placed
STU01700,Neha Khanna,26,Female,2023,Data Science,80.1,65.9,68.7,66.6,6.1,6.7,3,114,0,0,0,Job,8.14,Tier 1
STU01701,Manisha Kaur,25,Male,2024,Cybersecurity,50.3,54.3,58.8,56.3,6.1,3.5,1,77,2,0,0,Internship,2.02,Tier 3
STU01702,Ashish Bhatt,26,Female,2024,Data Science,67.4,71.6,57.1,49.4,5.2,5.7,2,137,1,0,1,No Job,0.0,Not Placed
STU01703,Vikas Dubey,21,Female,2022,MERN,58.2,40.6,20.0,28.8,2.6,4.2,0,2,0,0,1,No Job,0.0,Not Placed
STU01704,Sourabh Ghosh,26,Male,2022,MERN,58.0,51.4,56.6,49.4,7.0,4.5,1,90,0,1,0,Job,5.56,Tier 2
STU01705,Simran Shah,24,Male,2024,DevOps,60.8,60.0,53.2,45.6,4.6,6.6,0,103,0,0,0,No Job,0.0,Not Placed
STU01706,Isha Joshi,20,Female,2022,Cybersecurity,65.8,68.2,66.6,78.0,4.9,7.2,1,142,2,0,0,Job,7.93,Tier 2
STU01707,Aryan Roy,24,Female,2023,DevOps,73.0,65.0,50.8,57.1,4.3,4.5,1,82,2,0,1,No Job,0.0,Not Placed
STU01708,Pranav Shah,23,Male,2022,Figma Designer,74.9,70.6,77.1,67.1,6.0,6.9,0,147,0,1,0,No Job,0.0,Not Placed
STU01709,Kavya Nair,21,Male,2023,Figma Designer,77.1,66.6,65.0,58.0,6.6,4.9,1,90,0,1,0,Internship,1.34,Tier 2
STU01710,Manish Sinha,19,Male,2022,MERN,65.9,47.5,34.8,42.5,3.4,4.1,1,49,4,0,0,No Job,0.0,Not Placed
STU01711,Rajan Desai,25,Male,2024,QA,44.9,31.8,24.3,34.1,4.8,2.6,2,97,1,0,0,Job,4.32,Tier 3
STU01712,Avni Agarwal,20,Female,2024,Cybersecurity,55.2,51.8,38.1,36.4,4.9,5.2,0,43,3,0,1,Internship,0.85,Tier 3
STU01713,Rajni Khanna,19,Male,2022,Figma Designer,68.2,56.0,52.9,61.9,5.3,4.1,2,93,1,0,0,Job,5.24,Tier 3
STU01714,Parth Bansal,19,Male,2024,DevOps,52.7,27.6,21.2,26.5,3.8,2.6,1,17,1,0,1,No Job,0.0,Not Placed
STU01715,Akash Malhotra,25,Female,2023,DevOps,64.1,51.3,39.4,43.9,5.9,5.5,0,62,3,1,0,Job,6.12,Tier 2
STU01716,Manish Singh,19,Male,2022,MERN,61.9,44.9,41.4,62.3,4.4,5.2,2,105,4,0,1,Internship,1.8,Tier 2
STU01717,Arjun Kapoor,27,Female,2024,QA,75.9,63.6,52.0,59.8,6.2,4.6,1,106,0,0,0,No Job,0.0,Not Placed
STU01718,Tarun Garg,24,Male,2023,MERN,83.7,85.8,95.0,94.3,7.6,5.9,1,189,2,0,0,No Job,0.0,Not Placed
STU01719,Tushar Dutta,22,Female,2022,MERN,56.6,28.4,20.0,34.4,3.4,4.0,4,89,1,0,1,No Job,0.0,Not Placed
STU01720,Ashish Sinha,22,Other,2022,MERN,71.0,59.7,71.8,77.9,4.7,6.8,3,176,1,1,0,Internship,1.16,Tier 2
STU01721,Anil Shah,23,Male,2024,MERN,84.2,71.7,71.1,69.8,6.2,6.6,0,133,0,0,3,No Job,0.0,Not Placed
STU01722,Rohit Ghosh,20,Female,2024,DevOps,54.7,49.0,24.4,51.3,3.5,5.6,1,99,3,0,0,No Job,0.0,Not Placed
STU01723,Sakshi Reddy,23,Other,2024,Data Science,72.3,52.6,54.0,56.9,6.3,5.5,2,105,1,0,2,No Job,0.0,Not Placed
STU01724,Amar Mishra,20,Other,2022,MERN,68.3,67.9,69.9,76.0,8.0,6.0,1,167,0,0,0,Job,7.49,Tier 2
STU01725,Deepak Mishra,22,Male,2024,Figma Designer,70.8,55.4,40.9,49.4,3.9,4.8,1,84,2,0,3,Job,4.27,Tier 3
STU01726,Tanvi Singh,23,Male,2022,MERN,45.6,28.3,20.0,25.6,4.0,3.8,5,66,4,0,0,No Job,0.0,Not Placed
STU01727,Anushka Sharma,24,Male,2024,QA,70.3,58.5,52.9,53.2,5.9,4.7,0,96,1,0,0,No Job,0.0,Not Placed
STU01728,Rajni Shah,24,Male,2022,Data Science,76.2,65.2,56.3,69.5,5.4,6.3,1,144,1,0,0,Internship,1.17,Tier 2
STU01729,Asha Pillai,27,Male,2023,MERN,62.3,49.7,38.3,43.8,3.0,3.3,1,85,0,0,0,No Job,0.0,Not Placed
STU01730,Rohan Joshi,22,Male,2023,QA,74.6,66.7,71.3,63.4,3.2,6.6,0,110,1,0,0,Internship,2.43,Tier 2
STU01731,Yogesh Malhotra,23,Female,2024,QA,63.3,62.7,65.5,51.3,7.2,6.3,1,129,2,1,0,Job,5.24,Tier 3
STU01732,Kavya Kumar,24,Male,2024,MERN,86.3,75.5,70.0,86.5,7.7,5.7,1,175,3,0,0,Internship,1.76,Tier 3
STU01733,Anushka Mehta,22,Female,2023,Figma Designer,84.2,72.1,61.0,59.5,5.7,6.1,0,118,1,0,0,Job,5.28,Tier 3
STU01734,Uma Khanna,24,Female,2023,Figma Designer,89.8,93.2,100.0,94.5,7.3,7.6,5,274,2,1,0,Internship,1.61,Tier 3
STU01735,Bhavna Jain,20,Male,2024,Figma Designer,80.0,75.1,84.0,75.2,6.4,7.9,1,85,2,1,0,No Job,0.0,Not Placed
STU01736,Vineeta Bansal,25,Male,2022,DevOps,74.9,60.0,52.4,65.2,5.1,5.1,1,55,0,0,0,Job,6.57,Tier 2
STU01737,Komal Jain,21,Female,2024,Data Science,76.6,72.2,65.8,62.5,6.8,6.3,3,189,0,1,0,No Job,0.0,Not Placed
STU01738,Ravi Nair,22,Male,2024,Cybersecurity,63.1,48.9,67.4,42.1,5.2,5.8,0,25,0,0,2,No Job,0.0,Not Placed
STU01739,Sandeep Yadav,27,Male,2022,Cybersecurity,55.3,60.7,54.6,57.7,5.6,4.7,2,54,0,0,0,Internship,1.29,Tier 2
STU01740,Rajesh Garg,23,Female,2022,Data Science,58.4,40.0,38.9,44.2,3.1,5.5,1,53,0,0,2,No Job,0.0,Not Placed
STU01741,Parth Desai,27,Male,2023,QA,64.6,59.2,45.9,54.5,5.0,5.2,1,112,0,0,1,Job,4.56,Tier 3
STU01742,Asha Garg,24,Female,2022,Data Science,73.9,72.2,61.7,67.3,6.7,4.1,1,76,1,0,0,Job,8.28,Tier 1
STU01743,Karan Sharma,26,Female,2023,DevOps,52.4,41.1,43.7,38.8,3.7,4.4,0,46,1,0,3,No Job,0.0,Not Placed
STU01744,Kavya Gupta,23,Male,2024,MERN,67.1,63.6,61.7,51.5,5.4,7.6,3,161,1,1,0,Job,6.19,Tier 2
STU01745,Harsh Desai,23,Female,2023,QA,63.7,52.5,46.1,31.9,6.4,4.4,1,68,1,0,0,Job,4.99,Tier 3
STU01746,Pooja Reddy,21,Male,2022,MERN,63.8,54.1,53.3,63.9,6.3,5.6,4,134,1,1,1,Job,6.65,Tier 2
STU01747,Mihir Malhotra,25,Female,2023,QA,65.2,69.4,67.1,56.4,3.9,4.6,3,144,2,0,0,No Job,0.0,Not Placed
STU01748,Anushka Dubey,20,Female,2023,Cybersecurity,67.3,65.6,51.8,63.7,5.6,5.3,5,169,4,1,0,Job,7.19,Tier 2
STU01749,Mira Shah,21,Male,2024,QA,92.2,84.2,91.5,83.8,6.0,8.6,0,170,3,0,0,Internship,2.27,Tier 3
STU01750,Varun Garg,20,Female,2022,Figma Designer,51.8,50.5,37.6,43.1,4.9,5.4,2,71,1,0,1,No Job,0.0,Not Placed
STU01751,Sourabh Tiwari,26,Female,2023,Cybersecurity,63.1,54.9,52.2,49.0,4.3,5.5,4,123,3,1,2,No Job,0.0,Not Placed
STU01752,Priya Batra,22,Male,2024,Figma Designer,56.8,59.7,55.2,50.3,4.6,5.2,2,111,2,0,1,No Job,0.0,Not Placed
STU01753,Sneha Chopra,26,Female,2023,Data Science,51.5,30.3,24.8,36.6,3.8,3.6,0,14,3,0,0,No Job,0.0,Not Placed
STU01754,Abhinav Tiwari,26,Male,2023,MERN,69.3,53.7,73.6,62.7,6.4,6.4,0,92,0,0,0,Job,7.46,Tier 2
STU01755,Vineeta Kaur,26,Male,2022,Data Science,62.9,42.8,32.1,51.6,3.3,5.5,2,49,1,0,1,No Job,0.0,Not Placed
STU01756,Khushi Goyal,26,Male,2024,MERN,76.9,67.3,76.7,63.5,5.5,6.6,2,111,0,0,0,No Job,0.0,Not Placed
STU01757,Sonam Pillai,26,Female,2023,QA,54.3,37.9,43.5,37.7,4.5,4.8,0,33,1,0,1,No Job,0.0,Not Placed
STU01758,Ankita Shah,27,Female,2024,Data Science,64.4,56.7,53.7,57.0,4.9,4.6,3,142,1,0,0,Job,8.26,Tier 1
STU01759,Anjali Kapoor,20,Female,2024,DevOps,84.4,86.5,81.0,86.3,6.9,6.2,2,212,3,0,0,Job,9.06,Tier 1
STU01760,Ayush Bhatt,27,Female,2023,DevOps,62.5,61.7,58.0,54.8,4.5,7.0,1,136,4,0,0,Job,6.8,Tier 2
STU01761,Manisha Joshi,26,Female,2023,DevOps,59.1,50.1,31.3,52.8,2.3,5.4,1,64,2,0,0,No Job,0.0,Not Placed
STU01762,Uday Bansal,19,Male,2022,DevOps,55.9,44.7,43.5,44.2,4.6,4.8,0,34,1,0,0,No Job,0.0,Not Placed
STU01763,Kunal Reddy,23,Male,2022,QA,40.5,31.2,20.0,32.5,2.0,4.1,1,0,0,0,1,No Job,0.0,Not Placed
STU01764,Ravi Desai,20,Male,2024,Data Science,63.1,50.5,32.5,43.6,3.9,5.2,1,41,2,0,1,No Job,0.0,Not Placed
STU01765,Priya Shah,23,Male,2023,MERN,48.6,35.2,22.4,19.4,4.6,4.1,4,52,1,1,1,No Job,0.0,Not Placed
STU01766,Sahil Roy,26,Male,2023,Cybersecurity,67.0,61.4,61.8,61.0,5.8,4.9,1,85,0,0,0,Internship,1.6,Tier 2
STU01767,Seema Rastogi,27,Female,2024,Cybersecurity,58.0,43.9,39.0,52.2,4.9,5.1,2,90,0,1,1,Job,6.1,Tier 2
STU01768,Prachi Chopra,27,Other,2022,MERN,62.1,48.1,60.6,35.4,5.3,4.4,2,105,1,0,0,No Job,0.0,Not Placed
STU01769,Lakshmi Khanna,19,Male,2023,QA,55.6,40.3,28.7,39.5,2.5,3.3,0,7,0,0,1,No Job,0.0,Not Placed
STU01770,Manish Srivastava,25,Male,2023,MERN,65.1,47.0,30.9,46.6,4.9,4.0,0,48,1,0,0,Internship,1.17,Tier 3
STU01771,Riya Dutta,26,Male,2023,MERN,87.9,75.7,49.9,60.7,6.8,7.2,2,108,3,1,1,Internship,1.37,Tier 3
STU01772,Lalit Ghosh,21,Female,2024,Data Science,66.4,64.1,72.3,69.4,5.4,5.5,3,169,2,1,0,No Job,0.0,Not Placed
STU01773,Varun Jain,24,Male,2023,DevOps,51.8,34.2,20.0,23.1,3.9,3.7,3,72,3,0,2,No Job,0.0,Not Placed
STU01774,Divya Patel,21,Female,2023,Cybersecurity,70.6,62.4,59.2,75.2,5.2,5.5,2,138,1,0,0,Internship,0.97,Tier 3
STU01775,Bhavna Srivastava,27,Male,2023,Data Science,59.2,36.8,29.4,41.8,2.4,4.0,1,82,4,0,0,No Job,0.0,Not Placed
STU01776,Ayush Singh,21,Female,2022,MERN,57.6,34.5,24.8,34.2,2.6,3.2,1,44,1,0,2,No Job,0.0,Not Placed
STU01777,Avni Patel,20,Male,2023,QA,63.7,50.9,38.9,51.9,4.9,3.9,2,105,2,1,0,No Job,0.0,Not Placed
STU01778,Mehak Batra,27,Male,2023,MERN,93.6,98.3,100.0,96.8,7.9,6.9,0,178,1,0,0,Job,8.61,Tier 1
STU01779,Naman Chawla,26,Male,2024,MERN,64.4,59.0,49.3,45.5,4.4,3.4,1,43,4,1,0,Job,5.67,Tier 2
STU01780,Sneha Nair,26,Male,2024,Cybersecurity,66.1,56.1,60.4,45.1,5.6,5.5,0,95,1,0,3,Internship,1.02,Tier 2
STU01781,Akash Kaur,20,Female,2023,Data Science,69.4,57.0,45.9,72.2,5.7,6.8,0,130,0,0,0,Job,8.35,Tier 1
STU01782,Riya Yadav,24,Male,2023,Figma Designer,54.3,28.7,33.0,30.7,2.7,4.0,0,59,1,0,2,No Job,0.0,Not Placed
STU01783,Prateek Kaur,23,Male,2022,Data Science,60.2,49.1,54.9,52.2,5.8,6.0,2,124,1,1,0,Internship,1.07,Tier 2
STU01784,Vikas Arora,20,Female,2022,Cybersecurity,63.0,36.4,32.7,28.0,3.4,4.1,4,116,1,1,1,No Job,0.0,Not Placed
STU01785,Seema Roy,23,Male,2023,DevOps,81.8,72.5,59.8,67.8,5.8,6.5,1,131,0,0,0,Internship,2.08,Tier 3
STU01786,Simran Tiwari,22,Male,2023,QA,60.6,57.8,45.8,49.9,5.1,5.5,1,132,1,0,0,No Job,0.0,Not Placed
STU01787,Aarav Chopra,27,Female,2022,Data Science,74.4,63.0,47.3,60.8,4.1,6.8,1,119,0,1,0,No Job,0.0,Not Placed
STU01788,Sara Singh,19,Female,2023,Cybersecurity,66.5,62.0,63.8,53.8,5.5,5.0,0,121,1,1,2,Job,7.37,Tier 2
STU01789,Amar Kaur,24,Male,2024,DevOps,81.3,93.9,92.4,87.5,6.8,8.7,2,178,1,1,0,Job,8.89,Tier 1
STU01790,Dev Iyer,25,Female,2022,DevOps,68.2,58.0,52.7,67.3,4.4,4.2,0,83,4,1,0,Internship,2.41,Tier 2
STU01791,Ashish Dutta,24,Female,2024,DevOps,65.5,66.0,59.0,53.2,5.2,5.8,0,121,2,1,1,Internship,0.97,Tier 3
STU01792,Amar Mehta,23,Male,2022,Cybersecurity,70.1,63.6,65.0,55.0,5.8,5.1,0,108,0,0,0,Job,6.37,Tier 2
STU01793,Farhan Chopra,22,Female,2023,Figma Designer,53.2,28.9,34.7,27.8,3.8,4.6,1,64,3,0,0,No Job,0.0,Not Placed
STU01794,Saloni Trivedi,23,Female,2024,Data Science,55.3,33.0,26.6,40.4,3.1,3.3,0,78,2,0,0,No Job,0.0,Not Placed
STU01795,Prachi Patel,27,Female,2023,Data Science,61.2,38.4,20.0,38.0,3.4,3.2,1,17,1,0,1,No Job,0.0,Not Placed
STU01796,Vinay Shah,23,Female,2024,QA,46.7,39.5,37.0,37.2,4.5,3.8,1,74,1,0,0,No Job,0.0,Not Placed
STU01797,Kavya Garg,26,Male,2022,Data Science,56.5,48.4,49.7,52.7,4.4,4.0,3,91,0,1,3,No Job,0.0,Not Placed
STU01798,Jyoti Yadav,25,Female,2023,Figma Designer,51.1,45.8,49.0,47.2,3.9,4.7,0,89,4,1,0,Internship,1.14,Tier 3
STU01799,Sandeep Gandhi,22,Male,2023,Cybersecurity,63.6,41.7,54.2,41.4,5.4,3.4,0,58,3,0,2,No Job,0.0,Not Placed
STU01800,Palak Singh,23,Male,2023,Cybersecurity,67.8,60.8,58.3,69.3,7.0,6.2,4,186,0,0,1,Job,7.54,Tier 2
STU01801,Maya Chopra,25,Male,2024,Data Science,74.2,63.9,72.7,67.9,6.2,7.2,0,163,2,0,0,Job,9.0,Tier 1
STU01802,Krishna Joshi,24,Female,2024,MERN,78.1,72.7,70.7,68.7,6.3,4.5,3,153,1,0,0,Job,7.49,Tier 2
STU01803,Swati Mehta,21,Female,2024,Cybersecurity,71.5,64.3,62.2,57.3,5.8,6.3,0,61,2,0,0,No Job,0.0,Not Placed
STU01804,Karishma Kapoor,21,Male,2022,Figma Designer,63.8,47.1,31.4,42.1,3.8,3.4,1,71,2,1,0,No Job,0.0,Not Placed
STU01805,Maya Trivedi,20,Female,2023,Figma Designer,93.1,75.8,72.3,78.1,6.7,5.8,0,153,1,0,0,Job,6.21,Tier 2
STU01806,Vikram Tiwari,21,Female,2023,Data Science,56.1,47.3,51.7,49.9,3.1,4.6,1,110,1,0,2,No Job,0.0,Not Placed
STU01807,Anil Kumar,19,Female,2023,Data Science,65.3,53.6,50.1,60.7,5.5,5.3,4,200,2,1,0,No Job,0.0,Not Placed
STU01808,Kajal Tiwari,27,Male,2024,Data Science,67.8,55.6,39.8,48.5,6.2,4.6,2,97,2,0,0,Job,7.72,Tier 2
STU01809,Ashish Kumar,20,Female,2022,QA,54.9,28.3,30.5,32.2,2.7,3.5,0,29,1,0,1,No Job,0.0,Not Placed
STU01810,Ayush Sinha,21,Female,2023,MERN,70.1,47.5,56.2,43.0,4.2,4.6,3,85,3,0,0,Internship,2.01,Tier 2
STU01811,Naman Tiwari,23,Male,2023,Data Science,73.3,59.8,53.6,63.0,4.5,5.4,2,126,2,1,1,Job,7.11,Tier 2
STU01812,Karishma Gandhi,22,Male,2024,MERN,57.8,47.8,54.4,46.8,4.8,4.5,4,138,0,0,0,Internship,1.65,Tier 2
STU01813,Pooja Dubey,23,Other,2024,MERN,88.1,97.6,100.0,100.0,9.2,7.7,0,218,3,1,1,Internship,1.96,Tier 3
STU01814,Vineeta Jain,24,Female,2023,Figma Designer,64.6,51.0,35.9,50.4,4.2,5.2,0,76,0,0,0,No Job,0.0,Not Placed
STU01815,Anjali Gandhi,23,Male,2022,DevOps,53.7,26.6,31.8,36.5,4.5,4.2,2,100,4,0,0,No Job,0.0,Not Placed
STU01816,Lalit Yadav,19,Male,2023,Data Science,74.2,54.4,40.8,45.8,6.0,3.9,4,133,2,0,0,Internship,2.35,Tier 2
STU01817,Aarav Srivastava,24,Female,2023,MERN,64.9,57.0,57.2,44.0,3.0,4.9,2,133,3,1,2,Job,5.93,Tier 2
STU01818,Vikas Jain,27,Male,2024,MERN,41.6,31.0,20.1,22.3,2.3,4.4,1,25,2,0,1,No Job,0.0,Not Placed
STU01819,Riya Chopra,21,Male,2023,Data Science,66.3,65.9,52.7,64.5,4.8,6.2,1,137,2,0,0,No Job,0.0,Not Placed
STU01820,Rajni Yadav,20,Male,2023,Data Science,77.0,72.2,81.9,76.4,6.3,7.5,1,173,1,1,0,No Job,0.0,Not Placed
STU01821,Ankita Reddy,24,Male,2023,Cybersecurity,71.5,61.1,69.2,57.9,7.0,4.6,4,127,2,1,0,Job,6.38,Tier 2
STU01822,Lakshmi Mehta,21,Female,2023,Data Science,75.0,60.6,58.3,45.9,5.7,5.1,3,139,1,1,2,Job,6.83,Tier 2
STU01823,Vaibhav Nair,22,Female,2024,MERN,65.7,58.6,55.7,61.6,5.2,6.8,0,30,0,1,2,Job,5.64,Tier 2
STU01824,Rahul Chopra,24,Male,2022,MERN,68.6,51.0,33.6,49.5,4.8,5.8,0,51,1,0,0,Internship,1.12,Tier 3
STU01825,Dev Mishra,24,Female,2023,QA,56.4,51.0,42.6,49.0,5.4,3.8,2,106,2,0,0,Internship,2.03,Tier 2
STU01826,Lalit Khanna,20,Male,2024,DevOps,55.8,47.1,56.6,49.7,4.4,5.0,1,45,3,0,0,No Job,0.0,Not Placed
STU01827,Harsh Yadav,21,Male,2022,Cybersecurity,80.1,79.8,79.6,84.6,8.0,6.5,2,182,1,0,0,Internship,2.33,Tier 3
STU01828,Manish Khanna,27,Female,2024,DevOps,66.4,69.8,67.1,64.0,6.7,7.2,0,132,1,0,0,Internship,1.23,Tier 2
STU01829,Maya Joshi,20,Male,2023,Cybersecurity,75.3,66.1,63.7,64.5,4.5,5.6,3,133,0,1,0,Job,7.29,Tier 2
STU01830,Sakshi Iyer,21,Male,2023,Data Science,65.9,53.2,36.1,56.5,3.4,5.6,1,38,1,0,0,Internship,1.98,Tier 3
STU01831,Pranav Batra,27,Male,2022,Figma Designer,67.7,64.3,71.9,61.5,4.7,5.6,3,177,1,1,0,Job,4.84,Tier 3
STU01832,Sourabh Reddy,22,Female,2023,Data Science,70.2,57.2,44.5,57.8,4.2,5.2,2,104,1,0,1,No Job,0.0,Not Placed
STU01833,Kabir Iyer,19,Male,2023,MERN,69.6,51.3,34.0,49.0,6.0,6.2,1,62,0,0,0,No Job,0.0,Not Placed
STU01834,Uday Jain,20,Male,2022,QA,68.0,54.1,50.7,59.3,6.0,5.4,2,90,2,0,0,Job,4.92,Tier 3
STU01835,Vishal Nair,21,Female,2023,DevOps,69.0,65.2,66.3,69.2,5.9,4.6,0,70,0,0,0,Internship,1.02,Tier 3
STU01836,Kavya Joshi,27,Male,2022,Figma Designer,67.0,45.6,46.4,56.9,5.2,3.9,1,81,2,1,0,Internship,1.94,Tier 2
STU01837,Yogesh Reddy,27,Male,2023,DevOps,54.7,42.4,34.0,50.0,5.5,6.2,1,108,1,0,0,No Job,0.0,Not Placed
STU01838,Riya Ghosh,24,Male,2024,QA,78.6,89.9,72.7,74.2,7.5,4.5,1,158,1,1,0,Job,6.84,Tier 2
STU01839,Khushi Sinha,24,Male,2022,QA,43.2,28.7,20.0,27.6,2.1,2.9,0,43,0,0,0,No Job,0.0,Not Placed
STU01840,Abhinav Patel,21,Male,2022,Figma Designer,71.2,68.2,72.8,69.5,7.4,8.8,1,143,4,1,0,Internship,1.21,Tier 3
STU01841,Varun Dixit,23,Female,2024,Figma Designer,66.4,49.8,49.8,49.1,4.9,4.8,2,142,0,1,0,Internship,1.29,Tier 3
STU01842,Pranav Dubey,22,Female,2023,Figma Designer,55.6,40.2,42.8,47.6,4.7,5.0,0,60,1,0,0,No Job,0.0,Not Placed
STU01843,Rohit Dixit,27,Male,2022,Cybersecurity,52.8,46.2,39.9,50.0,5.6,4.2,3,66,0,1,0,No Job,0.0,Not Placed
STU01844,Anushka Iyer,27,Male,2023,MERN,78.4,59.9,38.5,55.6,5.3,5.6,1,63,1,0,1,Job,5.94,Tier 2
STU01845,Mehak Desai,19,Male,2022,Data Science,70.7,71.1,62.1,82.4,5.3,6.8,2,138,1,0,0,Internship,1.78,Tier 3
STU01846,Karishma Nair,26,Male,2022,Cybersecurity,61.7,48.0,57.6,46.1,5.1,5.1,3,123,0,1,0,Internship,1.38,Tier 2
STU01847,Aditya Joshi,27,Male,2024,Figma Designer,67.2,42.4,41.8,45.4,5.0,4.8,1,57,2,1,0,Internship,1.05,Tier 2
STU01848,Rajan Mishra,23,Male,2024,Cybersecurity,68.3,66.2,50.8,63.0,5.3,4.9,3,165,1,0,0,Internship,1.14,Tier 3
STU01849,Abhinav Patel,22,Male,2023,Figma Designer,56.4,52.7,46.0,37.3,4.4,4.6,0,103,3,0,2,Internship,1.63,Tier 2
STU01850,Karan Bansal,22,Female,2022,QA,64.8,66.7,64.9,56.9,5.9,5.7,2,74,3,1,0,Job,5.17,Tier 3
STU01851,Aryan Pillai,20,Male,2022,Data Science,65.1,68.3,57.5,49.1,5.5,7.2,3,154,2,0,0,Internship,1.11,Tier 3
STU01852,Kavya Arora,27,Male,2024,MERN,48.0,33.8,20.0,39.8,3.1,2.8,3,69,2,0,0,No Job,0.0,Not Placed
STU01853,Sahil Tiwari,23,Male,2022,MERN,65.7,66.2,57.9,52.8,6.9,6.2,0,60,2,0,0,No Job,0.0,Not Placed
STU01854,Ankita Shah,21,Male,2023,Data Science,45.9,21.4,20.0,15.0,3.2,4.4,0,0,0,0,2,No Job,0.0,Not Placed
STU01855,Vikram Agarwal,24,Female,2022,DevOps,69.8,40.2,43.8,45.0,2.9,4.8,0,62,3,0,1,Job,6.51,Tier 2
STU01856,Naman Yadav,27,Male,2023,Figma Designer,67.3,37.9,32.9,33.3,4.2,4.8,1,39,1,0,0,No Job,0.0,Not Placed
STU01857,Ruchi Mehta,27,Male,2022,QA,51.9,23.2,20.0,18.0,3.2,4.2,0,0,2,0,2,No Job,0.0,Not Placed
STU01858,Uday Kapoor,23,Male,2023,DevOps,66.1,71.3,63.4,52.0,5.9,7.2,1,71,1,1,0,Job,5.98,Tier 2
STU01859,Pankaj Rao,26,Male,2024,Data Science,64.9,55.0,72.3,67.4,5.6,7.7,3,205,3,0,0,Job,7.79,Tier 2
STU01860,Dev Khanna,22,Female,2023,MERN,68.9,60.6,73.4,52.1,4.1,3.2,1,95,1,0,1,No Job,0.0,Not Placed
STU01861,Deepika Singh,23,Other,2022,DevOps,71.7,69.5,65.3,77.3,6.6,6.0,0,145,2,1,0,No Job,0.0,Not Placed
STU01862,Gaurav Kapoor,25,Male,2024,MERN,62.8,57.1,51.3,45.7,5.2,5.6,3,149,0,1,2,Job,6.06,Tier 2
STU01863,Mohit Varma,25,Female,2022,Data Science,76.5,62.0,42.1,51.6,5.9,5.5,2,103,1,1,0,Internship,2.31,Tier 3
STU01864,Ashu Sharma,25,Male,2023,DevOps,66.8,40.1,30.5,32.1,4.3,5.1,0,40,0,0,0,No Job,0.0,Not Placed
STU01865,Tarun Yadav,26,Male,2023,MERN,71.9,70.9,72.1,63.0,6.7,6.0,2,137,2,1,0,Job,6.32,Tier 2
STU01866,Ravi Singh,23,Male,2022,Figma Designer,77.7,69.2,46.1,57.4,6.7,6.0,2,103,1,1,0,No Job,0.0,Not Placed
STU01867,Harsh Verma,19,Female,2023,Data Science,68.0,51.1,40.3,53.8,4.5,4.9,1,51,1,1,0,Job,6.9,Tier 2
STU01868,Tanvi Rastogi,27,Male,2024,Data Science,56.1,37.8,27.1,17.0,2.6,4.3,0,81,2,0,0,No Job,0.0,Not Placed
STU01869,Prateek Bansal,27,Other,2024,Data Science,48.4,27.9,20.0,39.3,4.1,4.2,5,158,0,0,3,No Job,0.0,Not Placed
STU01870,Gaurav Verma,25,Male,2023,MERN,71.7,58.2,66.9,61.9,6.7,6.7,2,111,1,0,0,Internship,1.19,Tier 3
STU01871,Ruchi Tiwari,24,Male,2022,Cybersecurity,53.6,37.1,30.4,28.4,2.7,1.8,0,46,3,0,3,No Job,0.0,Not Placed
STU01872,Parth Khanna,23,Female,2023,Cybersecurity,72.5,89.6,77.6,92.0,6.6,5.7,0,154,3,0,0,Job,7.84,Tier 2
STU01873,Vanshika Dubey,23,Female,2023,DevOps,54.3,46.4,41.3,40.1,3.1,4.5,0,54,0,0,0,No Job,0.0,Not Placed
STU01874,Manisha Rastogi,21,Female,2023,Cybersecurity,65.6,53.4,39.7,46.2,2.9,5.4,3,91,1,0,1,No Job,0.0,Not Placed
STU01875,Neha Sharma,19,Female,2023,MERN,89.5,100.0,100.0,92.3,7.5,8.5,1,183,2,0,0,No Job,0.0,Not Placed
STU01876,Isha Kumar,24,Male,2023,Cybersecurity,69.6,51.2,42.6,43.8,2.5,3.1,0,93,1,0,0,No Job,0.0,Not Placed
STU01877,Karishma Roy,26,Male,2022,Data Science,56.8,26.7,29.2,36.3,4.3,3.5,0,86,1,0,0,No Job,0.0,Not Placed
STU01878,Nandini Nair,20,Male,2022,MERN,66.3,45.1,40.4,48.9,4.6,5.1,5,140,4,0,0,Job,5.27,Tier 3
STU01879,Kajal Chawla,26,Male,2023,QA,48.6,29.9,20.0,19.4,2.4,4.3,2,14,0,1,0,No Job,0.0,Not Placed
STU01880,Priya Shukla,26,Female,2023,QA,66.0,57.6,37.5,41.5,5.3,5.2,0,63,3,0,0,No Job,0.0,Not Placed
STU01881,Nandini Agarwal,26,Female,2024,Cybersecurity,58.9,64.4,48.8,62.8,3.8,5.3,3,115,1,1,0,No Job,0.0,Not Placed
STU01882,Prachi Joshi,21,Female,2023,Data Science,77.5,65.5,62.8,62.4,7.3,6.5,0,99,1,0,0,Job,8.35,Tier 1
STU01883,Asha Patel,26,Male,2024,MERN,73.2,68.3,63.2,61.2,5.2,6.3,1,108,1,0,0,Job,6.52,Tier 2
STU01884,Renu Iyer,22,Female,2024,Figma Designer,74.2,47.0,48.9,52.1,5.6,3.7,0,106,1,0,0,Job,4.45,Tier 3
STU01885,Sneha Shah,21,Female,2024,Data Science,74.5,82.6,84.4,94.2,6.6,6.9,0,187,1,1,0,Job,8.45,Tier 1
STU01886,Krishna Rao,27,Male,2022,Data Science,67.0,62.8,46.5,70.2,5.8,6.2,1,124,1,1,3,Job,8.0,Tier 1
STU01887,Simran Dubey,26,Male,2024,Data Science,68.7,83.8,73.9,78.8,6.6,6.4,0,146,3,0,0,Job,7.85,Tier 2
STU01888,Maya Singh,20,Female,2022,MERN,68.9,62.4,56.1,59.3,5.8,6.1,1,136,1,1,0,Job,5.73,Tier 2
STU01889,Pooja Bhatt,26,Female,2022,Data Science,78.3,75.0,87.4,89.6,6.3,6.1,0,119,3,0,0,Internship,2.04,Tier 2
STU01890,Anand Roy,21,Other,2023,DevOps,80.0,80.7,74.4,77.2,6.7,5.9,3,202,4,0,0,Job,7.52,Tier 2
STU01891,Manisha Dutta,24,Male,2022,DevOps,86.8,69.3,76.8,75.0,5.2,6.2,0,79,1,1,3,Job,7.11,Tier 2
STU01892,Uma Agarwal,23,Male,2022,Figma Designer,79.2,64.8,61.9,60.0,4.0,4.7,1,129,1,1,0,Job,4.54,Tier 3
STU01893,Harsha Batra,26,Male,2022,Data Science,76.9,68.9,87.2,64.4,6.7,6.9,1,163,1,0,0,Internship,1.19,Tier 3
STU01894,Yogesh Yadav,27,Male,2022,MERN,63.5,51.1,43.2,47.9,5.3,4.0,4,165,3,1,0,Internship,2.03,Tier 2
STU01895,Meena Bhatt,25,Female,2023,Cybersecurity,65.0,37.6,36.8,38.8,2.6,2.8,5,95,1,0,2,No Job,0.0,Not Placed
STU01896,Harsh Kumar,24,Male,2022,Cybersecurity,48.4,35.5,36.1,40.2,3.2,4.4,3,55,2,0,0,No Job,0.0,Not Placed
STU01897,Nikita Bansal,24,Female,2023,DevOps,69.9,55.8,52.1,57.3,5.6,7.2,2,108,1,0,0,Internship,1.77,Tier 3
STU01898,Ritesh Yadav,19,Female,2024,QA,75.2,68.5,65.2,65.7,6.9,6.6,1,174,2,1,0,Internship,1.76,Tier 3
STU01899,Akash Mehta,23,Male,2023,Data Science,57.5,32.5,29.5,42.8,3.8,4.4,0,18,1,0,0,No Job,0.0,Not Placed
STU01900,Farhan Varma,26,Male,2023,QA,60.2,42.7,56.7,37.4,3.5,4.1,3,84,0,1,0,Internship,0.86,Tier 3
STU01901,Pooja Mishra,24,Male,2024,DevOps,80.3,84.9,76.6,74.9,5.3,7.9,2,204,2,0,0,Internship,2.41,Tier 3
STU01902,Vidya Chauhan,19,Female,2022,Data Science,82.4,66.1,65.1,52.2,5.9,7.4,0,81,3,0,0,Internship,2.35,Tier 3
STU01903,Nikita Ghosh,23,Male,2023,Figma Designer,77.5,61.9,67.2,69.1,5.2,6.0,0,95,1,1,1,No Job,0.0,Not Placed
STU01904,Harsh Trivedi,23,Male,2024,Cybersecurity,59.4,57.6,67.5,56.1,4.7,6.8,2,152,1,1,0,No Job,0.0,Not Placed
STU01905,Uday Shukla,21,Male,2024,Data Science,52.1,46.9,50.7,39.0,4.8,5.1,3,155,0,1,2,No Job,0.0,Not Placed
STU01906,Komal Shukla,26,Female,2023,Data Science,52.0,35.2,33.3,37.1,2.2,3.6,0,1,0,0,2,No Job,0.0,Not Placed
STU01907,Jyoti Khanna,27,Male,2022,Data Science,70.3,56.3,63.5,57.0,5.8,5.9,1,147,1,1,3,Internship,1.85,Tier 3
STU01908,Amar Batra,24,Female,2024,Cybersecurity,75.8,86.3,89.5,97.6,8.0,7.0,5,243,2,0,0,Job,8.93,Tier 1
STU01909,Ashu Desai,24,Female,2022,Data Science,56.6,62.7,49.0,66.5,4.0,7.1,4,144,1,1,1,Job,7.65,Tier 2
STU01910,Yogesh Patel,20,Male,2023,MERN,52.1,30.0,22.8,23.5,4.5,5.1,2,87,2,0,1,No Job,0.0,Not Placed
STU01911,Rohit Gupta,20,Male,2023,Data Science,64.5,53.5,44.3,54.4,4.7,4.2,1,74,3,0,0,Job,7.13,Tier 2
STU01912,Vinay Rastogi,24,Male,2023,Cybersecurity,76.3,64.8,67.8,72.7,7.1,6.4,1,98,2,1,0,Job,8.16,Tier 1
STU01913,Yash Kaur,26,Male,2024,QA,72.1,77.2,75.4,58.7,6.0,6.4,1,87,1,1,0,Internship,0.92,Tier 2
STU01914,Priya Bhatt,20,Male,2024,QA,77.2,88.7,95.4,77.4,8.5,7.3,1,164,1,1,0,Internship,2.26,Tier 3
STU01915,Kajal Tiwari,27,Male,2024,Data Science,72.6,63.6,52.3,62.5,7.6,6.2,2,159,1,0,0,No Job,0.0,Not Placed
STU01916,Maya Gandhi,27,Female,2022,Figma Designer,48.0,26.0,20.0,28.9,2.6,2.5,1,19,0,1,1,No Job,0.0,Not Placed
STU01917,Jatin Yadav,22,Female,2023,Cybersecurity,58.1,57.1,67.1,48.8,5.1,4.5,0,66,2,0,0,Internship,0.99,Tier 3
STU01918,Sanjay Khanna,22,Male,2024,Figma Designer,50.7,32.8,20.0,31.3,1.1,3.4,2,72,2,0,0,No Job,0.0,Not Placed
STU01919,Mehak Bansal,22,Male,2023,DevOps,77.5,66.3,57.3,75.9,5.6,6.3,1,138,3,1,0,Job,7.3,Tier 2
STU01920,Komal Roy,23,Female,2024,DevOps,70.2,62.4,65.4,48.1,6.1,6.5,1,151,0,0,0,No Job,0.0,Not Placed
STU01921,Ishaan Yadav,26,Male,2024,QA,57.8,32.9,37.7,37.0,4.0,5.9,2,73,3,0,1,No Job,0.0,Not Placed
STU01922,Mehak Kapoor,20,Male,2023,Data Science,64.5,50.2,34.7,48.2,4.8,2.5,1,91,2,0,1,No Job,0.0,Not Placed
STU01923,Lalit Verma,23,Male,2022,DevOps,54.6,48.3,50.1,25.6,4.7,6.1,4,113,0,0,0,Job,5.43,Tier 3
STU01924,Ayush Verma,20,Female,2023,QA,72.6,74.5,71.5,55.2,5.7,4.1,1,97,4,1,0,Job,5.95,Tier 2
STU01925,Anjali Sinha,26,Male,2024,QA,56.4,51.7,38.1,56.2,5.1,5.7,2,114,0,0,0,Job,5.07,Tier 3
STU01926,Priya Agarwal,19,Female,2023,Figma Designer,61.5,40.0,44.5,40.0,3.7,4.9,2,77,2,0,1,No Job,0.0,Not Placed
STU01927,Sneha Kumar,25,Male,2024,Cybersecurity,73.8,60.3,69.2,63.6,4.8,5.1,1,108,1,0,0,Job,6.98,Tier 2
STU01928,Tarun Gandhi,21,Female,2023,Data Science,78.1,63.8,61.0,60.3,7.2,6.0,0,148,3,0,0,Job,6.89,Tier 2
STU01929,Vishal Roy,22,Female,2023,Data Science,78.5,58.8,58.8,70.9,4.9,5.5,4,130,2,1,0,No Job,0.0,Not Placed
STU01930,Anjali Sharma,26,Female,2023,DevOps,56.7,20.0,20.0,41.4,2.9,4.8,0,17,0,0,0,No Job,0.0,Not Placed
STU01931,Mehak Gupta,21,Male,2023,DevOps,66.6,40.6,34.5,49.1,5.0,3.5,0,54,0,0,1,No Job,0.0,Not Placed
STU01932,Tarun Iyer,25,Male,2024,MERN,67.5,66.0,69.9,46.3,5.6,6.3,1,129,4,1,0,No Job,0.0,Not Placed
STU01933,Vanshika Kaur,19,Male,2022,Data Science,51.3,20.0,20.0,23.0,3.5,4.3,3,43,0,0,1,No Job,0.0,Not Placed
STU01934,Deepika Jain,27,Male,2022,DevOps,52.7,32.4,20.0,37.1,4.0,2.1,0,0,0,0,3,No Job,0.0,Not Placed
STU01935,Kajal Sinha,24,Male,2024,QA,53.9,36.8,36.1,35.5,4.2,3.5,1,50,0,0,0,No Job,0.0,Not Placed
STU01936,Sanjana Chopra,21,Female,2022,Figma Designer,80.1,77.5,72.9,77.2,6.3,5.3,1,111,2,0,0,No Job,0.0,Not Placed
STU01937,Gaurav Bhatt,25,Male,2023,QA,64.5,51.3,53.5,48.7,5.5,3.8,0,114,0,0,0,No Job,0.0,Not Placed
STU01938,Ashish Shukla,23,Female,2022,QA,73.9,61.9,53.5,50.9,4.9,6.6,0,112,1,1,0,Job,5.27,Tier 3
STU01939,Kabir Jain,26,Male,2022,Cybersecurity,61.8,37.4,30.3,40.9,2.6,4.6,2,80,0,0,1,No Job,0.0,Not Placed
STU01940,Pooja Mishra,26,Male,2023,Figma Designer,57.6,35.7,27.1,38.5,5.6,4.8,4,139,2,0,0,Internship,1.87,Tier 2
STU01941,Tanvi Dubey,27,Male,2024,Cybersecurity,89.8,82.1,79.5,71.2,7.1,7.3,0,158,1,0,0,Job,8.47,Tier 1
STU01942,Mohit Yadav,24,Male,2022,QA,83.8,69.3,64.6,70.1,4.7,5.8,3,191,2,1,0,Internship,0.83,Tier 3
STU01943,Manish Dutta,22,Male,2022,Figma Designer,54.4,37.6,28.7,22.0,5.6,2.7,2,59,0,0,1,No Job,0.0,Not Placed
STU01944,Ayush Dubey,20,Female,2022,Figma Designer,51.0,20.0,20.0,27.1,1.3,2.9,2,54,1,0,2,No Job,0.0,Not Placed
STU01945,Vaibhav Nair,21,Male,2023,MERN,65.1,40.6,26.7,28.4,2.5,4.7,1,34,3,0,2,No Job,0.0,Not Placed
STU01946,Akshay Gupta,23,Female,2022,Data Science,50.7,29.3,20.0,45.0,3.3,3.9,0,12,1,0,1,No Job,0.0,Not Placed
STU01947,Nandini Joshi,26,Female,2023,Data Science,40.0,23.2,31.4,34.2,4.4,4.0,1,27,0,1,2,No Job,0.0,Not Placed
STU01948,Khushi Dutta,20,Male,2024,Data Science,70.4,53.4,56.3,48.7,4.6,6.0,1,97,1,1,0,Internship,1.1,Tier 3
STU01949,Rajan Gupta,23,Female,2023,Data Science,69.4,69.5,51.2,57.0,5.7,6.9,4,189,1,0,2,No Job,0.0,Not Placed
STU01950,Asha Mehta,27,Male,2022,Data Science,56.9,43.8,59.7,36.3,3.8,6.8,0,108,1,0,1,Job,7.01,Tier 2
STU01951,Manisha Verma,20,Male,2023,MERN,56.2,48.2,44.6,44.4,4.3,4.8,5,106,2,0,1,No Job,0.0,Not Placed
STU01952,Vikas Rastogi,26,Male,2024,DevOps,59.1,41.4,53.5,52.1,5.2,5.2,0,89,0,0,0,Job,7.92,Tier 2
STU01953,Rajan Sharma,21,Male,2023,Cybersecurity,71.8,56.7,42.7,56.2,3.2,4.8,3,101,1,1,0,No Job,0.0,Not Placed
STU01954,Uma Dubey,26,Female,2023,Data Science,56.6,37.3,22.4,22.8,2.7,3.0,2,102,0,0,2,No Job,0.0,Not Placed
STU01955,Isha Kumar,22,Female,2023,Cybersecurity,65.6,61.3,58.7,58.7,4.4,5.3,2,114,1,0,0,Internship,2.23,Tier 3
STU01956,Deepak Ghosh,22,Male,2022,Cybersecurity,68.1,60.6,69.8,55.5,6.8,5.1,3,125,0,0,1,Internship,1.71,Tier 2
STU01957,Farhan Dubey,25,Male,2023,DevOps,78.2,70.5,63.4,80.4,6.7,7.3,0,124,1,1,0,Job,7.07,Tier 2
STU01958,Pooja Gupta,23,Male,2024,Figma Designer,84.2,68.1,74.4,65.2,7.4,5.5,2,163,1,1,0,Job,6.52,Tier 2
STU01959,Mehak Garg,22,Female,2023,Data Science,53.0,38.4,34.0,35.7,2.6,6.2,5,173,1,1,0,Job,6.11,Tier 2
STU01960,Simran Iyer,25,Male,2023,Data Science,61.8,47.5,54.5,39.0,3.8,2.3,1,35,0,1,2,No Job,0.0,Not Placed
STU01961,Sneha Batra,21,Male,2023,DevOps,72.8,64.2,43.5,52.0,4.4,5.2,1,85,2,0,0,No Job,0.0,Not Placed
STU01962,Amit Yadav,27,Female,2022,Data Science,65.1,56.9,52.9,53.3,4.5,6.2,0,83,3,0,0,Job,6.98,Tier 2
STU01963,Jyoti Desai,23,Male,2022,DevOps,74.9,81.6,64.2,75.0,7.1,5.7,1,151,3,1,0,Job,8.11,Tier 1
STU01964,Rajni Yadav,21,Other,2024,MERN,65.3,72.6,50.7,59.5,4.7,4.3,1,155,3,0,0,Job,5.44,Tier 3
STU01965,Sahil Gupta,20,Male,2024,MERN,49.1,52.3,38.9,43.1,3.5,5.2,0,52,0,0,0,No Job,0.0,Not Placed
STU01966,Yogesh Reddy,25,Female,2024,Data Science,79.6,75.6,76.4,66.0,9.1,7.1,1,194,2,0,0,Internship,1.92,Tier 2
STU01967,Surbhi Chopra,25,Male,2024,MERN,75.7,70.5,60.3,67.1,6.6,5.7,1,127,4,0,0,Job,7.52,Tier 2
STU01968,Asha Singh,23,Male,2023,Cybersecurity,77.8,75.9,80.6,66.6,4.3,6.0,3,126,2,0,0,Job,7.14,Tier 2
STU01969,Prateek Bhatt,22,Female,2022,DevOps,44.8,32.7,34.2,23.7,3.7,4.9,1,46,0,0,0,No Job,0.0,Not Placed
STU01970,Ankit Rao,20,Female,2023,Data Science,68.5,60.6,54.1,43.3,7.3,5.5,1,93,1,0,2,No Job,0.0,Not Placed
STU01971,Sachin Rastogi,20,Female,2022,Data Science,63.9,60.6,39.7,40.5,5.4,4.0,0,36,1,0,0,No Job,0.0,Not Placed
STU01972,Bhavna Patel,25,Male,2024,Data Science,62.3,53.5,45.2,42.7,4.6,4.3,0,118,1,0,0,No Job,0.0,Not Placed
STU01973,Sanjay Varma,25,Female,2024,Data Science,50.6,40.5,34.3,39.3,3.6,4.7,1,91,2,0,1,No Job,0.0,Not Placed
STU01974,Prateek Dixit,22,Male,2024,QA,80.6,70.9,60.7,68.9,6.7,6.8,3,167,0,0,0,Internship,2.43,Tier 3
STU01975,Komal Kapoor,22,Male,2023,Data Science,74.3,67.1,67.8,53.7,4.6,6.5,0,102,0,0,0,No Job,0.0,Not Placed
STU01976,Sachin Dutta,22,Male,2022,Cybersecurity,63.4,62.1,61.5,67.2,5.9,7.3,1,136,1,1,1,Internship,1.23,Tier 3
STU01977,Pranav Tiwari,20,Female,2022,QA,54.9,44.2,39.7,37.8,3.3,4.7,1,82,4,0,0,No Job,0.0,Not Placed
STU01978,Deepika Shah,27,Female,2023,Data Science,69.5,49.3,51.0,52.2,5.8,5.5,3,160,0,1,2,No Job,0.0,Not Placed
STU01979,Nandini Pillai,19,Male,2023,DevOps,76.1,68.8,61.3,55.7,6.7,6.3,1,97,1,0,0,Internship,2.43,Tier 3
STU01980,Neha Pillai,26,Male,2023,Figma Designer,41.2,25.2,20.0,23.7,3.1,3.2,0,0,1,0,0,No Job,0.0,Not Placed
STU01981,Manish Shah,24,Male,2024,QA,73.9,63.4,53.6,73.0,6.7,5.3,4,168,0,1,1,Job,5.82,Tier 2
STU01982,Asha Chopra,25,Male,2024,DevOps,59.2,47.7,40.1,48.1,5.8,5.1,1,77,1,0,0,No Job,0.0,Not Placed
STU01983,Divya Srivastava,23,Male,2022,QA,65.8,61.5,52.4,48.4,6.4,4.3,2,118,0,0,3,Job,4.43,Tier 3
STU01984,Rajesh Pillai,24,Female,2022,QA,71.6,75.5,75.1,72.6,5.2,3.2,0,136,2,1,0,Job,5.99,Tier 2
STU01985,Amit Bansal,24,Female,2023,MERN,73.7,61.3,66.6,60.5,5.6,6.0,3,173,1,1,0,No Job,0.0,Not Placed
STU01986,Prachi Sharma,27,Female,2022,Figma Designer,46.7,39.9,35.8,31.7,3.5,5.3,0,41,2,0,3,No Job,0.0,Not Placed
STU01987,Dev Shukla,22,Male,2024,DevOps,41.8,27.8,20.0,30.2,3.1,2.0,4,56,1,0,1,No Job,0.0,Not Placed
STU01988,Aarav Ghosh,23,Male,2023,DevOps,59.0,59.9,58.9,45.7,4.3,5.8,3,162,1,1,0,Internship,1.85,Tier 2
STU01989,Kajal Gandhi,22,Male,2022,Figma Designer,70.6,77.1,60.8,64.4,5.9,6.8,0,113,0,0,0,Job,5.4,Tier 3
STU01990,Vanshika Chopra,19,Female,2023,QA,82.5,77.4,78.5,57.7,7.5,5.8,0,215,1,0,0,Job,6.6,Tier 2
STU01991,Akshay Desai,24,Male,2023,MERN,40.0,23.7,20.5,27.0,3.0,4.7,2,0,1,0,0,No Job,0.0,Not Placed
STU01992,Aarav Sharma,23,Female,2024,Data Science,67.1,62.5,68.8,71.4,5.3,5.3,0,90,0,0,0,Job,8.39,Tier 1
STU01993,Jyoti Arora,22,Female,2022,Cybersecurity,73.5,60.9,63.7,64.0,6.3,4.3,3,156,4,0,0,Job,6.69,Tier 2
STU01994,Parth Srivastava,24,Male,2024,Cybersecurity,64.8,70.8,66.1,70.9,6.2,6.4,0,121,1,1,2,Job,7.12,Tier 2
STU01995,Deepak Desai,23,Male,2023,Cybersecurity,72.7,64.4,47.1,45.6,5.3,6.1,2,85,1,1,0,Internship,1.53,Tier 3
STU01996,Jatin Garg,21,Female,2024,Figma Designer,48.4,28.7,20.0,22.8,3.5,4.9,0,72,0,0,0,No Job,0.0,Not Placed
STU01997,Akash Pillai,20,Female,2022,QA,64.6,45.4,40.9,49.2,2.2,4.8,3,90,1,0,2,No Job,0.0,Not Placed
STU01998,Suresh Singh,24,Male,2023,DevOps,50.1,37.8,27.3,29.9,3.1,5.1,1,38,1,0,3,No Job,0.0,Not Placed
STU01999,Ritesh Shah,22,Male,2023,Data Science,50.1,36.9,26.6,32.3,2.8,3.7,1,51,2,0,1,No Job,0.0,Not Placed
STU02000,Rajni Bansal,21,Female,2023,DevOps,72.0,72.7,71.2,54.5,6.0,6.5,0,82,2,1,0,Internship,1.76,Tier 3
STU02001,Anushka Gandhi,26,Female,2024,Cybersecurity,68.2,52.4,45.6,47.2,5.5,6.6,2,82,2,0,2,Job,6.21,Tier 2
STU02002,Lakshmi Rastogi,27,Male,2023,Cybersecurity,73.6,63.3,52.8,57.5,5.0,7.8,1,93,4,0,0,Internship,1.46,Tier 2
STU02003,Jatin Yadav,25,Male,2024,DevOps,77.9,74.0,91.3,72.8,5.4,5.7,0,86,1,0,1,Job,8.01,Tier 1
STU02004,Palak Jain,20,Male,2022,DevOps,46.4,25.2,20.0,15.0,1.0,4.8,2,47,0,0,0,No Job,0.0,Not Placed
STU02005,Uma Goyal,26,Female,2024,MERN,76.4,80.3,85.2,65.5,7.3,6.0,0,115,0,1,0,Internship,1.38,Tier 3
STU02006,Pranav Srivastava,23,Male,2022,MERN,89.2,86.8,89.2,89.8,6.1,6.4,1,173,2,1,0,Job,7.54,Tier 2
STU02007,Ashish Roy,25,Female,2024,DevOps,45.1,20.8,20.0,29.7,3.1,3.0,1,0,2,0,1,No Job,0.0,Not Placed
STU02008,Vidya Goyal,23,Male,2024,Data Science,62.7,59.1,55.6,56.3,5.0,6.7,0,134,1,0,0,Job,7.28,Tier 2
STU02009,Uma Arora,20,Male,2023,MERN,79.1,76.1,71.8,90.9,7.9,7.3,0,177,3,0,0,Job,7.17,Tier 2
STU02010,Pranav Mehta,22,Male,2023,MERN,46.8,26.5,23.6,29.3,3.7,2.5,0,40,2,0,1,No Job,0.0,Not Placed
STU02011,Ankit Rao,23,Male,2023,DevOps,51.2,44.0,31.2,43.8,2.0,4.5,1,46,1,0,0,No Job,0.0,Not Placed
STU02012,Jatin Sinha,24,Female,2022,Data Science,72.7,71.8,58.0,64.0,6.8,7.2,4,207,1,1,3,Job,7.54,Tier 2
STU02013,Prateek Chopra,23,Female,2023,QA,61.4,54.2,64.6,59.0,5.8,5.8,2,136,2,0,3,Job,5.83,Tier 2
STU02014,Sara Garg,19,Male,2023,DevOps,64.3,56.2,57.6,52.4,6.2,6.2,4,136,4,0,0,Internship,1.85,Tier 2
STU02015,Naman Mishra,19,Male,2024,Cybersecurity,60.4,44.9,43.4,57.9,3.5,4.3,0,41,1,0,1,No Job,0.0,Not Placed
STU02016,Sonam Sinha,21,Female,2024,Cybersecurity,65.3,61.3,51.6,54.5,4.2,6.2,0,98,0,1,0,Job,6.7,Tier 2
STU02017,Mira Sinha,27,Male,2024,MERN,40.0,20.0,20.0,15.0,1.6,2.1,0,0,2,0,1,No Job,0.0,Not Placed
STU02018,Prachi Gupta,20,Male,2023,DevOps,67.8,45.8,22.9,24.7,3.4,4.1,3,89,0,0,2,No Job,0.0,Not Placed
STU02019,Varun Pillai,23,Male,2024,Figma Designer,61.7,50.4,42.7,48.5,4.6,4.3,3,118,3,0,0,No Job,0.0,Not Placed
STU02020,Mira Gandhi,27,Female,2023,QA,40.3,25.8,20.0,32.2,1.0,2.0,1,10,4,0,1,No Job,0.0,Not Placed
STU02021,Ayush Jain,25,Male,2023,Figma Designer,57.0,43.0,42.8,56.3,5.1,4.1,1,110,2,0,1,No Job,0.0,Not Placed
STU02022,Mira Jain,26,Female,2023,QA,69.4,53.0,64.1,49.9,4.7,4.8,1,119,1,0,0,No Job,0.0,Not Placed
STU02023,Neha Malhotra,20,Male,2024,Data Science,46.5,36.4,29.7,37.7,3.8,4.6,4,102,0,0,0,No Job,0.0,Not Placed
STU02024,Sanjay Rao,23,Male,2024,Data Science,47.5,44.7,37.0,32.7,4.2,3.8,0,55,0,0,0,No Job,0.0,Not Placed
STU02025,Sahil Khanna,27,Male,2023,DevOps,54.3,34.9,32.7,36.9,4.0,6.5,2,96,0,0,2,No Job,0.0,Not Placed
STU02026,Ishaan Dixit,19,Male,2024,MERN,62.9,42.6,43.7,45.2,4.3,4.5,0,100,1,0,1,Job,5.83,Tier 2
STU02027,Anish Sharma,19,Female,2023,MERN,68.1,60.6,54.9,61.3,4.6,4.4,0,110,2,1,0,Job,5.54,Tier 2
STU02028,Rajni Joshi,26,Female,2024,QA,81.5,81.4,59.9,53.5,4.3,3.7,1,166,1,0,0,No Job,0.0,Not Placed
STU02029,Ishaan Garg,20,Male,2023,MERN,72.1,64.3,64.5,74.2,7.0,7.9,2,122,1,0,0,Internship,2.06,Tier 3
STU02030,Meena Nair,27,Female,2022,MERN,61.6,59.2,52.5,49.9,3.9,5.5,1,70,2,0,2,Internship,1.0,Tier 3
STU02031,Vineeta Kumar,27,Male,2023,QA,69.3,62.2,56.6,67.8,4.4,4.7,0,42,1,0,1,No Job,0.0,Not Placed
STU02032,Ruchi Kaur,22,Male,2023,QA,50.7,31.9,40.1,30.5,3.3,3.5,2,30,2,0,0,No Job,0.0,Not Placed
STU02033,Harsh Batra,20,Female,2023,MERN,66.3,54.4,50.5,64.1,5.7,4.8,2,90,2,1,0,Job,6.03,Tier 2
STU02034,Rohit Khanna,21,Female,2023,QA,61.7,54.8,48.8,54.0,5.9,5.7,2,123,2,1,0,No Job,0.0,Not Placed
STU02035,Anand Iyer,19,Female,2023,QA,62.2,66.1,60.7,55.0,4.8,7.5,0,102,2,1,0,No Job,0.0,Not Placed
STU02036,Ankita Rao,21,Male,2024,DevOps,66.3,61.2,47.0,56.5,4.0,4.1,0,116,0,0,0,No Job,0.0,Not Placed
STU02037,Rohan Roy,23,Male,2024,Data Science,67.1,53.0,50.5,54.4,4.7,5.5,4,137,2,0,1,No Job,0.0,Not Placed
STU02038,Sakshi Roy,21,Male,2023,Data Science,53.9,36.5,25.7,38.9,4.6,4.4,1,20,1,0,0,No Job,0.0,Not Placed
STU02039,Ritesh Tiwari,21,Female,2024,DevOps,74.8,81.7,89.0,69.1,5.7,5.8,1,100,2,1,0,Internship,2.33,Tier 2
STU02040,Riya Ghosh,24,Female,2023,MERN,68.2,46.2,34.2,49.1,4.9,4.3,3,93,1,0,0,Job,5.41,Tier 3
STU02041,Neha Rao,21,Male,2024,Figma Designer,79.1,78.4,85.8,87.6,6.7,6.1,0,145,4,1,0,Job,6.35,Tier 2
STU02042,Yogesh Patel,21,Female,2023,QA,53.1,36.2,27.9,22.8,3.5,4.2,3,79,1,0,0,No Job,0.0,Not Placed
STU02043,Divya Iyer,27,Male,2022,QA,77.3,68.2,69.7,69.8,5.2,6.7,1,106,0,1,0,Job,6.68,Tier 2
STU02044,Surbhi Kaur,20,Female,2022,Figma Designer,52.9,21.0,20.0,16.5,2.8,3.6,1,0,1,0,1,No Job,0.0,Not Placed
STU02045,Karan Gupta,19,Male,2024,Figma Designer,74.5,60.5,63.3,65.1,5.3,5.2,1,116,0,0,1,Job,3.97,Tier 3
STU02046,Sara Kumar,26,Male,2023,MERN,63.9,64.7,40.3,43.4,4.5,3.7,4,120,2,0,0,Job,4.72,Tier 3
STU02047,Meena Chopra,21,Male,2024,Data Science,90.6,73.9,57.0,66.4,3.8,6.2,0,99,1,1,0,Job,7.67,Tier 2
STU02048,Khushi Chauhan,25,Male,2023,QA,73.3,75.2,71.5,71.9,5.6,5.3,0,137,4,0,1,No Job,0.0,Not Placed
STU02049,Rahul Verma,20,Female,2023,MERN,57.5,72.2,80.8,78.9,7.6,7.1,0,141,0,1,3,No Job,0.0,Not Placed
STU02050,Pooja Patel,26,Female,2022,DevOps,56.6,46.9,36.8,53.4,3.6,3.8,0,24,1,0,0,No Job,0.0,Not Placed
STU02051,Gaurav Dubey,27,Female,2024,Cybersecurity,54.9,30.6,29.9,35.9,5.2,5.3,1,37,0,0,0,No Job,0.0,Not Placed
STU02052,Prachi Varma,26,Female,2022,Figma Designer,83.1,64.8,61.4,56.1,8.1,5.4,0,140,1,0,0,Internship,2.27,Tier 2
STU02053,Asha Desai,26,Male,2024,MERN,62.5,53.3,39.8,60.3,4.0,7.0,0,62,1,0,1,No Job,0.0,Not Placed
STU02054,Farhan Roy,26,Female,2023,QA,66.6,50.1,41.9,40.4,4.8,4.1,1,50,2,1,0,Internship,0.82,Tier 3
STU02055,Kunal Batra,25,Female,2024,MERN,65.4,54.9,44.5,47.7,4.3,5.3,1,68,0,0,0,No Job,0.0,Not Placed
STU02056,Tushar Iyer,20,Male,2022,Cybersecurity,59.7,43.2,33.5,39.6,4.5,5.0,1,51,0,0,0,No Job,0.0,Not Placed
STU02057,Arjun Gandhi,26,Male,2022,Data Science,50.7,38.3,20.0,22.0,2.9,2.4,0,6,0,0,1,No Job,0.0,Not Placed
STU02058,Saloni Chauhan,23,Female,2023,QA,82.3,84.0,78.1,71.5,6.7,5.0,0,149,2,1,0,Job,7.47,Tier 2
STU02059,Yash Dutta,24,Male,2023,Data Science,76.7,54.7,70.0,46.5,5.2,4.8,3,118,1,0,0,No Job,0.0,Not Placed
STU02060,Mehak Shukla,22,Female,2022,Cybersecurity,47.4,20.0,20.0,27.4,3.5,3.8,1,0,1,0,0,No Job,0.0,Not Placed
STU02061,Ashish Khanna,19,Male,2024,Data Science,77.7,78.8,75.7,80.7,5.4,5.8,4,183,1,1,0,Job,8.04,Tier 1
STU02062,Shreya Patel,23,Male,2022,MERN,69.2,57.4,49.8,56.4,4.6,4.6,1,93,2,0,3,No Job,0.0,Not Placed
STU02063,Isha Mishra,21,Male,2023,DevOps,64.1,53.4,51.0,53.5,4.8,6.5,1,111,3,0,0,No Job,0.0,Not Placed
STU02064,Shivam Dixit,27,Male,2022,MERN,69.0,60.9,66.5,58.7,5.1,5.2,1,126,4,1,0,No Job,0.0,Not Placed
STU02065,Manish Khanna,22,Male,2023,Data Science,73.8,49.7,37.9,47.0,5.6,5.6,0,44,3,0,2,No Job,0.0,Not Placed
STU02066,Sanjana Kapoor,20,Male,2023,MERN,56.1,31.2,20.0,30.2,3.9,3.6,1,50,3,0,2,No Job,0.0,Not Placed
STU02067,Vikram Gandhi,22,Male,2022,Cybersecurity,56.3,44.7,37.0,42.5,3.4,4.5,1,114,4,0,0,No Job,0.0,Not Placed
STU02068,Uday Reddy,21,Female,2024,Cybersecurity,67.9,60.3,47.2,45.2,4.7,4.7,1,123,3,1,0,No Job,0.0,Not Placed
STU02069,Deepika Verma,21,Male,2023,Data Science,50.4,31.9,28.8,44.4,4.6,4.1,0,32,0,0,0,No Job,0.0,Not Placed
STU02070,Anjali Gupta,23,Female,2024,QA,63.2,59.6,66.6,56.9,5.9,4.4,0,105,2,0,0,Job,4.53,Tier 3
STU02071,Priya Malhotra,19,Male,2022,Data Science,82.6,85.9,70.3,72.1,6.4,5.7,1,167,2,0,0,No Job,0.0,Not Placed
STU02072,Sourabh Desai,23,Female,2023,DevOps,56.2,36.6,41.8,38.5,4.4,4.2,4,164,1,0,0,Job,6.39,Tier 2
STU02073,Ayush Joshi,26,Female,2022,MERN,42.4,22.3,20.0,15.0,3.3,3.5,1,1,0,0,1,No Job,0.0,Not Placed
STU02074,Saloni Jain,27,Male,2024,DevOps,57.1,48.6,49.1,45.6,3.6,6.4,1,90,0,0,0,No Job,0.0,Not Placed
STU02075,Ankita Shukla,19,Female,2023,MERN,54.8,36.0,37.2,38.3,5.6,5.5,0,39,0,0,0,No Job,0.0,Not Placed
STU02076,Komal Gupta,20,Male,2024,Figma Designer,60.3,47.2,31.3,35.5,4.9,4.7,4,110,3,1,0,No Job,0.0,Not Placed
STU02077,Uday Sinha,20,Male,2023,MERN,62.2,57.3,52.1,44.2,6.3,4.1,2,90,1,0,0,Job,5.4,Tier 3
STU02078,Gaurav Tiwari,24,Female,2024,MERN,70.2,46.0,35.6,50.2,3.9,4.2,5,137,1,0,3,No Job,0.0,Not Placed
STU02079,Tarun Iyer,19,Male,2023,MERN,59.0,29.7,20.0,39.3,5.6,4.2,0,77,4,0,1,No Job,0.0,Not Placed
STU02080,Rohan Shah,19,Male,2022,Figma Designer,64.4,49.7,59.9,48.7,4.4,5.2,1,68,1,0,1,Job,4.49,Tier 3
STU02081,Vikas Tiwari,20,Female,2022,Cybersecurity,56.1,39.2,40.7,56.3,4.1,5.1,0,78,2,0,1,No Job,0.0,Not Placed
STU02082,Rajesh Tiwari,22,Female,2023,Cybersecurity,78.2,86.4,78.0,85.5,7.8,5.9,1,208,3,0,0,No Job,0.0,Not Placed
STU02083,Ankit Iyer,20,Female,2023,Figma Designer,61.2,53.4,49.3,64.5,6.0,5.4,0,85,3,0,1,Job,5.64,Tier 2
STU02084,Uday Gandhi,22,Male,2022,Figma Designer,56.8,42.8,43.8,40.9,3.3,4.4,1,69,1,1,0,No Job,0.0,Not Placed
STU02085,Tushar Rao,21,Female,2024,Cybersecurity,68.3,46.5,40.6,42.5,3.1,4.5,1,76,0,0,2,No Job,0.0,Not Placed
STU02086,Abhinav Goyal,21,Female,2023,Data Science,44.5,42.6,34.6,53.3,4.1,4.4,0,116,3,0,1,No Job,0.0,Not Placed
STU02087,Anil Desai,27,Female,2023,QA,72.1,58.0,64.6,61.8,4.9,4.0,3,102,2,0,1,No Job,0.0,Not Placed
STU02088,Karan Dubey,26,Male,2022,Data Science,78.0,62.0,58.7,59.0,5.6,4.5,0,101,2,0,0,Job,6.55,Tier 2
STU02089,Mohit Kaur,27,Female,2023,QA,63.6,63.5,68.1,70.2,6.5,8.0,0,139,2,0,0,Job,5.76,Tier 2
STU02090,Swati Sharma,19,Female,2022,Cybersecurity,64.5,50.8,50.8,29.4,5.6,3.9,0,60,0,0,1,Job,7.24,Tier 2
STU02091,Vinay Khanna,23,Male,2022,QA,66.9,70.2,55.4,57.0,5.4,5.1,1,71,1,0,0,No Job,0.0,Not Placed
STU02092,Lakshmi Yadav,22,Female,2024,DevOps,68.3,61.8,67.0,68.7,3.7,5.0,0,74,2,0,0,Internship,1.41,Tier 3
STU02093,Jatin Desai,27,Male,2023,Cybersecurity,67.3,51.7,43.6,48.4,6.0,4.9,3,96,0,0,0,Job,6.91,Tier 2
STU02094,Seema Chopra,21,Male,2023,Figma Designer,64.8,57.5,49.9,50.1,5.8,6.9,2,110,2,1,0,Job,4.46,Tier 3
STU02095,Amit Sharma,23,Female,2022,Data Science,58.2,59.4,49.7,54.0,5.5,5.7,1,130,0,0,1,Job,7.28,Tier 2
STU02096,Ashu Bansal,26,Female,2023,MERN,68.2,42.9,44.7,33.5,4.0,4.1,1,76,0,0,0,No Job,0.0,Not Placed
STU02097,Gaurav Chauhan,23,Male,2022,Cybersecurity,50.8,45.5,35.9,36.1,3.9,4.0,1,21,3,0,0,No Job,0.0,Not Placed
STU02098,Vikas Verma,27,Male,2023,Figma Designer,95.2,86.7,78.6,75.9,7.8,7.3,2,180,3,1,0,No Job,0.0,Not Placed
STU02099,Ayush Nair,20,Female,2023,Data Science,61.5,58.7,43.2,49.1,4.3,6.5,4,142,1,0,0,Job,6.81,Tier 2
STU02100,Vanshika Agarwal,24,Female,2023,Data Science,61.4,59.0,57.6,55.2,4.8,5.9,1,146,3,0,1,No Job,0.0,Not Placed
STU02101,Tushar Kapoor,23,Female,2024,Data Science,64.8,54.3,48.0,41.2,4.2,6.6,1,78,0,1,1,No Job,0.0,Not Placed
STU02102,Vikram Shah,27,Female,2023,Data Science,75.4,64.4,49.0,60.0,4.6,5.0,1,96,1,0,1,No Job,0.0,Not Placed
STU02103,Ankit Dixit,25,Female,2023,Figma Designer,70.8,59.1,50.5,50.7,7.2,4.8,4,148,1,0,0,Job,4.28,Tier 3
STU02104,Mira Verma,26,Male,2023,Cybersecurity,43.9,26.4,24.9,40.5,3.3,3.8,1,22,1,0,1,No Job,0.0,Not Placed
STU02105,Manish Dixit,25,Female,2022,Cybersecurity,57.7,55.1,43.5,40.5,3.3,5.0,3,105,1,0,0,No Job,0.0,Not Placed
STU02106,Lalit Gandhi,23,Male,2024,DevOps,82.2,57.1,55.0,64.9,4.5,5.2,1,80,2,0,0,Job,6.78,Tier 2
STU02107,Kajal Singh,23,Female,2023,QA,56.9,39.2,46.4,30.6,5.0,5.6,2,74,2,0,2,No Job,0.0,Not Placed
STU02108,Deepika Arora,22,Male,2022,Data Science,52.0,29.9,30.2,41.5,3.8,3.9,2,40,4,0,1,No Job,0.0,Not Placed
STU02109,Sanjay Gupta,20,Male,2024,MERN,50.7,45.3,35.0,48.6,5.5,4.4,1,92,0,0,1,No Job,0.0,Not Placed
STU02110,Tushar Garg,27,Female,2022,DevOps,40.0,21.2,22.9,24.5,4.6,3.1,0,0,3,0,0,No Job,0.0,Not Placed
STU02111,Anish Shah,21,Other,2024,Data Science,67.7,53.4,48.4,52.4,4.2,5.8,1,115,2,1,2,Job,6.92,Tier 2
STU02112,Dev Bansal,21,Female,2024,MERN,76.0,66.3,65.1,68.9,5.3,5.9,3,147,1,1,0,Job,6.51,Tier 2
STU02113,Vishal Singh,21,Female,2023,MERN,56.8,30.2,23.3,27.7,5.8,3.1,2,76,0,0,2,No Job,0.0,Not Placed
STU02114,Ashish Dutta,26,Male,2022,Data Science,67.7,63.1,60.1,55.0,5.2,4.8,4,197,0,1,0,Job,7.3,Tier 2
STU02115,Mohit Kumar,24,Female,2022,Data Science,72.2,80.8,88.7,80.0,7.6,5.2,0,144,1,1,0,No Job,0.0,Not Placed
STU02116,Geeta Varma,19,Male,2022,QA,78.3,71.3,69.1,79.7,5.8,6.1,1,213,1,1,0,Job,5.78,Tier 2
STU02117,Dev Sharma,21,Male,2022,Data Science,54.3,37.2,28.0,31.1,5.7,2.7,2,74,1,0,0,Job,6.86,Tier 2
STU02118,Nitin Mehta,22,Male,2023,Figma Designer,56.6,42.0,32.1,53.5,2.8,3.6,0,35,1,0,0,No Job,0.0,Not Placed
STU02119,Uma Agarwal,20,Female,2024,Data Science,61.0,58.4,60.0,48.9,7.5,7.5,0,88,2,0,0,No Job,0.0,Not Placed
STU02120,Sandeep Nair,24,Other,2023,QA,70.8,53.0,60.1,55.6,5.6,4.7,2,122,2,1,0,Job,5.45,Tier 3
STU02121,Aryan Gupta,19,Female,2023,Figma Designer,72.6,66.7,63.2,60.6,4.9,6.8,2,158,1,0,0,Job,5.52,Tier 2
STU02122,Vanshika Nair,19,Male,2023,Figma Designer,63.7,60.6,56.0,53.8,3.1,5.4,1,86,1,0,0,Job,5.31,Tier 3
STU02123,Nikhil Dutta,26,Male,2024,QA,71.1,55.3,63.8,58.8,5.4,6.9,0,109,0,0,0,No Job,0.0,Not Placed
STU02124,Farhan Trivedi,22,Male,2022,MERN,61.5,42.5,38.4,37.0,4.9,3.6,1,76,1,0,0,No Job,0.0,Not Placed
STU02125,Nikita Pillai,19,Male,2023,MERN,73.5,63.3,77.0,63.9,5.5,6.0,2,116,0,0,2,Job,6.67,Tier 2
STU02126,Varun Roy,25,Male,2024,DevOps,62.9,52.0,42.1,37.8,4.6,3.7,0,45,1,0,0,No Job,0.0,Not Placed
STU02127,Kajal Chauhan,27,Female,2024,Data Science,69.2,41.8,34.2,45.1,3.3,4.6,0,66,2,0,0,Job,5.89,Tier 2
STU02128,Amit Rastogi,25,Female,2024,Data Science,66.8,52.0,56.1,61.2,6.4,4.8,1,142,4,1,2,Internship,1.16,Tier 2
STU02129,Surbhi Malhotra,19,Male,2024,QA,71.2,76.6,86.2,57.5,6.3,5.9,1,140,1,1,0,Job,6.14,Tier 2
STU02130,Isha Chawla,19,Male,2022,DevOps,64.5,61.1,52.8,59.0,6.5,4.6,0,48,1,1,0,No Job,0.0,Not Placed
STU02131,Neha Dutta,19,Female,2023,Cybersecurity,75.5,52.6,48.3,60.3,4.2,4.1,1,34,1,0,0,No Job,0.0,Not Placed
STU02132,Aryan Goyal,26,Female,2022,Figma Designer,57.5,48.8,60.8,55.8,4.5,5.3,1,95,1,1,0,No Job,0.0,Not Placed
STU02133,Krishna Sharma,25,Female,2023,Cybersecurity,53.6,48.6,50.2,32.3,2.7,6.0,4,87,0,0,3,No Job,0.0,Not Placed
STU02134,Rohit Chawla,21,Male,2023,Cybersecurity,61.4,49.1,45.2,43.6,5.6,5.8,2,107,2,1,0,Job,5.69,Tier 2
STU02135,Tushar Desai,21,Male,2023,QA,56.5,37.4,20.0,24.0,2.3,3.5,2,31,0,1,1,No Job,0.0,Not Placed
STU02136,Ishaan Dubey,21,Other,2024,Data Science,73.7,71.0,74.7,73.3,6.6,6.4,0,139,1,0,0,No Job,0.0,Not Placed
STU02137,Anand Reddy,20,Male,2023,MERN,93.7,99.6,99.5,88.6,7.2,6.1,1,201,0,0,0,Internship,2.45,Tier 3
STU02138,Sara Malhotra,22,Female,2023,Figma Designer,45.7,20.0,20.0,16.6,3.2,2.0,0,4,3,0,0,No Job,0.0,Not Placed
STU02139,Rajni Yadav,25,Male,2022,Figma Designer,49.9,39.1,42.2,24.7,1.3,3.7,0,18,2,0,2,No Job,0.0,Not Placed
STU02140,Sanjay Batra,27,Male,2024,Figma Designer,78.5,83.6,76.1,90.5,5.5,8.3,1,122,1,1,0,Job,5.95,Tier 2
STU02141,Vanshika Bansal,21,Female,2022,DevOps,52.9,34.8,42.0,38.6,5.3,5.0,0,26,1,0,0,No Job,0.0,Not Placed
STU02142,Geeta Tiwari,25,Male,2022,QA,76.4,78.7,75.5,72.8,6.9,6.8,0,140,1,0,0,Job,7.07,Tier 2
STU02143,Geeta Roy,22,Female,2022,Data Science,68.2,66.6,66.0,69.0,5.4,8.0,2,150,1,1,1,Internship,1.63,Tier 3
STU02144,Tanvi Nair,19,Male,2023,Data Science,53.9,52.3,44.9,36.7,5.4,5.0,0,110,2,0,2,Job,7.22,Tier 2
STU02145,Rohit Ghosh,23,Other,2022,MERN,67.4,60.5,60.3,67.9,6.3,6.6,2,165,0,1,0,Internship,1.68,Tier 3
STU02146,Sara Verma,26,Male,2024,DevOps,71.7,54.8,46.6,41.3,6.2,7.1,3,107,2,1,3,No Job,0.0,Not Placed
STU02147,Shreya Batra,21,Male,2024,MERN,62.4,53.6,53.7,53.5,4.4,6.0,2,130,0,0,0,Job,5.25,Tier 3
STU02148,Shreya Srivastava,22,Male,2024,MERN,74.3,74.1,62.1,57.5,4.9,6.2,0,137,3,1,0,Internship,1.03,Tier 3
STU02149,Anil Bhatt,21,Female,2022,Data Science,71.9,67.6,61.6,69.4,4.7,3.8,2,158,1,0,0,Job,8.17,Tier 1
STU02150,Nandini Rastogi,26,Female,2024,DevOps,73.9,64.8,70.8,84.6,7.2,7.5,1,111,4,0,0,Job,7.63,Tier 2
STU02151,Sandeep Dubey,26,Male,2024,QA,88.1,94.4,100.0,90.8,8.8,6.4,2,252,2,1,0,Job,7.86,Tier 2
STU02152,Arjun Rastogi,22,Female,2024,Cybersecurity,73.0,56.5,67.3,46.0,6.1,4.0,1,166,1,0,0,Job,6.99,Tier 2
STU02153,Gaurav Kaur,20,Female,2023,Data Science,73.8,63.9,63.0,64.3,5.7,6.8,0,75,2,1,0,No Job,0.0,Not Placed
STU02154,Varun Gupta,21,Female,2024,DevOps,76.7,73.9,67.6,74.0,5.2,7.0,0,127,0,0,0,Job,7.65,Tier 2
STU02155,Nikita Mehta,21,Female,2022,Cybersecurity,77.3,69.8,73.2,72.9,6.6,4.9,2,119,2,1,0,Internship,1.37,Tier 3
STU02156,Vikas Chawla,22,Female,2024,DevOps,66.2,50.3,38.0,37.0,4.6,3.3,1,114,0,0,1,Internship,0.91,Tier 2
STU02157,Vidya Mehta,20,Female,2022,MERN,84.9,76.4,70.1,83.6,5.5,4.3,0,130,3,1,0,No Job,0.0,Not Placed
STU02158,Dev Dixit,20,Male,2023,Cybersecurity,63.7,70.5,51.8,66.0,6.1,5.2,2,115,3,0,0,Job,7.06,Tier 2
STU02159,Lakshmi Jain,21,Male,2024,Figma Designer,48.3,42.2,33.8,33.9,5.1,3.6,2,44,1,0,0,No Job,0.0,Not Placed
STU02160,Anjali Gandhi,19,Female,2023,Data Science,73.9,65.8,66.7,72.4,5.9,4.9,1,111,1,0,0,Job,8.48,Tier 1
STU02161,Mira Chopra,26,Male,2022,MERN,40.8,31.5,28.1,18.2,3.0,5.4,2,119,1,0,0,No Job,0.0,Not Placed
STU02162,Vanshika Batra,24,Male,2024,MERN,76.7,81.0,73.1,60.5,6.6,5.2,1,121,2,0,1,Job,7.21,Tier 2
STU02163,Vishal Rao,21,Female,2024,DevOps,61.2,57.4,51.0,37.0,5.5,4.1,2,79,1,0,1,No Job,0.0,Not Placed
STU02164,Gaurav Dubey,19,Male,2022,Data Science,65.7,63.3,62.5,72.0,5.2,6.2,2,70,2,0,0,Job,8.01,Tier 1
STU02165,Vikram Agarwal,21,Female,2024,Data Science,57.2,34.3,21.9,30.5,1.7,3.0,0,35,1,0,0,No Job,0.0,Not Placed
STU02166,Maya Singh,19,Female,2023,MERN,53.2,33.8,33.1,39.0,5.1,6.3,2,52,1,0,1,No Job,0.0,Not Placed
STU02167,Seema Rao,21,Other,2023,Figma Designer,66.5,43.5,40.6,50.7,3.8,5.6,2,105,0,0,1,No Job,0.0,Not Placed
STU02168,Varun Mehta,22,Male,2022,Cybersecurity,73.9,59.9,50.5,41.8,5.2,4.7,2,90,2,0,1,No Job,0.0,Not Placed
STU02169,Yogesh Bhatt,24,Male,2022,Cybersecurity,60.9,48.0,44.6,37.7,5.3,5.9,1,109,3,0,0,Job,6.53,Tier 2
STU02170,Sandeep Tiwari,25,Female,2022,QA,68.4,60.9,53.4,60.1,6.0,6.9,1,89,1,0,0,No Job,0.0,Not Placed
STU02171,Ritesh Reddy,25,Male,2022,Data Science,70.8,68.5,63.1,73.1,5.7,5.3,1,110,4,1,2,Job,7.03,Tier 2
STU02172,Meena Singh,27,Male,2024,QA,52.2,51.5,38.9,52.2,4.4,3.9,0,87,0,0,0,No Job,0.0,Not Placed
STU02173,Farhan Roy,26,Female,2023,Cybersecurity,64.2,62.2,54.8,57.1,4.4,4.8,0,104,0,0,0,No Job,0.0,Not Placed
STU02174,Arjun Rastogi,22,Male,2024,MERN,82.7,72.9,65.7,65.0,5.9,6.2,0,112,1,0,3,Job,6.87,Tier 2
STU02175,Palak Kapoor,24,Female,2024,QA,55.3,27.3,20.0,26.9,1.3,2.5,3,47,1,0,1,No Job,0.0,Not Placed
STU02176,Lalit Bhatt,19,Female,2022,QA,70.0,59.1,59.7,51.3,6.3,5.4,2,119,2,0,0,Job,6.34,Tier 2
STU02177,Amar Singh,26,Male,2024,QA,55.3,43.9,47.3,43.7,5.1,4.1,1,44,3,0,0,No Job,0.0,Not Placed
STU02178,Pankaj Kaur,24,Male,2024,Data Science,44.5,20.0,20.0,15.5,1.7,1.9,1,0,1,0,2,No Job,0.0,Not Placed
STU02179,Pankaj Iyer,20,Male,2023,Figma Designer,60.9,48.3,34.3,43.8,3.9,5.1,0,56,2,0,1,No Job,0.0,Not Placed
STU02180,Rohan Dixit,26,Male,2022,Figma Designer,60.6,31.6,20.0,33.0,2.2,3.7,0,50,1,0,1,No Job,0.0,Not Placed
STU02181,Lalit Gandhi,22,Female,2024,MERN,55.8,47.6,45.0,33.3,3.7,6.1,0,75,0,0,0,No Job,0.0,Not Placed
STU02182,Suresh Pillai,27,Male,2024,Data Science,71.5,62.9,59.9,55.7,4.9,5.6,3,139,1,0,0,Job,7.6,Tier 2
STU02183,Aditya Pillai,22,Male,2024,Data Science,71.3,66.9,64.2,48.4,6.1,5.1,5,208,0,0,0,Job,7.66,Tier 2
STU02184,Amar Patel,19,Female,2022,Figma Designer,77.9,79.1,57.8,78.1,5.8,6.5,0,134,1,0,0,Internship,1.53,Tier 2
STU02185,Anand Verma,25,Female,2022,DevOps,75.1,78.6,68.6,74.8,7.4,7.2,1,157,0,1,0,Internship,1.46,Tier 3
STU02186,Vinay Varma,23,Male,2023,MERN,53.8,45.2,42.1,36.7,5.0,4.1,0,37,3,0,0,No Job,0.0,Not Placed
STU02187,Vikas Reddy,23,Female,2023,MERN,78.9,78.6,76.9,74.2,6.6,5.7,3,187,3,1,0,Internship,1.47,Tier 3
STU02188,Sahil Dubey,22,Male,2022,MERN,56.9,34.8,40.9,34.6,2.3,3.1,0,28,2,0,1,No Job,0.0,Not Placed
STU02189,Rohit Dubey,24,Female,2023,Cybersecurity,74.6,79.5,78.4,68.6,4.2,6.5,1,123,4,1,0,Internship,2.41,Tier 2
STU02190,Suresh Nair,19,Female,2023,MERN,79.4,76.6,67.3,55.0,5.7,6.1,1,132,2,0,0,Job,7.59,Tier 2
STU02191,Vikas Chauhan,21,Female,2024,Figma Designer,59.0,54.5,41.1,57.2,4.8,6.3,1,96,0,1,2,No Job,0.0,Not Placed
STU02192,Khushi Goyal,25,Female,2023,Cybersecurity,47.2,44.7,37.2,32.2,3.0,3.4,0,50,3,0,2,No Job,0.0,Not Placed
STU02193,Priya Shah,26,Male,2023,QA,73.4,73.7,71.5,73.2,6.2,6.5,2,166,0,0,0,Job,6.61,Tier 2
STU02194,Manisha Mehta,27,Female,2024,MERN,55.0,45.8,25.8,47.3,6.0,3.4,3,47,0,0,1,No Job,0.0,Not Placed
STU02195,Pankaj Dutta,19,Female,2024,Data Science,74.5,66.5,62.8,67.6,6.6,5.3,0,68,2,0,0,Job,7.44,Tier 2
STU02196,Anjali Shukla,22,Male,2022,DevOps,64.6,51.9,50.2,54.5,6.7,4.0,2,82,0,1,0,No Job,0.0,Not Placed
STU02197,Shivam Iyer,20,Male,2022,MERN,42.3,33.9,23.5,24.8,2.6,4.6,2,47,1,0,1,No Job,0.0,Not Placed
STU02198,Asha Khanna,20,Female,2024,Data Science,62.6,56.1,46.5,50.7,4.9,3.5,0,54,1,1,0,No Job,0.0,Not Placed
STU02199,Naman Singh,19,Male,2023,Figma Designer,54.5,40.0,33.0,37.8,4.6,3.2,5,78,2,0,1,No Job,0.0,Not Placed
STU02200,Sakshi Mehta,23,Female,2024,DevOps,72.9,82.1,77.1,62.4,6.8,6.8,0,150,3,0,0,Internship,1.66,Tier 2
STU02201,Amar Batra,20,Female,2023,Data Science,100.0,99.9,100.0,89.6,8.8,7.1,1,228,1,1,0,Internship,1.41,Tier 3
STU02202,Vikas Patel,22,Female,2022,Data Science,43.6,43.6,32.6,35.2,3.0,3.7,1,43,1,0,1,No Job,0.0,Not Placed
STU02203,Nikita Roy,27,Male,2023,MERN,56.5,47.9,37.5,48.4,4.9,5.4,3,106,1,1,2,No Job,0.0,Not Placed
STU02204,Ashish Varma,21,Male,2023,Figma Designer,63.3,53.6,53.5,53.0,3.9,2.8,1,80,1,0,2,No Job,0.0,Not Placed
STU02205,Krishna Goyal,26,Male,2023,MERN,40.0,24.1,20.0,21.1,1.0,1.5,1,0,2,0,2,No Job,0.0,Not Placed
STU02206,Pranav Roy,24,Female,2022,MERN,85.5,90.4,85.4,79.8,6.6,5.8,2,134,1,0,0,No Job,0.0,Not Placed
STU02207,Anand Gandhi,23,Female,2024,Cybersecurity,57.9,49.0,55.3,45.2,5.5,3.8,2,105,2,0,3,No Job,0.0,Not Placed
STU02208,Vidya Chopra,20,Female,2023,MERN,64.7,44.0,34.1,46.4,4.9,5.5,2,87,2,0,0,Job,5.61,Tier 2
STU02209,Sourabh Rastogi,21,Female,2023,Data Science,81.4,67.9,64.3,68.3,5.7,6.3,0,98,1,0,0,Internship,1.4,Tier 3
STU02210,Tushar Pillai,26,Female,2024,Data Science,73.3,55.1,46.8,60.4,3.2,5.4,1,114,1,0,0,Job,8.01,Tier 1
STU02211,Prachi Varma,27,Male,2023,MERN,67.6,71.7,53.3,58.6,3.7,6.5,0,116,1,0,3,Job,6.55,Tier 2
STU02212,Karishma Gupta,25,Female,2024,Data Science,73.4,63.2,62.9,71.1,5.8,3.2,1,97,2,1,0,Job,7.19,Tier 2
STU02213,Nikita Joshi,19,Male,2024,Data Science,69.1,41.5,43.7,57.7,4.5,5.1,3,137,1,1,1,No Job,0.0,Not Placed
STU02214,Seema Kaur,24,Male,2023,QA,52.0,34.0,40.5,29.1,3.6,5.7,0,28,1,0,0,No Job,0.0,Not Placed
STU02215,Sonam Kaur,25,Male,2023,Data Science,74.3,74.5,69.1,76.9,8.1,6.7,1,130,1,0,0,Job,8.92,Tier 1
STU02216,Kunal Desai,24,Male,2024,QA,53.2,43.5,36.6,38.1,4.4,3.7,1,100,2,0,1,No Job,0.0,Not Placed
STU02217,Kajal Dixit,20,Male,2022,QA,61.5,48.3,27.7,52.7,5.6,5.2,3,90,1,0,0,No Job,0.0,Not Placed
STU02218,Kabir Shukla,27,Male,2022,DevOps,61.0,48.5,53.9,53.9,4.6,5.4,2,117,0,0,0,Job,6.14,Tier 2
STU02219,Sneha Nair,21,Male,2024,MERN,47.7,32.8,26.1,28.2,1.4,4.0,1,42,4,0,1,No Job,0.0,Not Placed
STU02220,Komal Varma,24,Other,2024,Data Science,80.0,57.9,58.3,49.1,6.3,4.6,1,117,2,0,0,Job,7.75,Tier 2
STU02221,Sanjana Kumar,24,Male,2024,Cybersecurity,78.5,77.2,71.8,65.1,7.3,7.5,3,152,1,0,0,Internship,1.63,Tier 3
STU02222,Komal Srivastava,26,Female,2022,Cybersecurity,83.2,74.4,64.6,74.1,8.2,8.1,3,176,2,0,0,Job,8.14,Tier 1
STU02223,Pranav Chopra,22,Male,2022,Cybersecurity,68.1,64.6,75.1,70.9,5.0,5.8,1,174,2,1,0,Job,7.25,Tier 2
STU02224,Manisha Mishra,24,Male,2022,Data Science,80.4,69.3,71.1,66.0,5.8,5.9,0,115,2,1,0,Job,8.45,Tier 1
STU02225,Bhavna Shukla,19,Male,2023,Figma Designer,52.5,48.0,41.8,39.7,3.7,5.3,1,11,2,1,0,Internship,2.03,Tier 3
STU02226,Farhan Patel,27,Male,2023,Data Science,64.1,61.7,75.4,75.5,6.4,5.0,4,153,0,1,0,No Job,0.0,Not Placed
STU02227,Prateek Verma,27,Female,2023,MERN,59.8,44.3,40.4,43.9,3.9,4.3,1,89,1,0,0,No Job,0.0,Not Placed
STU02228,Ankit Yadav,25,Male,2022,MERN,69.5,77.0,63.1,63.3,6.7,7.0,3,179,2,1,0,No Job,0.0,Not Placed
STU02229,Anish Sharma,19,Male,2023,Data Science,68.8,45.8,40.5,40.8,5.9,5.2,0,125,0,0,2,No Job,0.0,Not Placed
STU02230,Anil Mishra,21,Male,2023,DevOps,78.0,77.3,71.6,65.4,6.9,7.5,2,132,4,1,0,Job,8.63,Tier 1
STU02231,Jatin Agarwal,23,Female,2022,QA,68.0,60.2,53.1,55.3,4.3,4.6,1,87,0,0,0,No Job,0.0,Not Placed
STU02232,Ishaan Malhotra,22,Female,2024,QA,60.8,59.2,52.9,45.0,4.9,3.5,1,94,1,0,0,No Job,0.0,Not Placed
STU02233,Sonam Chawla,23,Male,2022,QA,68.6,60.8,55.3,49.8,5.1,5.8,2,166,3,1,1,Internship,1.91,Tier 3
STU02234,Yogesh Bansal,25,Male,2024,DevOps,57.6,51.1,34.2,36.4,4.1,3.5,3,102,0,1,0,Internship,1.05,Tier 3
STU02235,Sandeep Joshi,27,Male,2024,Cybersecurity,80.9,71.8,68.0,65.1,7.5,7.1,4,164,2,1,0,Job,7.66,Tier 2
STU02236,Sourabh Shah,19,Male,2023,Data Science,53.3,32.7,20.4,21.1,3.4,3.9,0,37,1,0,1,No Job,0.0,Not Placed
STU02237,Tarun Sinha,23,Male,2022,DevOps,44.5,28.2,20.0,15.0,4.3,2.7,1,0,2,0,0,No Job,0.0,Not Placed
STU02238,Simran Mehta,21,Female,2023,Data Science,65.8,67.4,53.2,42.7,6.3,4.5,0,91,2,0,0,Job,7.44,Tier 2
STU02239,Rohan Gupta,21,Female,2024,MERN,66.9,47.3,34.6,48.2,5.2,4.4,1,81,1,0,0,Internship,1.15,Tier 2
STU02240,Ashu Yadav,20,Female,2022,MERN,45.7,22.5,24.8,27.5,3.6,2.7,1,70,3,0,1,No Job,0.0,Not Placed
STU02241,Sonam Joshi,24,Female,2024,DevOps,66.6,55.7,46.6,55.9,3.7,7.0,2,81,0,1,1,Job,6.2,Tier 2
STU02242,Mira Mishra,24,Male,2024,DevOps,67.0,49.4,42.7,48.6,4.0,5.4,4,141,0,1,0,Internship,0.92,Tier 2
STU02243,Sakshi Batra,21,Male,2024,Figma Designer,77.1,79.4,85.7,68.6,8.8,6.7,1,176,2,0,0,Job,5.82,Tier 2
STU02244,Prachi Agarwal,19,Male,2023,MERN,44.8,33.8,20.0,19.2,3.3,2.1,5,69,2,0,0,No Job,0.0,Not Placed
STU02245,Nikhil Mehta,25,Female,2024,Figma Designer,69.4,65.2,69.9,50.9,6.4,4.6,1,93,3,0,0,No Job,0.0,Not Placed
STU02246,Vinay Joshi,20,Male,2024,QA,72.0,74.5,86.0,70.6,7.1,7.6,3,173,1,1,0,Internship,1.83,Tier 3
STU02247,Sara Dixit,26,Female,2023,DevOps,82.5,90.9,80.1,92.4,6.8,5.8,0,116,1,1,0,Job,8.46,Tier 1
STU02248,Nikita Dubey,21,Male,2022,Cybersecurity,59.6,49.3,62.1,50.5,5.2,4.8,0,98,2,1,0,Job,6.59,Tier 2
STU02249,Khushi Tiwari,19,Male,2022,Data Science,65.3,42.1,45.5,36.1,4.5,4.9,0,35,0,0,0,No Job,0.0,Not Placed
STU02250,Akshay Agarwal,27,Female,2022,QA,54.5,56.1,42.8,56.1,4.7,4.5,3,69,0,0,0,Job,5.43,Tier 3
STU02251,Ashish Kaur,23,Male,2024,DevOps,40.8,31.4,26.7,33.9,5.3,3.6,0,17,0,0,3,No Job,0.0,Not Placed
STU02252,Tanvi Yadav,19,Male,2023,Figma Designer,50.4,44.8,42.8,51.7,5.2,3.6,1,47,1,1,0,No Job,0.0,Not Placed
STU02253,Khushi Patel,24,Male,2024,Cybersecurity,65.4,62.2,52.0,58.5,5.5,6.0,1,154,1,0,0,Job,7.46,Tier 2
STU02254,Priya Bhatt,21,Male,2024,QA,60.4,52.2,62.4,57.3,6.3,6.9,2,126,1,0,0,No Job,0.0,Not Placed
STU02255,Anjali Kapoor,22,Female,2023,QA,65.7,62.3,66.4,65.7,6.9,7.9,0,132,2,0,0,No Job,0.0,Not Placed
STU02256,Tarun Dutta,26,Female,2023,MERN,59.7,48.0,53.5,51.3,5.2,4.8,1,67,0,0,1,No Job,0.0,Not Placed
STU02257,Divya Jain,23,Male,2022,MERN,66.3,51.9,51.0,40.1,5.3,5.3,1,94,1,1,0,No Job,0.0,Not Placed
STU02258,Vinay Chawla,24,Male,2024,DevOps,69.2,62.9,59.4,64.8,6.7,7.0,0,117,4,0,1,No Job,0.0,Not Placed
STU02259,Manish Chawla,22,Male,2023,DevOps,60.3,51.2,32.9,49.1,5.2,5.0,0,10,2,0,1,Job,5.74,Tier 2
STU02260,Divya Srivastava,24,Female,2023,MERN,70.6,67.8,58.5,66.4,5.8,6.8,0,88,1,0,0,Internship,1.53,Tier 3
STU02261,Akshay Kapoor,21,Male,2022,Figma Designer,40.0,25.2,32.9,21.5,3.8,4.0,0,0,1,0,3,No Job,0.0,Not Placed
STU02262,Rohan Batra,19,Male,2024,DevOps,72.1,64.8,66.4,68.5,4.6,6.3,2,93,1,0,1,Job,6.78,Tier 2
STU02263,Deepak Trivedi,24,Male,2024,Figma Designer,99.6,90.3,90.7,87.4,7.7,6.5,2,190,1,1,0,Internship,1.67,Tier 3
STU02264,Sandeep Ghosh,19,Male,2023,QA,45.4,36.2,41.1,33.3,3.9,2.6,1,44,0,0,1,No Job,0.0,Not Placed
STU02265,Zara Yadav,21,Female,2023,DevOps,74.0,65.7,72.6,73.8,7.4,7.3,2,182,0,0,0,Internship,1.37,Tier 2
STU02266,Sonam Chopra,26,Female,2024,Figma Designer,64.3,69.0,64.7,71.1,5.2,5.8,1,92,1,1,0,Job,5.41,Tier 3
STU02267,Khushi Jain,25,Male,2022,DevOps,72.6,65.2,67.6,59.6,5.6,6.0,2,151,1,1,0,No Job,0.0,Not Placed
STU02268,Yash Sinha,26,Female,2022,Figma Designer,63.0,59.1,57.3,54.6,5.1,4.2,0,126,1,1,0,Job,4.65,Tier 3
STU02269,Lalit Nair,20,Male,2023,MERN,66.2,42.2,31.0,46.9,4.8,5.8,3,62,1,0,0,Job,5.28,Tier 3
STU02270,Vineeta Mishra,25,Male,2022,MERN,60.4,38.4,30.3,39.4,1.9,3.5,1,35,1,0,3,No Job,0.0,Not Placed
STU02271,Priya Ghosh,22,Male,2023,MERN,73.9,61.1,58.5,58.3,4.7,3.7,3,173,0,1,0,Job,6.87,Tier 2
STU02272,Tarun Shukla,19,Male,2023,DevOps,69.4,59.1,48.2,50.6,3.0,6.9,0,79,2,0,1,No Job,0.0,Not Placed
STU02273,Aarav Bansal,21,Female,2023,DevOps,51.8,26.7,25.7,34.4,2.7,3.7,3,37,1,0,1,No Job,0.0,Not Placed
STU02274,Vishal Kumar,23,Female,2022,DevOps,66.9,51.1,40.1,40.3,4.5,5.2,0,29,1,0,0,No Job,0.0,Not Placed
STU02275,Farhan Srivastava,26,Male,2023,MERN,52.6,39.9,36.5,19.2,4.8,6.8,2,66,3,0,2,No Job,0.0,Not Placed
STU02276,Parth Sharma,20,Male,2023,Figma Designer,81.0,89.2,78.5,84.1,8.5,6.6,0,172,0,0,0,Job,5.95,Tier 2
STU02277,Tanvi Patel,20,Male,2023,DevOps,77.4,74.1,58.7,67.8,4.8,6.1,0,128,1,0,0,Job,6.68,Tier 2
STU02278,Deepika Kumar,26,Female,2023,MERN,52.9,33.0,20.3,41.2,3.5,3.6,0,50,1,0,0,No Job,0.0,Not Placed
STU02279,Vidya Batra,27,Female,2024,Cybersecurity,82.8,68.5,61.3,67.2,6.0,6.8,1,107,2,1,1,Internship,1.87,Tier 3
STU02280,Prateek Roy,19,Male,2022,QA,59.7,38.4,20.0,45.9,3.3,2.8,0,20,2,0,0,No Job,0.0,Not Placed
STU02281,Neha Khanna,20,Female,2024,Figma Designer,43.5,20.0,26.3,23.4,2.1,4.6,0,0,0,0,0,No Job,0.0,Not Placed
STU02282,Mira Khanna,22,Female,2022,DevOps,57.0,43.3,48.8,56.3,2.6,5.3,5,127,2,1,0,No Job,0.0,Not Placed
STU02283,Vinay Bhatt,21,Male,2023,Data Science,62.6,43.9,46.9,55.2,3.8,4.3,0,69,0,0,1,No Job,0.0,Not Placed
STU02284,Suresh Tiwari,19,Male,2023,DevOps,64.3,60.7,63.5,58.7,6.6,5.4,0,92,4,0,0,Job,5.86,Tier 2
STU02285,Neha Chauhan,22,Female,2023,DevOps,79.0,78.3,63.5,76.0,7.1,7.7,0,147,0,1,0,Internship,1.56,Tier 3
STU02286,Uday Dixit,20,Male,2024,Figma Designer,56.2,53.2,52.8,41.3,7.0,3.0,0,57,4,0,0,Job,4.77,Tier 3
STU02287,Kavya Chawla,23,Male,2023,MERN,71.2,67.9,61.1,61.3,6.6,5.9,0,101,3,0,0,No Job,0.0,Not Placed
STU02288,Vaibhav Singh,19,Male,2023,Figma Designer,44.4,29.1,20.0,25.6,2.2,3.2,3,30,3,0,1,No Job,0.0,Not Placed
STU02289,Sanjana Joshi,26,Male,2024,DevOps,76.4,76.5,75.2,73.3,7.2,6.2,4,210,0,1,0,Internship,1.92,Tier 3
STU02290,Aditya Kaur,20,Female,2022,Figma Designer,54.0,44.8,21.1,37.7,3.6,1.4,1,20,0,0,0,No Job,0.0,Not Placed
STU02291,Manish Batra,21,Male,2022,Data Science,64.1,47.4,45.0,52.0,5.0,4.6,1,139,1,0,0,Internship,2.35,Tier 3
STU02292,Sneha Dutta,21,Male,2022,Figma Designer,55.9,35.0,30.1,43.7,4.0,2.8,5,145,2,0,0,Job,3.84,Tier 3
STU02293,Karan Sharma,22,Male,2022,Figma Designer,57.5,39.3,24.0,27.1,3.0,4.0,3,122,2,0,0,No Job,0.0,Not Placed
STU02294,Vishal Tiwari,25,Female,2023,Figma Designer,71.7,64.4,41.7,63.2,5.8,5.8,1,98,0,1,0,No Job,0.0,Not Placed
STU02295,Rahul Gandhi,27,Male,2023,Data Science,82.8,76.0,82.2,85.6,6.3,8.3,2,167,2,1,0,Job,8.55,Tier 1
STU02296,Sara Pillai,21,Female,2022,Data Science,52.3,25.8,20.0,28.4,3.8,4.6,0,29,1,0,0,No Job,0.0,Not Placed
STU02297,Pankaj Shukla,19,Male,2022,Cybersecurity,50.6,22.7,20.0,15.0,1.3,2.9,0,0,1,0,1,No Job,0.0,Not Placed
STU02298,Dev Mishra,19,Female,2024,Data Science,58.9,38.7,31.3,30.7,2.9,5.2,0,68,2,0,0,No Job,0.0,Not Placed
STU02299,Mehak Garg,24,Female,2024,Data Science,64.3,57.4,44.5,54.0,4.4,6.0,1,95,0,0,0,Job,5.87,Tier 2
STU02300,Neha Sharma,23,Female,2024,MERN,61.1,58.0,50.2,69.5,6.4,6.1,1,120,2,0,3,No Job,0.0,Not Placed
STU02301,Karishma Goyal,25,Male,2024,DevOps,61.8,46.5,52.2,37.3,5.3,4.4,0,64,2,0,0,No Job,0.0,Not Placed
STU02302,Bhavna Kapoor,25,Female,2024,DevOps,49.4,24.1,25.1,22.4,3.2,4.8,3,35,1,0,1,No Job,0.0,Not Placed
STU02303,Mohit Kapoor,21,Male,2024,Data Science,79.7,79.0,80.1,73.6,6.0,6.6,1,105,1,1,0,No Job,0.0,Not Placed
STU02304,Rajni Goyal,25,Female,2023,Data Science,50.4,42.0,42.3,31.0,3.8,2.5,1,68,1,0,2,No Job,0.0,Not Placed
STU02305,Nikita Rao,27,Male,2022,DevOps,67.2,66.1,58.6,64.2,5.4,6.2,1,148,0,0,1,No Job,0.0,Not Placed
STU02306,Komal Dixit,26,Female,2023,Cybersecurity,58.0,27.5,25.5,34.0,4.6,3.4,0,25,1,0,1,No Job,0.0,Not Placed
STU02307,Ishaan Roy,21,Male,2022,Data Science,60.8,52.1,42.9,50.3,5.0,7.1,3,106,4,1,0,Job,6.78,Tier 2
STU02308,Anil Gupta,23,Female,2024,MERN,69.6,64.0,59.5,65.6,6.7,4.8,0,95,2,0,0,Internship,2.43,Tier 3
STU02309,Anjali Rastogi,26,Female,2023,Figma Designer,43.8,39.8,40.2,37.7,4.7,4.0,0,48,1,0,0,No Job,0.0,Not Placed
STU02310,Anish Kaur,20,Male,2023,Figma Designer,69.2,60.7,57.0,63.3,5.3,6.5,1,138,2,1,0,Internship,1.61,Tier 2
STU02311,Ashish Batra,25,Female,2022,Figma Designer,66.3,51.4,35.1,50.0,4.5,7.5,0,81,1,0,0,Internship,2.09,Tier 3
STU02312,Manisha Malhotra,25,Male,2023,Figma Designer,62.2,45.0,43.5,48.6,4.5,4.6,0,39,0,0,0,No Job,0.0,Not Placed
STU02313,Ayush Shukla,26,Female,2023,MERN,79.3,86.5,76.4,74.8,6.8,5.8,3,151,2,1,0,No Job,0.0,Not Placed
STU02314,Uma Agarwal,19,Female,2022,Cybersecurity,62.3,50.1,59.4,58.2,6.1,4.7,1,112,1,0,2,Internship,1.36,Tier 2
STU02315,Parth Malhotra,26,Other,2023,MERN,59.1,61.2,71.6,67.4,6.0,4.2,4,191,1,1,0,Job,6.54,Tier 2
STU02316,Mehak Sharma,19,Male,2022,Cybersecurity,67.7,58.9,68.4,67.8,5.4,6.1,4,203,0,0,0,Job,7.36,Tier 2
STU02317,Sahil Tiwari,21,Male,2023,MERN,77.0,63.8,59.1,69.6,7.5,6.1,5,129,3,0,0,Job,6.49,Tier 2
STU02318,Seema Arora,27,Female,2023,Cybersecurity,68.2,60.3,57.3,58.9,5.6,4.3,0,107,1,0,0,Job,6.5,Tier 2
STU02319,Vanshika Ghosh,22,Female,2024,DevOps,81.5,64.6,68.8,79.7,5.6,6.2,4,190,0,1,0,Job,7.71,Tier 2
STU02320,Surbhi Sinha,27,Male,2023,Data Science,64.2,35.1,24.6,33.7,4.4,4.0,0,0,4,0,0,No Job,0.0,Not Placed
STU02321,Rajan Agarwal,19,Male,2023,QA,67.2,48.1,45.8,49.8,4.2,4.7,2,134,1,0,0,Job,5.92,Tier 2
STU02322,Vishal Khanna,26,Male,2024,Data Science,67.0,54.6,44.8,60.8,4.9,5.5,3,151,3,0,1,Job,6.67,Tier 2
STU02323,Karishma Gupta,21,Female,2023,MERN,73.2,66.1,54.2,60.2,5.1,4.8,0,101,0,0,1,No Job,0.0,Not Placed
STU02324,Jatin Tiwari,25,Female,2023,Data Science,49.6,30.9,23.9,43.5,4.2,5.8,0,94,1,1,0,No Job,0.0,Not Placed
STU02325,Sonam Desai,20,Male,2023,MERN,44.2,26.1,20.0,15.0,2.3,2.0,2,56,1,0,2,No Job,0.0,Not Placed
STU02326,Ankit Chauhan,25,Male,2024,Data Science,62.9,65.4,63.6,66.5,5.9,5.9,1,121,0,1,1,Job,8.38,Tier 1
STU02327,Amar Joshi,25,Female,2023,Figma Designer,78.2,90.9,78.2,91.3,7.8,5.8,2,216,1,0,0,Job,5.97,Tier 2
STU02328,Mihir Bansal,27,Male,2023,MERN,72.8,83.1,73.0,76.3,6.3,6.8,0,99,1,0,0,Job,5.98,Tier 2
STU02329,Sahil Dutta,20,Female,2024,DevOps,72.1,69.2,49.8,69.7,7.7,5.8,5,171,0,1,0,Job,7.92,Tier 2
STU02330,Yash Yadav,26,Male,2022,MERN,56.3,49.0,44.1,50.7,4.8,5.3,1,111,0,0,2,No Job,0.0,Not Placed
STU02331,Naman Agarwal,23,Female,2024,Cybersecurity,66.2,58.1,40.8,68.4,5.0,4.5,3,113,1,0,0,No Job,0.0,Not Placed
STU02332,Sahil Bansal,27,Female,2023,QA,61.1,61.8,49.5,47.5,3.7,6.1,2,152,4,0,3,No Job,0.0,Not Placed
STU02333,Shreya Ghosh,26,Male,2023,Cybersecurity,72.5,48.9,41.7,47.3,3.0,6.1,4,130,1,1,3,Internship,2.45,Tier 3
STU02334,Tushar Rastogi,21,Male,2024,QA,59.6,48.3,36.9,49.4,3.9,4.9,1,69,3,0,0,No Job,0.0,Not Placed
STU02335,Surbhi Batra,21,Female,2022,Figma Designer,49.5,29.1,32.7,19.0,4.3,3.2,0,19,1,0,1,No Job,0.0,Not Placed
STU02336,Ashu Jain,26,Male,2024,QA,65.8,52.0,44.8,53.0,4.1,5.6,2,139,1,0,0,No Job,0.0,Not Placed
STU02337,Krishna Shah,27,Female,2024,Cybersecurity,61.5,46.4,51.1,51.9,5.3,5.2,5,104,2,1,0,No Job,0.0,Not Placed
STU02338,Vanshika Garg,20,Male,2023,Data Science,78.6,83.7,79.0,70.0,7.4,6.1,3,207,2,1,0,Job,8.13,Tier 1
STU02339,Nikhil Reddy,21,Female,2024,Cybersecurity,77.8,73.6,68.8,61.0,7.2,8.1,1,145,2,1,0,Job,7.92,Tier 2
STU02340,Anushka Roy,26,Male,2022,DevOps,40.0,23.2,21.1,23.2,3.2,2.5,2,41,1,0,0,No Job,0.0,Not Placed
STU02341,Palak Batra,20,Male,2024,Cybersecurity,77.1,71.5,74.9,77.0,6.3,6.9,2,255,2,0,0,No Job,0.0,Not Placed
STU02342,Seema Patel,26,Male,2023,QA,61.6,51.5,41.0,41.0,3.3,4.3,4,110,0,1,0,Job,3.99,Tier 3
STU02343,Saloni Chauhan,23,Female,2023,QA,61.2,55.8,39.7,49.4,2.9,6.5,1,65,1,0,1,No Job,0.0,Not Placed
STU02344,Swati Srivastava,24,Other,2022,QA,53.0,21.9,20.0,23.6,4.7,2.9,0,0,3,0,0,No Job,0.0,Not Placed
STU02345,Saloni Agarwal,22,Male,2023,Data Science,63.6,57.8,55.2,62.8,6.1,6.3,0,142,0,1,0,Job,7.36,Tier 2
STU02346,Rahul Mishra,21,Male,2022,Data Science,76.7,70.7,72.9,54.6,6.1,4.8,2,116,2,0,0,Job,7.71,Tier 2
STU02347,Sachin Chauhan,26,Male,2024,MERN,79.0,86.4,73.6,74.5,4.9,7.0,2,237,1,1,0,Internship,1.18,Tier 3
STU02348,Vanshika Gandhi,27,Male,2024,Figma Designer,71.6,71.7,57.9,64.8,6.6,7.9,2,159,1,0,0,No Job,0.0,Not Placed
STU02349,Yash Shah,26,Female,2022,QA,66.5,49.8,43.7,43.1,4.6,3.4,2,98,2,0,1,No Job,0.0,Not Placed
STU02350,Asha Dutta,27,Male,2022,Cybersecurity,50.7,34.5,20.0,33.1,3.2,2.6,1,32,0,0,1,No Job,0.0,Not Placed
STU02351,Sachin Varma,19,Female,2024,Cybersecurity,71.1,51.5,51.8,45.8,3.9,6.8,0,30,1,0,0,No Job,0.0,Not Placed
STU02352,Renu Malhotra,23,Female,2023,Cybersecurity,81.1,77.3,67.8,74.8,6.4,7.2,3,180,1,0,0,Internship,1.43,Tier 3
STU02353,Avni Rao,25,Female,2022,Figma Designer,68.8,53.8,55.1,57.4,3.6,3.1,0,74,2,0,0,Job,3.78,Tier 3
STU02354,Priya Verma,26,Female,2023,QA,52.3,30.4,30.3,27.0,3.8,3.6,5,146,1,1,0,Job,4.26,Tier 3
STU02355,Deepak Arora,20,Male,2023,Cybersecurity,74.5,55.3,60.2,64.1,4.1,5.0,0,103,3,0,0,Job,5.68,Tier 2
STU02356,Bhavna Shukla,22,Male,2022,Cybersecurity,62.1,41.1,35.2,44.4,5.5,5.5,0,68,4,0,2,Job,5.7,Tier 2
STU02357,Rajni Chawla,25,Female,2024,Data Science,47.1,40.1,37.3,26.4,5.2,5.3,1,61,3,0,0,No Job,0.0,Not Placed
STU02358,Rohan Bansal,23,Male,2023,Cybersecurity,60.4,49.1,39.3,43.7,4.8,4.7,0,63,2,0,0,No Job,0.0,Not Placed
STU02359,Zara Goyal,19,Male,2022,DevOps,69.5,60.1,55.7,45.1,3.8,4.1,5,157,2,1,0,Job,6.69,Tier 2
STU02360,Saloni Iyer,20,Female,2024,Data Science,68.7,68.6,63.0,58.2,6.3,7.5,1,145,1,0,0,Job,7.86,Tier 2
STU02361,Sachin Chopra,23,Female,2023,QA,72.3,72.2,59.2,55.9,6.3,6.4,0,92,2,1,0,Job,5.33,Tier 3
STU02362,Swati Dutta,24,Male,2022,DevOps,46.4,22.6,24.4,20.6,3.4,2.9,5,77,1,0,0,No Job,0.0,Not Placed
STU02363,Mira Dubey,19,Female,2022,Figma Designer,87.8,86.1,87.4,69.7,8.5,9.1,3,155,4,1,0,Internship,1.15,Tier 3
STU02364,Akshay Mishra,21,Male,2022,MERN,75.1,66.0,55.0,72.5,5.0,5.7,5,164,3,1,0,Job,6.81,Tier 2
STU02365,Ankita Gupta,24,Female,2023,DevOps,68.0,50.9,54.4,62.0,5.1,6.3,0,49,1,0,3,Job,6.91,Tier 2
STU02366,Amar Reddy,24,Male,2022,DevOps,61.3,54.1,63.7,74.6,5.9,7.8,0,87,1,1,1,Job,6.98,Tier 2
STU02367,Akshay Nair,25,Female,2023,Data Science,59.0,54.9,52.4,57.9,5.9,5.8,1,89,0,0,0,Job,7.34,Tier 2
STU02368,Rohan Bhatt,21,Female,2022,DevOps,76.5,55.7,59.0,53.1,6.2,5.1,0,91,1,0,0,Internship,2.13,Tier 3
STU02369,Nikita Reddy,19,Male,2023,MERN,57.8,39.7,36.1,38.4,2.2,4.9,0,44,0,0,3,No Job,0.0,Not Placed
STU02370,Pankaj Tiwari,25,Female,2024,Data Science,68.6,58.1,45.9,64.6,5.3,5.8,4,169,3,0,0,Job,7.52,Tier 2
STU02371,Asha Kaur,21,Female,2023,MERN,70.0,67.9,51.2,66.7,4.9,6.6,5,113,3,0,0,Internship,1.88,Tier 3
STU02372,Rahul Arora,23,Female,2023,MERN,67.8,59.7,53.4,53.8,6.2,6.4,5,151,1,0,0,Job,6.0,Tier 2
STU02373,Sourabh Sinha,22,Male,2024,Cybersecurity,46.6,35.0,34.7,46.1,5.3,5.5,1,80,2,0,1,No Job,0.0,Not Placed
STU02374,Priya Reddy,19,Female,2023,Data Science,82.0,68.4,65.0,75.1,6.6,5.5,0,132,0,1,0,Job,7.61,Tier 2
STU02375,Ankit Joshi,25,Female,2023,Cybersecurity,66.2,42.0,40.9,62.7,6.1,5.5,0,67,1,1,0,Job,6.7,Tier 2
STU02376,Mohit Chawla,22,Male,2023,QA,62.5,58.7,48.4,62.5,4.9,4.1,1,120,1,1,0,Internship,1.99,Tier 3
STU02377,Ruchi Khanna,19,Female,2024,DevOps,59.7,52.6,31.6,58.8,3.8,5.3,1,48,4,1,0,No Job,0.0,Not Placed
STU02378,Anushka Khanna,24,Male,2022,Figma Designer,51.3,25.6,20.0,46.2,5.3,4.8,2,46,0,0,1,No Job,0.0,Not Placed
STU02379,Asha Patel,22,Male,2023,Cybersecurity,83.2,83.8,65.6,63.9,5.7,3.9,1,110,0,0,0,Internship,2.01,Tier 3
STU02380,Avni Patel,22,Male,2023,QA,67.2,50.3,42.9,39.8,3.7,5.8,3,94,2,0,0,Job,4.51,Tier 3
STU02381,Deepika Iyer,20,Female,2023,Data Science,61.6,61.5,54.1,62.6,6.1,5.3,4,171,1,1,0,Job,7.9,Tier 2
STU02382,Parth Dixit,19,Female,2024,QA,54.7,29.4,20.0,26.5,2.7,3.3,3,61,0,0,1,No Job,0.0,Not Placed
STU02383,Varun Chopra,21,Male,2023,QA,41.6,20.0,20.0,27.0,3.3,3.3,1,33,0,0,1,No Job,0.0,Not Placed
STU02384,Shreya Patel,23,Female,2022,MERN,77.4,79.2,78.2,77.8,8.3,5.7,4,186,1,1,0,Job,7.46,Tier 2
STU02385,Renu Gupta,27,Male,2024,Data Science,78.2,81.6,85.9,80.3,6.9,8.3,4,227,4,1,0,No Job,0.0,Not Placed
STU02386,Pranav Chauhan,25,Female,2022,MERN,55.3,45.2,44.9,44.8,5.5,5.3,1,46,1,1,0,No Job,0.0,Not Placed
STU02387,Nikhil Bhatt,22,Male,2022,Cybersecurity,60.2,65.6,65.4,65.3,5.9,7.5,1,97,1,0,0,Job,6.53,Tier 2
STU02388,Gaurav Tiwari,26,Female,2023,MERN,68.5,40.4,43.6,34.5,3.1,4.6,0,49,0,0,3,No Job,0.0,Not Placed
STU02389,Rahul Iyer,22,Female,2024,Cybersecurity,72.9,71.6,56.2,55.4,6.7,5.6,4,202,0,0,0,Job,7.52,Tier 2
STU02390,Shreya Joshi,24,Female,2024,Data Science,63.5,44.5,30.8,36.3,5.1,5.0,0,62,2,0,1,No Job,0.0,Not Placed
STU02391,Khushi Mishra,19,Male,2024,QA,52.2,37.6,39.0,34.7,4.1,5.0,1,49,0,0,0,No Job,0.0,Not Placed
STU02392,Maya Dutta,24,Male,2022,MERN,56.4,43.7,44.6,60.6,4.7,6.4,2,76,1,0,3,No Job,0.0,Not Placed
STU02393,Rajesh Bansal,23,Male,2023,MERN,75.0,58.8,45.5,60.4,5.7,6.6,3,149,1,1,0,Job,7.15,Tier 2
STU02394,Anish Roy,20,Female,2022,Cybersecurity,59.6,48.3,43.6,44.0,3.7,6.1,1,85,1,0,1,No Job,0.0,Not Placed
STU02395,Shivam Shah,19,Male,2024,Data Science,50.4,20.0,24.6,25.4,4.7,4.6,2,87,2,0,3,No Job,0.0,Not Placed
STU02396,Sachin Arora,24,Female,2023,Data Science,84.8,66.6,69.6,73.0,6.8,7.0,2,183,0,1,0,Job,8.19,Tier 1
STU02397,Deepika Dixit,20,Male,2022,MERN,52.3,47.1,39.2,42.9,4.8,6.2,0,32,1,0,2,No Job,0.0,Not Placed
STU02398,Karan Kaur,27,Male,2024,DevOps,66.3,53.4,45.2,38.2,4.3,3.7,4,107,1,0,1,No Job,0.0,Not Placed
STU02399,Divya Varma,27,Male,2023,Figma Designer,81.6,72.0,77.2,78.2,7.5,7.2,1,164,0,1,0,Job,6.73,Tier 2
STU02400,Naman Sinha,19,Female,2023,QA,88.8,86.9,90.9,82.8,6.9,6.7,0,184,0,1,0,No Job,0.0,Not Placed
STU02401,Simran Patel,23,Female,2024,DevOps,59.4,62.4,60.9,54.9,7.6,5.8,1,111,1,0,0,No Job,0.0,Not Placed
STU02402,Vishal Singh,26,Female,2022,Data Science,79.4,76.6,80.7,58.2,6.1,6.5,2,149,1,1,0,No Job,0.0,Not Placed
STU02403,Avni Mishra,22,Female,2022,DevOps,58.1,36.5,26.8,36.6,3.9,3.1,3,68,3,0,0,No Job,0.0,Not Placed
STU02404,Khushi Joshi,21,Male,2022,Cybersecurity,73.9,60.0,80.1,73.5,5.1,5.9,2,86,2,1,0,Job,7.67,Tier 2
STU02405,Vikas Jain,23,Female,2023,MERN,73.2,77.4,81.7,56.2,7.6,6.2,1,134,0,0,0,Internship,2.49,Tier 2
STU02406,Sandeep Shah,23,Male,2022,Data Science,48.7,29.3,25.2,22.5,4.3,4.5,2,109,2,0,0,No Job,0.0,Not Placed
STU02407,Vishal Arora,26,Female,2023,MERN,52.9,47.8,54.8,46.8,5.1,5.4,1,90,3,0,0,Job,6.68,Tier 2
STU02408,Harsh Roy,24,Male,2022,QA,72.6,79.9,70.9,74.8,6.0,6.8,5,206,4,0,0,Job,6.18,Tier 2
STU02409,Bhavna Bansal,20,Female,2024,MERN,52.8,46.8,60.6,43.2,5.9,5.2,5,128,1,0,1,No Job,0.0,Not Placed
STU02410,Amar Ghosh,19,Male,2022,QA,70.0,70.6,72.2,68.5,6.2,6.6,0,156,1,0,0,No Job,0.0,Not Placed
STU02411,Farhan Dixit,21,Male,2022,MERN,62.5,44.5,50.2,51.1,5.9,4.9,1,81,2,1,0,Job,6.51,Tier 2
STU02412,Ravi Reddy,20,Male,2022,Data Science,56.7,51.7,51.9,37.4,4.6,5.5,1,156,3,1,0,Job,7.47,Tier 2
STU02413,Surbhi Chauhan,22,Male,2024,DevOps,73.4,61.3,62.2,55.5,5.1,5.1,2,158,2,1,0,Job,7.32,Tier 2
STU02414,Varun Sharma,21,Male,2023,DevOps,85.9,89.8,92.0,78.0,7.0,6.9,1,172,1,1,0,Job,8.96,Tier 1
STU02415,Nikita Arora,27,Female,2024,Data Science,62.9,49.9,64.9,55.0,4.8,5.9,1,149,0,1,0,Job,7.67,Tier 2
STU02416,Geeta Batra,23,Female,2024,Data Science,71.7,49.7,51.0,49.8,5.2,4.0,1,114,0,0,0,Internship,1.81,Tier 3
STU02417,Prachi Jain,22,Male,2024,Data Science,83.7,78.5,76.5,54.8,8.0,7.1,1,111,1,0,1,Internship,1.57,Tier 2
STU02418,Divya Malhotra,27,Male,2024,Data Science,65.2,76.1,80.4,63.9,8.2,6.3,1,143,1,0,1,Internship,1.19,Tier 2
STU02419,Anish Ghosh,22,Male,2022,MERN,78.5,65.1,52.7,64.9,7.9,5.6,2,138,1,0,0,Job,6.17,Tier 2
STU02420,Nikita Kaur,24,Female,2024,Figma Designer,72.1,68.7,60.3,63.8,5.3,5.7,1,120,1,0,1,Job,4.33,Tier 3
STU02421,Mehak Kapoor,19,Male,2024,DevOps,72.6,63.1,70.8,68.2,5.8,4.9,5,163,1,1,1,Job,6.98,Tier 2
STU02422,Bhavna Sharma,20,Male,2024,Cybersecurity,59.5,48.7,27.3,38.0,3.5,3.9,1,54,1,0,1,No Job,0.0,Not Placed
STU02423,Tanvi Pillai,22,Male,2022,MERN,55.2,30.5,32.0,32.4,2.3,3.7,0,0,1,0,1,No Job,0.0,Not Placed
STU02424,Dev Yadav,27,Male,2023,MERN,62.7,52.7,40.7,47.1,4.8,6.2,1,110,1,0,2,No Job,0.0,Not Placed
STU02425,Gaurav Agarwal,24,Male,2022,Data Science,48.3,47.2,38.0,34.3,3.6,5.1,2,95,1,0,0,Job,7.03,Tier 2
STU02426,Yogesh Yadav,24,Male,2022,DevOps,64.7,53.8,49.1,46.1,4.3,4.5,1,154,1,0,1,Job,6.25,Tier 2
STU02427,Priya Chawla,27,Male,2024,DevOps,66.3,63.7,56.0,62.6,4.9,5.3,0,99,2,1,0,Job,7.2,Tier 2
STU02428,Maya Desai,22,Male,2024,Data Science,45.0,27.3,26.4,36.6,2.5,3.1,1,27,1,1,1,No Job,0.0,Not Placed
STU02429,Kabir Jain,21,Male,2023,QA,68.8,58.0,67.5,52.7,5.8,5.1,1,126,2,1,1,Job,6.23,Tier 2
STU02430,Aarav Dixit,25,Female,2024,DevOps,55.2,31.8,20.0,26.8,1.3,3.4,4,32,4,0,2,No Job,0.0,Not Placed
STU02431,Kabir Desai,25,Male,2022,MERN,64.8,42.4,39.0,49.1,4.1,5.6,0,86,2,0,1,No Job,0.0,Not Placed
STU02432,Vinay Trivedi,27,Male,2022,Data Science,41.6,20.0,20.0,28.2,1.7,3.4,1,51,2,0,1,No Job,0.0,Not Placed
STU02433,Ishaan Rastogi,24,Male,2023,DevOps,63.6,49.9,34.8,53.2,5.6,4.5,1,63,3,0,2,No Job,0.0,Not Placed
STU02434,Amar Singh,20,Female,2023,QA,78.8,79.9,70.7,70.3,8.0,6.8,0,81,0,1,0,Internship,1.39,Tier 3
STU02435,Ashish Dixit,24,Female,2024,MERN,63.8,47.8,31.2,39.8,3.6,4.9,1,142,1,0,2,No Job,0.0,Not Placed
STU02436,Zara Mishra,26,Female,2023,Data Science,48.3,22.8,20.0,20.6,1.8,1.9,1,5,2,0,0,No Job,0.0,Not Placed
STU02437,Mohit Shah,24,Male,2023,DevOps,69.6,55.0,48.9,56.5,5.3,4.8,0,74,3,0,0,No Job,0.0,Not Placed
STU02438,Sanjana Malhotra,27,Male,2023,Data Science,61.2,33.1,32.6,41.6,3.4,4.1,2,84,2,0,1,No Job,0.0,Not Placed
STU02439,Gaurav Ghosh,22,Male,2022,Cybersecurity,63.6,51.0,52.7,51.5,3.9,4.8,1,91,1,1,0,Job,6.85,Tier 2
STU02440,Akash Patel,21,Male,2024,Cybersecurity,64.6,54.7,30.5,57.4,3.2,4.5,4,137,1,0,1,No Job,0.0,Not Placed
STU02441,Ravi Mishra,23,Female,2023,Data Science,65.4,58.7,64.0,68.0,4.1,5.9,2,133,1,0,0,No Job,0.0,Not Placed
STU02442,Divya Jain,21,Female,2023,Data Science,79.1,78.4,73.0,89.8,7.5,5.2,1,180,1,1,0,Job,7.51,Tier 2
STU02443,Sneha Gupta,20,Female,2024,Cybersecurity,65.6,54.9,49.9,65.6,5.7,5.8,4,100,1,0,2,No Job,0.0,Not Placed
STU02444,Krishna Tiwari,20,Male,2023,MERN,65.4,57.6,45.0,76.2,4.7,5.3,2,96,2,0,0,Job,6.74,Tier 2
STU02445,Komal Joshi,22,Male,2024,Data Science,63.6,35.5,30.1,52.0,5.0,4.9,3,118,0,1,2,No Job,0.0,Not Placed
STU02446,Vinay Srivastava,21,Male,2022,QA,72.2,72.0,72.6,49.5,7.4,7.8,4,218,2,1,0,Job,6.11,Tier 2
STU02447,Karishma Khanna,27,Male,2022,MERN,64.7,53.8,56.7,54.9,4.0,6.2,3,86,0,0,0,Internship,1.81,Tier 3
STU02448,Vishal Rastogi,25,Female,2024,DevOps,69.8,60.8,50.2,49.2,5.8,5.3,0,109,2,1,0,Internship,0.95,Tier 3
STU02449,Mihir Reddy,24,Male,2024,MERN,69.2,63.6,67.1,74.7,4.3,6.2,0,135,2,1,0,No Job,0.0,Not Placed
STU02450,Vineeta Bhatt,26,Female,2023,Cybersecurity,53.5,28.8,20.5,20.6,2.5,2.8,1,60,1,0,3,No Job,0.0,Not Placed
STU02451,Krishna Roy,27,Male,2023,MERN,76.4,60.2,66.5,65.3,6.6,6.1,0,142,1,0,0,Internship,1.38,Tier 3
STU02452,Kavya Dubey,21,Male,2024,Figma Designer,73.2,52.6,55.2,54.4,6.7,4.7,1,99,0,1,0,No Job,0.0,Not Placed
STU02453,Palak Bansal,25,Male,2022,Cybersecurity,61.6,38.1,37.5,52.1,4.8,4.3,1,95,2,0,0,Job,6.96,Tier 2
STU02454,Pankaj Reddy,27,Female,2022,Data Science,78.9,81.5,88.0,65.8,4.5,6.8,1,105,1,1,0,Job,7.65,Tier 2
STU02455,Ritesh Goyal,19,Male,2023,MERN,67.6,65.3,62.4,70.9,5.2,6.0,3,198,0,0,0,Job,7.29,Tier 2
STU02456,Sakshi Pillai,27,Male,2022,MERN,69.8,57.7,54.6,43.4,4.5,4.5,1,115,0,0,1,No Job,0.0,Not Placed
STU02457,Manisha Dixit,25,Male,2022,DevOps,56.8,29.8,20.0,15.0,2.8,4.7,3,33,0,0,1,No Job,0.0,Not Placed
STU02458,Sakshi Singh,22,Male,2024,QA,68.4,58.1,40.7,53.6,5.1,5.0,2,116,2,1,0,No Job,0.0,Not Placed
STU02459,Asha Sharma,24,Male,2022,DevOps,50.3,40.3,21.9,28.0,3.2,3.4,2,64,2,0,0,No Job,0.0,Not Placed
STU02460,Nikita Gandhi,24,Male,2024,Data Science,46.6,20.0,20.0,15.0,3.3,2.8,1,0,1,0,2,No Job,0.0,Not Placed
STU02461,Lalit Bansal,24,Female,2023,Cybersecurity,66.0,66.4,50.4,50.8,5.8,5.8,0,124,2,1,1,Internship,1.68,Tier 3
STU02462,Renu Singh,20,Female,2023,Data Science,77.4,80.6,62.0,73.8,5.8,7.3,3,204,3,0,0,No Job,0.0,Not Placed
STU02463,Prachi Mishra,23,Male,2023,QA,49.5,38.2,66.0,52.5,4.4,5.3,3,121,1,0,0,Job,5.68,Tier 2
STU02464,Vineeta Chopra,25,Female,2023,Cybersecurity,75.8,62.8,49.3,47.0,7.8,5.4,1,115,3,0,0,Job,7.37,Tier 2
STU02465,Mehak Trivedi,24,Male,2022,MERN,80.3,76.3,81.3,80.7,7.8,6.8,0,190,1,0,0,Job,7.28,Tier 2
STU02466,Sahil Desai,21,Female,2022,MERN,70.2,62.0,56.4,52.3,6.1,7.4,2,135,2,0,0,Job,6.21,Tier 2
STU02467,Amar Varma,23,Male,2024,QA,63.6,47.3,55.7,35.5,4.6,3.9,2,69,1,1,0,No Job,0.0,Not Placed
STU02468,Shivam Sinha,26,Male,2022,QA,45.6,20.0,22.0,25.5,1.4,2.2,1,10,0,0,0,No Job,0.0,Not Placed
STU02469,Yogesh Nair,23,Male,2022,MERN,79.0,79.7,73.2,75.1,5.9,7.2,2,71,0,0,2,Job,6.13,Tier 2
STU02470,Swati Shukla,21,Female,2024,MERN,77.4,68.6,50.3,66.4,4.9,5.0,2,142,1,1,0,Job,5.63,Tier 2
STU02471,Anil Iyer,27,Male,2024,DevOps,74.1,70.0,78.0,68.3,6.0,5.7,0,106,1,0,1,Job,7.4,Tier 2
STU02472,Nandini Kapoor,21,Male,2023,Data Science,40.0,20.0,20.0,15.0,1.2,3.2,0,0,1,0,1,No Job,0.0,Not Placed
STU02473,Abhinav Varma,20,Male,2022,Data Science,80.7,86.9,95.7,93.1,8.0,6.8,2,214,4,1,0,Internship,1.27,Tier 3
STU02474,Nitin Singh,24,Male,2024,Data Science,60.8,38.7,27.1,38.6,3.4,5.3,1,75,1,0,2,No Job,0.0,Not Placed
STU02475,Kavya Sharma,26,Female,2024,Data Science,69.8,60.1,62.5,66.5,5.7,5.8,1,148,1,1,0,Internship,1.77,Tier 3
STU02476,Zara Varma,24,Female,2022,DevOps,45.6,22.0,30.0,24.0,3.1,2.8,4,98,1,0,0,No Job,0.0,Not Placed
STU02477,Kajal Ghosh,19,Female,2022,Figma Designer,72.3,46.6,38.7,47.9,5.9,5.8,2,86,3,1,2,No Job,0.0,Not Placed
STU02478,Sneha Iyer,26,Male,2024,Cybersecurity,65.8,55.0,37.5,34.6,3.4,4.5,0,74,1,0,1,No Job,0.0,Not Placed
STU02479,Tanvi Kaur,19,Male,2024,Data Science,42.7,39.7,29.8,35.9,3.2,3.1,1,45,2,0,0,No Job,0.0,Not Placed
STU02480,Anjali Gandhi,27,Female,2024,DevOps,70.8,51.5,39.7,38.7,4.1,6.6,3,120,0,0,0,No Job,0.0,Not Placed
STU02481,Akash Kaur,26,Female,2022,DevOps,89.4,83.7,75.1,88.8,6.5,6.9,0,133,1,1,0,Job,7.44,Tier 2
STU02482,Amit Varma,24,Male,2023,Data Science,65.6,50.7,48.6,59.1,2.6,4.6,0,71,1,0,0,Internship,1.53,Tier 3
STU02483,Mohit Kumar,20,Female,2023,Figma Designer,87.1,92.7,85.2,88.8,9.0,6.7,1,183,2,0,0,Internship,2.15,Tier 3
STU02484,Priya Nair,27,Female,2022,DevOps,67.3,72.4,54.8,59.6,5.3,6.5,1,148,2,1,0,No Job,0.0,Not Placed
STU02485,Ruchi Agarwal,26,Male,2022,Figma Designer,42.7,24.2,20.0,16.6,2.9,3.4,0,0,2,0,1,No Job,0.0,Not Placed
STU02486,Naman Bansal,22,Female,2022,DevOps,49.7,47.8,38.8,28.4,5.3,6.6,2,125,1,1,0,Internship,1.46,Tier 3
STU02487,Rohan Singh,20,Male,2023,Cybersecurity,66.8,50.7,44.5,53.6,3.5,4.6,1,79,0,0,0,No Job,0.0,Not Placed
STU02488,Zara Agarwal,24,Female,2023,Data Science,56.6,38.6,30.6,32.7,4.1,5.1,1,44,1,1,1,No Job,0.0,Not Placed
STU02489,Uma Singh,19,Male,2024,DevOps,72.7,59.4,73.5,75.2,7.1,9.1,0,122,1,1,0,Job,7.52,Tier 2
STU02490,Sanjana Patel,25,Male,2024,MERN,79.7,69.2,71.2,61.8,4.2,6.5,3,162,1,0,0,Job,6.53,Tier 2
STU02491,Akshay Dixit,19,Male,2024,QA,88.6,86.0,74.8,83.6,7.4,7.6,0,173,0,0,0,No Job,0.0,Not Placed
STU02492,Sneha Kapoor,24,Female,2024,QA,70.3,52.2,42.7,43.5,4.8,5.0,3,83,3,0,2,Job,4.26,Tier 3
STU02493,Zara Chawla,23,Female,2022,QA,66.7,56.9,53.3,46.2,6.4,5.9,0,95,0,1,0,Job,5.74,Tier 2
STU02494,Prateek Yadav,21,Male,2023,Cybersecurity,69.8,53.5,42.8,36.3,3.0,4.6,1,107,0,0,1,No Job,0.0,Not Placed
STU02495,Manish Joshi,24,Female,2023,QA,62.4,38.0,26.3,56.3,4.6,3.6,2,83,2,0,0,No Job,0.0,Not Placed
STU02496,Saloni Shah,22,Female,2022,Data Science,68.5,60.4,40.2,57.2,6.8,6.7,1,158,2,0,0,Job,7.06,Tier 2
STU02497,Priya Bhatt,24,Male,2024,DevOps,90.6,87.4,100.0,91.2,7.9,7.2,0,164,1,0,0,Job,9.18,Tier 1
STU02498,Aarav Batra,22,Male,2022,Cybersecurity,75.3,64.6,64.5,84.1,6.8,6.0,2,153,2,1,0,Job,6.86,Tier 2
STU02499,Ankita Mishra,19,Female,2023,Cybersecurity,76.5,88.8,75.3,68.9,6.7,6.7,0,133,1,1,0,Internship,1.73,Tier 3
STU02500,Nandini Trivedi,23,Male,2023,Cybersecurity,58.5,39.5,39.0,49.9,4.1,4.9,0,143,2,0,0,No Job,0.0,Not Placed
STU02501,Deepak Malhotra,26,Male,2023,MERN,59.6,67.1,55.2,67.0,6.9,7.3,0,107,1,1,1,Internship,2.47,Tier 3
STU02502,Ayush Kumar,24,Female,2023,Data Science,73.8,78.6,69.8,74.4,7.1,5.3,1,132,2,1,0,Job,8.22,Tier 1
STU02503,Dev Yadav,27,Male,2023,Figma Designer,59.8,40.0,26.5,41.5,3.5,4.4,1,99,2,0,2,No Job,0.0,Not Placed
STU02504,Naman Rastogi,22,Male,2022,DevOps,68.7,59.0,56.2,45.3,5.0,4.3,1,94,1,1,0,Internship,1.23,Tier 3
STU02505,Naman Rastogi,27,Male,2022,Data Science,59.0,52.4,47.2,37.5,5.4,4.0,0,73,1,0,0,No Job,0.0,Not Placed
STU02506,Akshay Sharma,26,Female,2024,QA,60.1,46.3,43.4,42.2,5.4,4.2,2,95,1,0,0,No Job,0.0,Not Placed
STU02507,Vineeta Trivedi,21,Female,2022,Figma Designer,72.5,59.2,67.0,73.9,6.0,6.7,0,104,0,0,0,No Job,0.0,Not Placed
STU02508,Maya Trivedi,24,Female,2022,Data Science,61.8,53.3,32.8,55.3,5.1,5.4,4,122,4,0,0,No Job,0.0,Not Placed
STU02509,Nikhil Sinha,22,Male,2023,QA,77.3,71.4,59.3,52.2,6.8,6.6,0,45,3,0,0,Internship,2.23,Tier 2
STU02510,Sachin Reddy,19,Female,2022,Figma Designer,61.8,71.9,56.4,66.4,5.1,4.5,3,152,2,1,0,Job,5.03,Tier 3
STU02511,Yogesh Kapoor,27,Female,2023,Figma Designer,73.6,46.9,44.8,48.4,6.1,4.5,0,18,0,0,2,No Job,0.0,Not Placed
STU02512,Palak Desai,22,Male,2023,Figma Designer,51.5,31.1,20.0,29.8,2.5,3.6,2,83,1,1,1,No Job,0.0,Not Placed
STU02513,Amar Yadav,23,Male,2024,DevOps,73.6,54.1,47.3,48.7,4.4,6.5,1,99,3,0,1,No Job,0.0,Not Placed
STU02514,Jyoti Sinha,21,Female,2024,MERN,81.5,67.3,63.7,63.7,6.3,4.2,2,125,2,0,0,Job,6.26,Tier 2
STU02515,Bhavna Tiwari,22,Male,2022,Data Science,54.4,44.3,48.4,51.9,6.4,5.7,1,137,1,0,1,Job,7.47,Tier 2
STU02516,Akshay Trivedi,27,Male,2023,Data Science,46.6,30.8,20.0,19.1,2.8,3.2,1,47,0,0,2,No Job,0.0,Not Placed
STU02517,Sara Gupta,25,Male,2022,DevOps,67.2,71.6,69.0,64.3,4.3,4.2,2,134,0,0,0,Job,6.84,Tier 2
STU02518,Riya Khanna,26,Male,2022,MERN,58.7,48.1,41.3,30.9,4.2,5.5,0,33,2,0,0,Job,6.13,Tier 2
STU02519,Sachin Bansal,21,Male,2023,Data Science,73.5,62.7,62.6,64.3,5.5,5.0,0,112,1,0,1,No Job,0.0,Not Placed
STU02520,Harsh Kaur,21,Male,2022,MERN,81.9,70.2,70.5,69.0,5.9,7.1,3,195,1,1,2,No Job,0.0,Not Placed
STU02521,Ravi Patel,25,Female,2023,Data Science,63.2,58.2,54.7,69.7,6.7,4.9,3,155,2,1,0,Internship,2.16,Tier 3
STU02522,Vishal Shukla,26,Male,2024,QA,99.0,82.8,79.0,85.3,6.3,6.7,5,229,0,1,0,Job,7.03,Tier 2
STU02523,Sara Gandhi,23,Female,2024,MERN,71.5,73.8,72.0,67.3,6.1,7.3,0,117,0,0,0,Job,7.07,Tier 2
STU02524,Ishaan Khanna,19,Male,2024,Cybersecurity,52.4,44.7,36.5,47.3,4.3,4.1,0,59,1,1,0,No Job,0.0,Not Placed
STU02525,Lakshmi Gupta,21,Female,2022,DevOps,68.1,56.1,45.7,46.2,4.4,5.4,1,30,0,0,1,No Job,0.0,Not Placed
STU02526,Vanshika Kapoor,23,Male,2023,Data Science,65.0,55.6,48.3,46.7,4.1,3.5,2,140,1,1,3,No Job,0.0,Not Placed
STU02527,Pranav Shukla,21,Female,2022,Figma Designer,74.8,48.7,55.0,29.5,4.8,5.1,0,135,1,0,2,Internship,1.05,Tier 3
STU02528,Amar Verma,19,Female,2023,DevOps,62.8,53.0,59.4,58.2,5.1,6.0,1,81,0,0,0,Job,7.21,Tier 2
STU02529,Ashu Pillai,25,Female,2022,MERN,54.8,45.2,40.5,40.1,3.0,5.0,0,25,2,0,0,No Job,0.0,Not Placed
STU02530,Bhavna Reddy,19,Male,2022,Data Science,86.4,83.5,80.8,84.8,6.2,6.7,4,179,0,0,0,Internship,2.49,Tier 2
STU02531,Harsh Gupta,24,Female,2023,MERN,60.3,51.3,51.3,61.5,4.5,4.3,1,62,1,0,0,Job,5.22,Tier 3
STU02532,Vikram Rastogi,24,Male,2024,Data Science,86.2,83.1,80.3,77.7,5.8,6.0,0,138,0,0,0,Job,9.02,Tier 1
STU02533,Komal Garg,25,Male,2024,MERN,55.6,31.8,23.3,23.3,2.9,2.5,1,58,2,0,1,No Job,0.0,Not Placed
STU02534,Anish Sharma,19,Male,2023,DevOps,47.2,40.2,21.5,26.2,2.2,3.5,0,46,3,0,1,No Job,0.0,Not Placed
STU02535,Jatin Desai,21,Female,2023,QA,83.4,67.2,72.4,69.1,7.9,6.2,0,117,1,0,0,Internship,1.32,Tier 3
STU02536,Vidya Nair,27,Male,2023,Cybersecurity,57.3,45.3,41.8,48.3,4.4,4.8,2,154,1,1,0,Internship,1.31,Tier 2
STU02537,Anjali Garg,20,Female,2023,Data Science,62.2,41.1,42.2,43.6,3.7,3.1,2,71,2,0,0,No Job,0.0,Not Placed
STU02538,Karishma Jain,23,Male,2022,Data Science,72.4,72.0,77.1,66.9,7.3,7.1,1,144,3,0,0,Job,8.28,Tier 1
STU02539,Arjun Nair,21,Male,2024,DevOps,48.2,42.4,32.0,24.6,4.3,4.3,0,21,3,0,0,No Job,0.0,Not Placed
STU02540,Deepika Chopra,23,Female,2023,Data Science,62.2,59.7,43.6,44.8,5.5,6.0,0,73,1,0,2,Internship,1.23,Tier 3
STU02541,Vikram Desai,25,Male,2022,Data Science,58.9,43.6,41.4,29.1,4.5,6.2,1,63,1,0,0,Internship,1.78,Tier 3
STU02542,Manish Reddy,19,Female,2022,QA,73.7,55.6,60.2,62.9,7.5,5.4,1,101,2,1,0,Job,4.96,Tier 3
STU02543,Pankaj Reddy,21,Female,2022,Data Science,70.5,49.6,47.1,51.0,7.6,5.5,3,156,1,0,1,Internship,0.92,Tier 3
STU02544,Asha Bansal,24,Male,2023,QA,85.9,72.0,71.6,65.0,7.8,5.3,0,99,1,1,2,Job,5.43,Tier 3
STU02545,Renu Srivastava,25,Female,2024,Data Science,52.4,35.8,20.0,36.4,1.0,3.5,1,38,0,0,0,No Job,0.0,Not Placed
STU02546,Manish Trivedi,21,Male,2023,Figma Designer,78.1,65.4,52.4,55.3,4.7,5.0,0,112,4,0,1,No Job,0.0,Not Placed
STU02547,Prachi Patel,22,Male,2023,Cybersecurity,72.1,60.1,72.9,68.0,4.6,5.0,1,94,0,0,0,Job,7.49,Tier 2
STU02548,Meena Roy,24,Male,2024,Cybersecurity,57.0,48.2,31.0,40.4,5.3,4.4,1,87,1,0,1,No Job,0.0,Not Placed
STU02549,Ankit Agarwal,23,Male,2022,Data Science,56.5,50.0,37.9,27.0,3.4,5.2,0,20,2,0,1,No Job,0.0,Not Placed
STU02550,Jatin Patel,27,Female,2022,QA,66.5,55.1,55.9,33.2,4.6,4.2,3,81,1,1,0,Internship,2.09,Tier 3
STU02551,Manisha Gandhi,19,Female,2023,QA,68.2,55.0,52.1,52.5,4.2,4.8,0,74,0,0,2,No Job,0.0,Not Placed
STU02552,Manisha Patel,23,Female,2024,Cybersecurity,83.9,72.1,76.1,74.5,6.1,7.0,0,158,1,1,0,Job,6.2,Tier 2
STU02553,Karishma Kumar,19,Female,2023,DevOps,64.9,65.2,67.5,68.5,6.0,7.1,2,172,3,0,0,Job,7.75,Tier 2
STU02554,Divya Gupta,26,Male,2023,Cybersecurity,64.0,47.6,38.4,33.1,4.7,3.3,0,62,2,0,1,No Job,0.0,Not Placed
STU02555,Rajesh Gandhi,25,Female,2024,Data Science,64.9,52.8,55.9,42.3,4.6,5.5,0,76,2,0,1,No Job,0.0,Not Placed
STU02556,Rahul Mehta,23,Female,2024,Cybersecurity,72.8,60.2,68.6,71.3,5.5,5.1,5,184,1,0,0,Internship,1.62,Tier 3
STU02557,Maya Bansal,24,Male,2022,QA,70.8,66.2,69.5,61.3,5.4,6.2,0,47,1,0,0,Job,5.9,Tier 2
STU02558,Amit Sinha,22,Female,2024,MERN,81.1,76.3,84.1,67.1,6.6,6.3,0,134,0,0,0,Internship,1.97,Tier 3
STU02559,Mira Agarwal,27,Female,2022,Data Science,69.7,58.0,56.9,61.9,3.2,5.3,0,66,3,0,0,Job,6.59,Tier 2
STU02560,Yogesh Gupta,21,Male,2023,DevOps,67.3,55.4,49.9,46.7,3.6,5.8,0,125,2,0,0,Job,6.23,Tier 2
STU02561,Krishna Malhotra,20,Male,2022,Cybersecurity,53.3,29.0,20.0,21.7,2.0,2.7,4,66,0,0,3,No Job,0.0,Not Placed
STU02562,Aditya Ghosh,25,Male,2023,Data Science,50.1,48.8,36.0,46.6,4.2,4.4,0,42,1,0,0,No Job,0.0,Not Placed
STU02563,Geeta Varma,20,Male,2023,Data Science,74.2,69.9,69.1,75.8,4.6,6.7,3,132,2,1,0,Internship,2.38,Tier 3
STU02564,Ishaan Mehta,24,Female,2024,Data Science,56.2,44.8,35.5,46.4,4.6,3.7,2,92,1,1,0,Job,6.48,Tier 2
STU02565,Aryan Malhotra,26,Female,2023,QA,46.4,36.0,32.3,33.0,3.1,2.6,1,32,4,0,1,No Job,0.0,Not Placed
STU02566,Mohit Nair,21,Female,2023,Data Science,70.7,57.8,58.3,75.4,4.9,4.3,4,174,0,0,3,No Job,0.0,Not Placed
STU02567,Ravi Agarwal,21,Female,2022,Cybersecurity,55.5,45.3,40.4,51.3,5.0,4.6,0,135,2,0,0,No Job,0.0,Not Placed
STU02568,Sonam Kaur,21,Female,2024,MERN,59.6,42.4,37.4,41.8,3.2,5.5,1,73,2,0,2,No Job,0.0,Not Placed
STU02569,Sachin Tiwari,19,Female,2024,QA,61.9,48.1,27.3,33.7,3.2,3.4,0,76,3,0,0,No Job,0.0,Not Placed
STU02570,Vikas Tiwari,27,Male,2022,Figma Designer,53.9,44.2,20.0,30.4,2.8,3.9,2,0,3,0,1,No Job,0.0,Not Placed
STU02571,Rajesh Garg,23,Male,2024,Data Science,59.5,38.7,35.3,33.5,5.4,5.0,0,75,2,0,0,No Job,0.0,Not Placed
STU02572,Geeta Jain,27,Male,2023,MERN,71.5,49.9,39.5,33.4,5.6,6.3,3,134,1,0,1,No Job,0.0,Not Placed
STU02573,Asha Arora,23,Male,2023,QA,77.2,82.2,85.3,80.5,7.4,4.6,1,117,0,0,0,Internship,1.19,Tier 3
STU02574,Khushi Yadav,25,Female,2024,MERN,68.2,51.5,41.3,48.8,6.0,5.9,0,82,2,0,0,Internship,1.33,Tier 3
STU02575,Arjun Bansal,19,Male,2022,Data Science,65.2,55.1,45.6,42.5,5.3,4.9,0,46,2,0,0,Job,6.72,Tier 2
STU02576,Anjali Pillai,27,Female,2024,QA,53.1,45.5,43.3,60.2,4.9,5.7,2,93,1,0,2,No Job,0.0,Not Placed
STU02577,Neha Srivastava,19,Female,2023,Figma Designer,43.1,20.0,20.0,25.1,1.0,3.6,4,39,0,0,1,No Job,0.0,Not Placed
STU02578,Ashu Arora,22,Male,2022,DevOps,73.0,60.1,47.2,47.0,4.4,4.2,4,106,3,0,0,No Job,0.0,Not Placed
STU02579,Surbhi Chopra,25,Male,2024,MERN,68.1,59.5,62.0,64.3,3.9,7.2,3,133,1,1,0,Job,7.1,Tier 2
STU02580,Bhavna Chauhan,27,Male,2024,MERN,75.4,59.4,46.5,54.1,4.0,6.9,1,50,2,0,0,Internship,1.35,Tier 3
STU02581,Riya Srivastava,19,Male,2022,Data Science,78.8,63.0,61.0,60.4,6.6,7.0,4,169,2,0,0,No Job,0.0,Not Placed
STU02582,Kabir Ghosh,24,Female,2022,QA,73.1,64.6,57.7,75.5,5.2,8.1,2,165,2,1,0,Job,6.1,Tier 2
STU02583,Sneha Yadav,23,Male,2024,QA,49.2,29.3,22.3,28.1,3.4,3.4,0,27,0,0,3,No Job,0.0,Not Placed
STU02584,Sakshi Arora,21,Male,2022,QA,52.7,36.6,29.7,30.6,4.0,3.8,0,0,2,0,1,No Job,0.0,Not Placed
STU02585,Rohit Yadav,20,Male,2024,Data Science,80.7,82.4,82.1,73.8,6.0,6.8,1,104,1,0,3,Job,7.43,Tier 2
STU02586,Ruchi Joshi,19,Male,2024,DevOps,60.4,58.6,38.8,58.7,4.8,5.6,0,107,2,0,0,No Job,0.0,Not Placed
STU02587,Pooja Patel,20,Male,2023,Data Science,66.5,58.6,62.8,63.3,5.3,5.6,1,56,4,1,2,No Job,0.0,Not Placed
STU02588,Vidya Patel,22,Female,2023,MERN,86.9,74.4,71.9,71.2,6.0,5.7,2,177,3,0,0,No Job,0.0,Not Placed
STU02589,Prateek Jain,24,Male,2023,QA,53.8,39.4,32.1,39.0,3.7,6.1,0,79,1,0,0,No Job,0.0,Not Placed
STU02590,Aditya Garg,23,Female,2023,Data Science,60.4,47.0,41.5,45.2,4.5,4.6,1,98,1,1,3,No Job,0.0,Not Placed
STU02591,Pooja Srivastava,22,Female,2024,Cybersecurity,48.7,22.7,38.6,26.2,4.0,3.4,1,9,0,0,0,Internship,2.09,Tier 2
STU02592,Nikita Batra,26,Female,2024,Cybersecurity,52.6,31.4,37.7,49.4,2.4,4.0,3,95,0,0,0,Job,6.28,Tier 2
STU02593,Nitin Dubey,25,Male,2023,Figma Designer,57.3,38.3,41.2,58.3,4.6,5.5,0,77,0,0,1,No Job,0.0,Not Placed
STU02594,Suresh Varma,22,Male,2023,QA,68.9,60.1,40.2,62.3,4.0,4.6,5,146,0,1,0,Internship,2.43,Tier 2
STU02595,Surbhi Mishra,23,Male,2022,QA,51.9,30.3,27.2,35.3,3.7,4.7,0,46,2,0,0,Job,3.39,Tier 3
STU02596,Harsh Varma,23,Male,2023,DevOps,58.6,50.4,43.3,39.8,6.0,5.2,1,88,0,0,2,Job,5.71,Tier 2
STU02597,Abhinav Desai,21,Female,2023,Data Science,58.8,40.0,41.6,41.1,3.4,3.6,3,45,0,0,0,No Job,0.0,Not Placed
STU02598,Sneha Rao,27,Male,2023,DevOps,48.9,56.2,46.5,55.0,5.7,4.5,0,34,1,0,0,No Job,0.0,Not Placed
STU02599,Tanvi Ghosh,23,Other,2022,DevOps,73.7,89.4,72.9,71.0,7.3,6.8,3,157,4,1,0,Internship,1.14,Tier 2
STU02600,Manisha Malhotra,20,Female,2024,Cybersecurity,80.7,67.8,51.9,53.0,3.7,5.3,4,166,1,1,0,Job,6.45,Tier 2
STU02601,Kabir Chopra,22,Male,2023,Cybersecurity,65.3,62.2,63.5,51.9,5.2,3.7,0,103,2,0,0,Job,7.59,Tier 2
STU02602,Ravi Shukla,22,Female,2024,MERN,83.1,86.4,88.4,79.5,8.5,7.7,1,178,3,0,0,Internship,2.38,Tier 2
STU02603,Yash Yadav,23,Male,2024,MERN,62.8,44.3,46.5,55.0,3.9,4.9,0,29,2,1,2,No Job,0.0,Not Placed
STU02604,Pankaj Sinha,26,Male,2023,Data Science,78.1,56.0,55.4,57.9,5.2,6.5,2,105,4,0,0,Internship,0.97,Tier 2
STU02605,Surbhi Gupta,23,Male,2023,Cybersecurity,70.2,51.8,50.2,54.6,3.6,5.1,0,48,1,0,0,No Job,0.0,Not Placed
STU02606,Tarun Shukla,19,Female,2023,Cybersecurity,73.2,65.9,57.9,60.5,6.2,5.7,2,184,1,0,0,Job,8.11,Tier 1
STU02607,Saloni Verma,20,Male,2022,Cybersecurity,55.4,41.6,28.2,35.6,2.5,4.3,2,50,0,0,1,No Job,0.0,Not Placed
STU02608,Geeta Chawla,21,Female,2024,MERN,64.7,46.6,52.3,46.1,3.5,7.0,2,68,0,0,1,No Job,0.0,Not Placed
STU02609,Sneha Desai,21,Male,2022,MERN,60.4,37.5,45.8,42.0,3.5,3.9,1,83,4,0,0,No Job,0.0,Not Placed
STU02610,Sneha Chauhan,24,Male,2023,QA,54.3,31.2,20.0,26.0,2.0,3.8,1,79,3,0,0,No Job,0.0,Not Placed
STU02611,Geeta Gupta,27,Male,2022,QA,48.1,31.9,21.2,24.2,1.0,2.4,0,0,1,0,2,No Job,0.0,Not Placed
STU02612,Aryan Khanna,19,Male,2024,DevOps,73.3,74.8,52.9,54.6,4.7,4.6,0,130,2,1,0,Internship,1.64,Tier 3
STU02613,Suresh Bansal,24,Male,2023,Cybersecurity,59.7,35.8,42.4,52.2,3.9,4.2,3,96,2,1,3,No Job,0.0,Not Placed
STU02614,Ayush Mehta,27,Male,2023,MERN,77.5,52.7,52.9,44.6,5.8,4.8,1,75,0,0,0,Job,6.1,Tier 2
STU02615,Kabir Trivedi,22,Female,2023,Cybersecurity,75.9,47.3,56.7,54.3,5.8,4.4,1,58,3,0,0,Internship,1.12,Tier 2
STU02616,Uday Kaur,21,Male,2024,QA,54.4,33.5,35.3,25.5,3.6,6.0,0,38,1,0,1,No Job,0.0,Not Placed
STU02617,Pankaj Trivedi,24,Female,2022,Cybersecurity,68.7,52.3,45.6,55.7,6.4,4.7,3,76,1,0,0,No Job,0.0,Not Placed
STU02618,Riya Trivedi,24,Male,2023,DevOps,43.8,24.4,20.0,19.8,2.8,2.5,2,0,2,0,3,No Job,0.0,Not Placed
STU02619,Palak Gandhi,20,Male,2023,DevOps,61.3,45.0,40.4,43.6,5.2,5.5,0,60,1,1,0,No Job,0.0,Not Placed
STU02620,Anjali Goyal,23,Male,2022,Cybersecurity,85.1,82.5,78.2,75.0,6.4,5.8,0,115,1,1,0,Job,7.71,Tier 2
STU02621,Anand Srivastava,19,Male,2022,Cybersecurity,68.7,53.9,40.8,43.7,4.9,4.5,0,40,3,0,0,No Job,0.0,Not Placed
STU02622,Nikita Srivastava,27,Female,2022,DevOps,48.0,38.6,28.0,24.2,3.0,2.6,2,89,0,0,0,No Job,0.0,Not Placed
STU02623,Vinay Arora,27,Female,2022,Cybersecurity,56.9,53.2,50.9,41.0,2.7,5.3,0,72,1,0,1,No Job,0.0,Not Placed
STU02624,Sourabh Pillai,21,Female,2023,Data Science,81.9,78.5,69.6,78.8,6.6,7.3,5,243,0,1,0,Internship,1.93,Tier 3
STU02625,Riya Dixit,23,Female,2022,Figma Designer,70.4,48.3,49.4,48.9,5.6,5.2,1,80,2,1,2,No Job,0.0,Not Placed
STU02626,Kunal Dubey,21,Female,2023,QA,50.7,36.4,23.3,21.4,1.5,4.3,3,0,0,0,1,No Job,0.0,Not Placed
STU02627,Ruchi Goyal,25,Female,2022,MERN,54.4,25.5,20.0,18.5,1.9,3.1,2,30,0,0,3,No Job,0.0,Not Placed
STU02628,Sahil Mehta,19,Female,2022,DevOps,60.7,47.1,46.1,44.6,4.7,5.5,0,85,1,0,1,No Job,0.0,Not Placed
STU02629,Abhinav Dutta,23,Male,2024,Data Science,78.2,66.8,53.8,65.1,6.5,8.0,1,157,2,1,0,Job,6.82,Tier 2
STU02630,Shreya Khanna,24,Female,2023,Data Science,63.6,69.9,61.6,64.0,6.4,6.0,1,130,1,0,0,Internship,2.2,Tier 3
STU02631,Ashu Rastogi,25,Female,2022,MERN,72.2,74.6,86.0,77.3,7.2,6.3,4,197,3,1,0,Job,7.45,Tier 2
STU02632,Yogesh Singh,21,Male,2023,Cybersecurity,70.5,57.9,56.0,62.1,5.7,4.6,1,140,3,0,1,Internship,2.29,Tier 2
STU02633,Vishal Bansal,25,Female,2022,QA,58.6,52.6,46.7,44.4,3.9,5.5,2,158,1,1,2,No Job,0.0,Not Placed
STU02634,Karan Bansal,22,Male,2022,DevOps,40.0,20.0,20.0,17.3,2.7,1.7,1,0,1,0,2,No Job,0.0,Not Placed
STU02635,Sourabh Agarwal,24,Female,2022,DevOps,76.8,69.6,77.6,78.5,5.9,6.6,2,164,4,1,0,Job,8.13,Tier 1
STU02636,Sourabh Yadav,23,Male,2024,MERN,42.0,30.4,26.9,17.5,2.4,2.9,0,38,2,0,0,No Job,0.0,Not Placed
STU02637,Surbhi Nair,22,Male,2024,Data Science,87.7,90.9,89.4,91.5,9.2,6.6,4,208,0,1,0,Job,10.4,Tier 1
STU02638,Ayush Gandhi,24,Male,2024,Data Science,59.3,36.2,36.8,47.1,3.8,4.3,5,150,0,0,0,No Job,0.0,Not Placed
STU02639,Farhan Sharma,21,Female,2024,QA,53.0,33.4,29.0,33.0,4.4,6.2,1,47,1,0,1,No Job,0.0,Not Placed
STU02640,Amit Kaur,21,Male,2024,Figma Designer,57.8,53.9,46.0,50.7,5.2,4.1,0,62,3,0,0,No Job,0.0,Not Placed
STU02641,Renu Sinha,23,Female,2024,DevOps,63.1,49.4,47.3,45.6,5.1,4.3,3,64,2,1,0,Job,5.63,Tier 2
STU02642,Mira Ghosh,23,Female,2023,Cybersecurity,60.8,42.9,33.3,31.2,3.4,5.9,2,42,2,1,0,No Job,0.0,Not Placed
STU02643,Ruchi Batra,27,Male,2023,Figma Designer,57.1,45.2,41.4,33.2,5.4,3.8,1,43,2,0,1,Job,4.2,Tier 3
STU02644,Surbhi Khanna,22,Other,2022,Data Science,87.9,71.6,71.0,71.6,5.2,6.0,3,150,0,1,1,Job,8.28,Tier 1
STU02645,Rajan Kumar,23,Male,2023,QA,75.9,78.4,70.2,79.1,6.7,6.4,2,176,1,0,0,Job,6.54,Tier 2
STU02646,Sandeep Shukla,27,Female,2023,Cybersecurity,51.5,38.3,20.0,37.8,4.0,4.6,4,91,2,1,0,Job,5.66,Tier 2
STU02647,Sandeep Dutta,22,Male,2024,Cybersecurity,75.2,68.5,51.1,63.9,3.4,4.6,4,117,0,1,0,Job,7.3,Tier 2
STU02648,Isha Nair,21,Male,2023,MERN,44.6,41.6,31.7,47.3,3.7,4.5,1,75,1,0,0,No Job,0.0,Not Placed
STU02649,Anand Agarwal,25,Male,2023,Cybersecurity,74.7,62.9,80.2,69.4,4.5,6.1,0,87,1,0,1,Job,7.39,Tier 2
STU02650,Kajal Kaur,25,Female,2023,QA,55.5,48.4,40.6,36.1,4.7,4.3,1,77,0,0,0,Job,4.23,Tier 3
STU02651,Rajan Kapoor,26,Female,2022,Data Science,73.0,71.4,66.8,47.2,6.0,5.2,5,185,0,0,1,Job,7.33,Tier 2
STU02652,Surbhi Shah,22,Male,2023,DevOps,61.7,48.2,42.0,45.6,4.7,4.1,0,94,1,1,1,No Job,0.0,Not Placed
STU02653,Ruchi Bhatt,22,Male,2023,Data Science,63.6,47.5,47.5,41.5,4.2,5.2,1,56,3,0,2,No Job,0.0,Not Placed
STU02654,Nitin Chauhan,27,Other,2023,QA,53.5,57.8,49.1,58.2,6.0,4.8,0,105,0,0,1,No Job,0.0,Not Placed
STU02655,Shivam Srivastava,25,Male,2023,DevOps,75.0,85.3,81.8,61.2,6.6,7.8,3,194,0,1,0,Job,7.7,Tier 2
STU02656,Geeta Chawla,21,Male,2022,QA,75.8,57.1,53.7,53.5,5.2,5.0,2,127,0,0,0,No Job,0.0,Not Placed
STU02657,Vanshika Gandhi,27,Male,2023,MERN,68.2,62.6,59.3,66.8,4.6,5.9,1,94,1,0,0,Job,6.34,Tier 2
STU02658,Uma Iyer,23,Male,2023,Data Science,58.8,55.8,51.9,53.3,5.9,5.9,2,109,1,1,0,Job,6.39,Tier 2
STU02659,Abhinav Chopra,22,Female,2023,Data Science,66.3,50.0,42.4,55.5,6.1,5.7,0,80,4,0,0,Job,7.34,Tier 2
STU02660,Ritesh Reddy,19,Female,2023,MERN,81.7,79.4,74.8,67.8,5.0,5.7,3,162,3,0,0,Job,7.16,Tier 2
STU02661,Mohit Singh,27,Male,2022,MERN,73.9,55.6,68.6,66.4,5.5,6.8,1,111,1,1,0,Internship,1.51,Tier 2
STU02662,Manisha Mishra,24,Female,2022,DevOps,50.7,38.4,31.8,31.4,2.5,4.5,0,0,1,0,0,No Job,0.0,Not Placed
STU02663,Avni Dutta,20,Female,2023,Data Science,66.9,65.5,63.0,57.2,5.8,5.2,0,82,1,0,0,No Job,0.0,Not Placed
STU02664,Krishna Rao,25,Male,2023,DevOps,73.5,59.6,78.3,71.5,7.1,6.4,0,139,2,1,2,Job,8.45,Tier 1
STU02665,Simran Rastogi,21,Male,2023,MERN,51.4,41.0,33.7,51.1,5.3,5.2,2,59,3,0,2,Job,5.78,Tier 2
STU02666,Palak Dixit,24,Female,2024,DevOps,68.6,56.1,60.4,61.0,5.4,6.6,2,172,1,0,0,Job,7.6,Tier 2
STU02667,Prateek Yadav,26,Male,2022,Cybersecurity,45.2,20.0,20.0,15.0,1.6,2.1,0,4,0,0,2,No Job,0.0,Not Placed
STU02668,Simran Shah,21,Male,2022,Cybersecurity,52.8,39.3,24.4,36.3,3.5,4.5,1,39,4,0,1,No Job,0.0,Not Placed
STU02669,Suresh Ghosh,23,Female,2023,Figma Designer,88.0,100.0,100.0,93.7,6.6,7.0,1,213,1,1,0,Internship,2.15,Tier 3
STU02670,Aryan Gandhi,24,Female,2023,Data Science,63.5,66.7,68.8,65.4,4.9,5.8,4,155,2,1,2,No Job,0.0,Not Placed
STU02671,Yogesh Shah,19,Female,2023,DevOps,67.2,56.2,54.4,56.1,3.5,5.3,2,90,2,1,2,No Job,0.0,Not Placed
STU02672,Ritesh Kapoor,25,Male,2024,DevOps,81.0,87.8,86.8,73.6,8.3,9.0,1,188,1,0,0,Internship,2.32,Tier 3
STU02673,Mohit Dubey,22,Female,2024,MERN,51.9,40.2,26.2,34.3,2.5,4.9,0,70,0,0,3,No Job,0.0,Not Placed
STU02674,Harsh Shah,25,Female,2022,Cybersecurity,74.1,82.6,72.1,83.1,6.2,6.4,1,141,2,1,0,Job,8.14,Tier 1
STU02675,Sanjay Singh,25,Other,2024,DevOps,52.9,44.9,25.8,43.6,5.4,4.5,0,64,1,0,0,No Job,0.0,Not Placed
STU02676,Harsha Garg,23,Female,2022,DevOps,64.5,56.0,50.3,61.8,4.6,4.8,2,39,3,1,0,Job,5.86,Tier 2
STU02677,Deepika Rastogi,26,Female,2023,DevOps,48.6,20.0,20.0,26.5,3.8,3.3,1,8,2,0,1,No Job,0.0,Not Placed
STU02678,Tushar Rastogi,26,Female,2023,Figma Designer,47.6,51.5,38.2,48.3,4.2,4.9,0,79,1,0,0,Internship,1.06,Tier 3
STU02679,Naman Ghosh,23,Male,2023,Figma Designer,68.2,71.4,73.3,81.6,6.8,6.1,0,161,0,0,0,Internship,0.95,Tier 3
STU02680,Vikram Shah,23,Female,2022,MERN,56.7,40.2,35.6,38.8,4.1,5.1,5,136,1,0,0,No Job,0.0,Not Placed
STU02681,Aditya Goyal,25,Male,2023,Data Science,75.5,53.2,45.9,53.4,4.5,6.1,0,88,4,0,0,Job,7.1,Tier 2
STU02682,Rahul Kapoor,24,Female,2023,QA,51.6,36.9,33.5,53.4,6.1,6.9,1,88,0,0,3,No Job,0.0,Not Placed
STU02683,Anish Jain,22,Other,2022,Figma Designer,72.8,65.7,58.4,66.3,6.4,3.6,3,146,1,0,0,Job,4.59,Tier 3
STU02684,Dev Batra,20,Male,2022,MERN,82.4,68.6,56.8,62.3,5.7,5.7,2,125,0,0,0,Job,5.59,Tier 2
STU02685,Palak Patel,26,Female,2023,MERN,56.6,49.5,41.7,38.5,3.3,3.9,1,25,3,0,1,No Job,0.0,Not Placed
STU02686,Asha Varma,21,Female,2023,Figma Designer,53.7,49.8,37.5,33.7,3.2,2.0,2,63,2,1,0,No Job,0.0,Not Placed
STU02687,Pranav Dixit,20,Male,2023,Cybersecurity,64.2,37.0,32.3,39.9,4.2,5.1,0,73,1,0,0,Job,7.06,Tier 2
STU02688,Palak Varma,25,Male,2022,MERN,61.4,42.4,45.5,50.0,3.6,4.6,1,74,2,0,0,No Job,0.0,Not Placed
STU02689,Dev Joshi,24,Male,2024,DevOps,41.0,21.9,21.8,15.0,2.5,3.8,0,37,2,0,2,No Job,0.0,Not Placed
STU02690,Manisha Jain,26,Male,2022,Figma Designer,70.0,69.9,59.1,67.8,6.5,6.2,0,114,4,0,0,Job,4.37,Tier 3
STU02691,Sara Kumar,24,Female,2024,QA,64.7,54.4,53.3,61.0,5.0,4.8,0,64,4,0,0,Internship,1.26,Tier 3
STU02692,Anjali Roy,25,Male,2023,QA,55.3,30.9,20.0,17.8,4.0,3.0,2,20,2,0,2,No Job,0.0,Not Placed
STU02693,Naman Nair,20,Male,2023,Cybersecurity,72.1,61.4,59.5,63.6,5.0,7.2,2,94,1,1,0,Job,8.07,Tier 1
STU02694,Rahul Bhatt,20,Female,2024,Data Science,63.5,49.1,36.2,42.3,5.4,3.1,0,47,2,0,1,Job,5.78,Tier 2
STU02695,Mehak Kapoor,24,Female,2022,QA,78.3,65.1,58.6,52.3,6.4,5.1,1,61,1,0,1,Job,5.05,Tier 3
STU02696,Ankita Batra,27,Male,2022,MERN,61.4,48.6,39.2,49.4,5.6,5.0,0,91,2,0,0,No Job,0.0,Not Placed
STU02697,Yogesh Trivedi,21,Male,2023,Figma Designer,63.8,68.3,40.7,63.3,5.8,5.0,3,134,3,1,1,Internship,1.57,Tier 3
STU02698,Sandeep Singh,26,Female,2022,MERN,62.7,62.6,68.4,61.0,5.1,5.0,1,144,2,0,0,No Job,0.0,Not Placed
STU02699,Dev Garg,23,Male,2023,QA,73.8,67.1,77.5,52.8,6.9,7.3,0,77,1,0,0,Job,5.25,Tier 3
STU02700,Ritesh Rastogi,24,Female,2022,MERN,64.2,53.1,50.1,48.3,5.1,6.1,2,82,3,1,1,Job,5.69,Tier 2
STU02701,Anjali Iyer,24,Female,2024,DevOps,71.5,71.4,56.4,69.6,6.0,4.8,5,182,1,1,0,Internship,2.42,Tier 2
STU02702,Farhan Iyer,21,Male,2023,Data Science,81.3,78.9,93.0,81.6,5.8,7.4,1,132,1,0,0,No Job,0.0,Not Placed
STU02703,Sara Dubey,23,Female,2022,Cybersecurity,64.9,54.1,52.3,52.6,4.1,5.3,2,87,0,0,3,No Job,0.0,Not Placed
STU02704,Ayush Verma,19,Male,2024,QA,59.6,45.6,40.7,53.9,5.1,5.6,0,50,0,0,1,No Job,0.0,Not Placed
STU02705,Akshay Khanna,20,Male,2023,Cybersecurity,70.7,67.6,72.3,63.3,5.4,6.9,2,139,1,0,0,Internship,2.05,Tier 3
STU02706,Khushi Malhotra,21,Female,2023,DevOps,40.3,20.0,20.0,22.5,3.2,3.5,4,54,0,0,2,No Job,0.0,Not Placed
STU02707,Varun Dixit,22,Male,2023,Data Science,53.4,36.0,20.0,30.8,4.8,5.9,2,66,0,1,2,No Job,0.0,Not Placed
STU02708,Bhavna Jain,27,Female,2023,Figma Designer,41.9,36.6,27.2,41.6,2.7,5.6,0,5,2,1,0,No Job,0.0,Not Placed
STU02709,Prachi Chawla,19,Female,2023,Cybersecurity,65.5,62.7,64.9,51.2,5.0,7.1,2,114,2,1,0,Job,6.76,Tier 2
STU02710,Akash Agarwal,21,Male,2023,QA,71.4,59.6,69.5,47.9,4.5,5.2,3,92,1,0,0,Job,5.69,Tier 2
STU02711,Arjun Srivastava,21,Other,2022,QA,81.5,65.9,65.3,63.8,7.9,6.7,1,152,3,1,0,Job,6.59,Tier 2
STU02712,Riya Kaur,24,Male,2024,QA,81.5,77.5,65.4,83.8,6.3,6.3,2,188,1,0,0,Job,6.04,Tier 2
STU02713,Sanjay Gupta,23,Male,2024,DevOps,47.9,20.0,20.0,17.4,3.0,2.6,0,0,2,0,1,No Job,0.0,Not Placed
STU02714,Sonam Garg,21,Female,2022,Cybersecurity,45.2,33.0,20.3,30.0,2.3,4.5,1,0,2,0,3,No Job,0.0,Not Placed
STU02715,Meena Joshi,22,Male,2024,Cybersecurity,57.8,49.3,61.7,54.6,5.1,5.8,0,59,2,1,0,Job,6.02,Tier 2
STU02716,Meena Reddy,25,Female,2023,QA,47.6,30.4,23.1,31.3,2.6,3.1,3,46,2,0,3,No Job,0.0,Not Placed
STU02717,Nikita Varma,21,Female,2022,QA,40.0,20.0,26.9,15.0,1.0,3.5,0,16,2,0,2,No Job,0.0,Not Placed
STU02718,Ruchi Dutta,27,Male,2022,Data Science,64.5,47.8,47.5,44.3,3.6,3.3,0,35,1,0,2,No Job,0.0,Not Placed
STU02719,Kavya Joshi,26,Male,2022,MERN,45.4,20.0,20.0,15.0,2.7,1.0,1,51,3,0,1,No Job,0.0,Not Placed
STU02720,Sourabh Singh,20,Male,2024,Data Science,59.9,51.7,25.2,28.2,6.8,4.4,1,0,1,1,0,Job,5.57,Tier 2
STU02721,Aditya Nair,23,Female,2023,Data Science,69.0,61.0,58.6,73.5,4.7,7.5,4,129,4,0,0,Job,7.85,Tier 2
STU02722,Nandini Mehta,22,Male,2023,Cybersecurity,50.5,48.6,43.2,43.0,4.3,4.1,0,82,0,0,2,No Job,0.0,Not Placed
STU02723,Sourabh Gandhi,23,Male,2022,QA,81.1,72.7,57.3,72.4,7.0,6.5,3,190,0,0,0,Internship,0.89,Tier 2
STU02724,Rohit Arora,21,Male,2023,Data Science,60.4,44.0,34.1,49.9,5.1,3.9,2,108,0,0,0,No Job,0.0,Not Placed
STU02725,Kajal Singh,19,Male,2023,DevOps,69.7,59.0,56.3,65.2,5.3,5.7,2,132,1,0,0,Internship,1.08,Tier 2
STU02726,Pranav Sharma,26,Female,2024,Figma Designer,61.4,43.6,33.6,38.8,3.9,4.3,0,82,1,0,0,No Job,0.0,Not Placed
STU02727,Mohit Mehta,27,Female,2024,QA,60.0,52.9,61.2,51.5,5.4,4.9,1,107,1,0,0,Internship,1.81,Tier 3
STU02728,Ritesh Chopra,26,Male,2023,DevOps,62.3,52.0,47.3,50.9,5.2,3.9,1,67,0,0,3,No Job,0.0,Not Placed
STU02729,Vikas Srivastava,22,Male,2023,QA,73.4,67.5,60.2,53.2,6.5,5.5,2,129,0,1,0,Job,5.01,Tier 3
STU02730,Krishna Kaur,20,Female,2023,DevOps,82.3,65.4,50.2,58.4,6.5,5.2,1,80,2,0,0,Job,7.19,Tier 2
STU02731,Avni Chopra,22,Male,2024,Data Science,90.2,90.6,85.5,83.7,6.0,5.3,5,253,0,1,0,Job,9.12,Tier 1
STU02732,Geeta Srivastava,27,Female,2022,Data Science,57.7,47.2,58.6,50.6,5.7,5.9,0,61,4,0,1,No Job,0.0,Not Placed
STU02733,Shreya Pillai,27,Male,2023,Data Science,68.1,71.6,58.7,72.8,5.8,6.0,1,133,2,1,0,Job,7.67,Tier 2
STU02734,Sahil Joshi,23,Male,2024,MERN,49.6,31.0,25.5,29.4,1.8,4.2,2,76,3,0,1,No Job,0.0,Not Placed
STU02735,Naman Goyal,23,Female,2022,Figma Designer,80.1,66.5,53.9,74.0,6.4,6.2,1,118,0,1,0,No Job,0.0,Not Placed
STU02736,Lalit Varma,21,Male,2022,QA,62.3,54.6,51.4,56.2,4.6,3.8,4,166,1,1,2,No Job,0.0,Not Placed
STU02737,Amit Goyal,24,Male,2023,DevOps,40.0,20.0,20.0,15.0,2.7,3.8,3,12,1,1,3,No Job,0.0,Not Placed
STU02738,Lakshmi Mishra,25,Male,2022,DevOps,55.6,44.6,36.4,42.3,3.7,4.2,3,117,2,0,0,No Job,0.0,Not Placed
STU02739,Mira Khanna,27,Other,2023,MERN,46.7,29.5,20.0,32.4,3.0,4.1,1,0,2,0,0,No Job,0.0,Not Placed
STU02740,Seema Desai,25,Female,2023,Cybersecurity,50.5,35.0,37.0,37.2,4.6,3.2,1,95,2,0,0,No Job,0.0,Not Placed
STU02741,Jyoti Joshi,21,Male,2023,QA,68.0,55.8,51.4,51.2,4.4,5.2,1,128,1,1,0,Internship,0.97,Tier 3
STU02742,Kajal Trivedi,25,Female,2022,MERN,67.6,59.6,49.4,46.8,5.8,6.5,0,45,3,0,3,No Job,0.0,Not Placed
STU02743,Sahil Rao,19,Male,2024,Data Science,69.2,64.9,67.0,65.9,5.0,6.5,4,169,0,1,3,Job,7.57,Tier 2
STU02744,Neha Chopra,20,Male,2022,Cybersecurity,52.5,20.5,20.0,15.0,1.4,1.6,0,0,0,0,1,No Job,0.0,Not Placed
STU02745,Ruchi Rao,22,Female,2024,DevOps,69.3,63.6,70.0,78.2,7.1,6.7,3,156,1,1,0,Internship,2.17,Tier 3
STU02746,Sourabh Joshi,25,Female,2022,MERN,64.4,55.5,58.2,63.4,5.5,4.9,0,56,3,0,0,Job,6.0,Tier 2
STU02747,Vaibhav Dutta,27,Male,2023,Cybersecurity,57.0,35.7,32.9,37.9,5.4,2.9,1,47,1,0,0,No Job,0.0,Not Placed
STU02748,Maya Gupta,23,Male,2022,DevOps,64.9,58.5,57.7,45.5,4.0,4.6,1,133,2,1,0,No Job,0.0,Not Placed
STU02749,Pooja Trivedi,26,Male,2022,MERN,85.5,89.5,99.0,97.5,8.2,7.5,1,262,1,1,0,No Job,0.0,Not Placed
STU02750,Sourabh Patel,25,Female,2022,MERN,72.9,70.3,77.4,82.4,7.2,6.8,0,157,4,0,0,Job,7.45,Tier 2
STU02751,Asha Dubey,23,Female,2023,DevOps,78.3,77.3,85.5,88.2,8.2,6.1,0,156,0,0,0,Job,7.78,Tier 2
STU02752,Tanvi Chawla,21,Female,2023,Figma Designer,73.9,49.3,46.4,51.1,6.1,4.8,5,135,0,1,0,No Job,0.0,Not Placed
STU02753,Vikas Roy,21,Female,2022,Figma Designer,78.3,73.2,76.0,71.1,7.0,5.4,3,133,0,1,0,Job,6.41,Tier 2
STU02754,Avni Singh,24,Female,2024,Figma Designer,81.6,90.9,76.4,80.2,7.0,6.4,1,127,0,0,1,Job,5.85,Tier 2
STU02755,Seema Dixit,22,Female,2022,Cybersecurity,50.8,51.7,22.9,44.0,3.7,4.5,0,21,3,0,0,No Job,0.0,Not Placed
STU02756,Ishaan Ghosh,21,Male,2023,DevOps,79.1,78.1,85.0,83.2,6.6,5.0,1,171,1,0,0,No Job,0.0,Not Placed
STU02757,Uday Joshi,22,Male,2022,Cybersecurity,74.0,61.5,67.5,57.3,7.1,5.1,1,68,1,0,0,Job,7.85,Tier 2
STU02758,Aditya Shukla,21,Male,2023,Figma Designer,50.8,46.8,39.6,44.9,4.7,3.9,0,54,1,0,0,No Job,0.0,Not Placed
STU02759,Kavya Chopra,24,Male,2024,MERN,61.5,58.7,58.8,58.9,5.6,5.8,2,124,2,0,2,Internship,1.89,Tier 3
STU02760,Kavya Verma,25,Female,2023,DevOps,75.5,91.6,75.8,86.4,6.6,5.5,1,186,1,1,0,No Job,0.0,Not Placed
STU02761,Nandini Khanna,22,Female,2022,Cybersecurity,77.0,59.6,50.1,51.8,3.7,5.8,5,127,2,1,0,No Job,0.0,Not Placed
STU02762,Vanshika Dubey,21,Male,2022,Cybersecurity,85.1,71.1,63.0,68.3,5.5,5.0,2,138,3,1,0,Job,7.77,Tier 2
STU02763,Vineeta Chopra,21,Female,2024,MERN,50.2,37.4,36.4,41.9,3.9,3.8,3,118,1,1,0,No Job,0.0,Not Placed
STU02764,Sonam Pillai,21,Male,2022,DevOps,49.1,40.4,27.9,38.9,3.9,3.7,1,31,0,0,1,No Job,0.0,Not Placed
STU02765,Nandini Dixit,27,Male,2023,QA,51.9,34.2,23.3,29.8,4.6,3.5,1,45,0,0,1,No Job,0.0,Not Placed
STU02766,Karishma Nair,21,Female,2022,DevOps,62.3,49.0,47.0,52.9,4.6,4.2,1,71,1,1,1,Job,7.43,Tier 2
STU02767,Maya Sharma,21,Male,2022,QA,68.6,58.7,44.0,61.9,4.7,4.4,0,77,2,1,2,Job,5.7,Tier 2
STU02768,Ankit Rastogi,26,Male,2022,MERN,58.5,44.5,32.7,20.6,1.3,2.0,2,73,3,0,2,No Job,0.0,Not Placed
STU02769,Kabir Shukla,22,Female,2024,Figma Designer,81.4,82.2,79.6,74.4,6.9,7.8,1,202,1,0,0,Job,6.74,Tier 2
STU02770,Divya Kaur,25,Female,2024,DevOps,86.6,80.7,76.3,71.4,5.4,6.3,0,139,3,1,0,Job,7.44,Tier 2
STU02771,Akash Rao,21,Female,2023,Cybersecurity,75.9,68.3,65.1,84.4,6.4,7.2,0,93,1,0,0,Job,6.79,Tier 2
STU02772,Sakshi Singh,26,Male,2022,Data Science,72.8,54.6,58.4,60.1,6.6,6.0,0,122,2,0,0,Job,8.51,Tier 1
STU02773,Seema Khanna,21,Male,2023,Data Science,54.7,56.4,45.1,39.3,3.5,4.9,1,81,1,1,0,No Job,0.0,Not Placed
STU02774,Bhavna Arora,23,Other,2023,Cybersecurity,46.3,20.0,20.0,21.5,3.5,5.0,3,110,1,0,0,No Job,0.0,Not Placed
STU02775,Harsha Dubey,19,Male,2023,MERN,80.8,60.8,53.5,63.0,5.6,6.1,0,38,3,0,0,Job,5.44,Tier 3
STU02776,Sneha Rastogi,23,Female,2022,DevOps,79.8,70.4,67.3,80.5,5.3,5.9,1,107,3,1,2,No Job,0.0,Not Placed
STU02777,Pankaj Bhatt,24,Male,2024,Data Science,61.8,43.4,42.7,39.7,4.8,4.2,1,71,3,0,0,Job,6.49,Tier 2
STU02778,Pooja Singh,25,Female,2023,QA,42.4,33.3,27.8,37.6,3.9,4.6,1,62,0,1,0,No Job,0.0,Not Placed
STU02779,Anish Srivastava,20,Female,2024,QA,56.6,40.5,36.7,39.0,5.1,5.1,0,27,2,0,1,No Job,0.0,Not Placed
STU02780,Vineeta Kumar,20,Male,2022,Data Science,67.6,70.0,67.3,67.3,5.5,6.1,1,118,1,0,1,No Job,0.0,Not Placed
STU02781,Tarun Verma,27,Female,2022,Cybersecurity,72.3,68.7,65.4,60.1,7.0,5.6,1,88,0,0,0,Internship,1.89,Tier 3
STU02782,Yash Khanna,19,Male,2022,QA,82.3,79.9,98.6,85.9,6.7,6.6,3,125,0,0,0,No Job,0.0,Not Placed
STU02783,Ashish Agarwal,20,Female,2024,Cybersecurity,67.2,56.2,49.9,39.9,4.3,6.1,0,76,2,0,0,Internship,1.38,Tier 3
STU02784,Suresh Rao,20,Female,2023,MERN,58.6,39.1,24.6,43.5,4.2,4.3,3,108,1,0,2,No Job,0.0,Not Placed
STU02785,Vidya Trivedi,25,Male,2024,Cybersecurity,67.4,47.0,56.7,45.5,5.7,3.7,2,98,1,0,1,No Job,0.0,Not Placed
STU02786,Mira Roy,24,Female,2024,Data Science,50.9,29.6,29.3,37.4,2.7,3.5,3,35,0,1,0,No Job,0.0,Not Placed
STU02787,Anil Kaur,27,Male,2023,MERN,70.1,75.9,81.0,70.6,6.1,5.3,4,191,2,1,0,Internship,2.38,Tier 3
STU02788,Ankit Malhotra,25,Male,2023,MERN,50.5,33.5,20.9,25.1,4.2,4.4,2,105,0,0,0,No Job,0.0,Not Placed
STU02789,Manisha Iyer,21,Female,2024,DevOps,53.6,46.0,36.1,44.6,2.3,4.0,4,132,0,0,0,No Job,0.0,Not Placed
STU02790,Riya Srivastava,21,Male,2023,Data Science,68.2,62.4,59.8,65.2,7.6,7.7,0,127,0,0,0,Job,7.47,Tier 2
STU02791,Ashish Ghosh,19,Female,2023,Figma Designer,93.0,94.0,84.4,83.1,7.2,7.3,0,149,1,1,0,Job,5.76,Tier 2
STU02792,Vidya Ghosh,26,Male,2023,MERN,91.5,100.0,100.0,86.8,8.1,9.5,0,209,2,1,0,Job,9.37,Tier 1
STU02793,Ruchi Sinha,19,Male,2024,Data Science,45.0,33.1,20.0,32.2,4.2,5.3,3,52,1,0,0,No Job,0.0,Not Placed
STU02794,Ankit Gupta,20,Male,2023,DevOps,68.7,77.9,65.5,69.5,5.8,5.5,0,98,1,1,2,Internship,1.31,Tier 3
STU02795,Ishaan Desai,25,Male,2024,MERN,74.1,54.1,51.8,48.6,4.5,6.2,3,96,0,0,3,No Job,0.0,Not Placed
STU02796,Kavya Joshi,19,Female,2022,DevOps,60.8,49.2,42.4,26.5,5.4,5.0,1,84,1,0,1,Internship,0.86,Tier 3
STU02797,Shreya Mishra,22,Female,2023,MERN,57.3,52.4,52.3,44.7,5.0,6.0,3,92,3,1,0,Internship,0.9,Tier 2
STU02798,Sanjana Iyer,27,Female,2022,Data Science,42.3,36.2,34.3,23.9,1.8,2.7,3,32,1,0,1,No Job,0.0,Not Placed
STU02799,Rohit Goyal,26,Male,2022,MERN,79.7,75.6,80.4,75.8,6.7,7.2,2,166,0,0,0,Job,7.88,Tier 2
STU02800,Ravi Dutta,26,Female,2024,DevOps,40.0,20.0,20.0,15.0,2.0,3.5,5,50,3,0,2,No Job,0.0,Not Placed
STU02801,Kunal Singh,21,Female,2024,Data Science,64.8,53.3,50.0,40.8,4.5,6.3,2,88,1,1,0,Job,6.76,Tier 2
STU02802,Saloni Chawla,23,Male,2024,QA,77.4,91.9,85.9,85.0,7.1,5.7,0,165,2,1,0,Internship,2.07,Tier 3
STU02803,Tarun Iyer,22,Female,2024,Cybersecurity,54.7,57.6,54.6,56.4,3.3,5.2,5,167,1,1,0,Job,6.51,Tier 2
STU02804,Aryan Sinha,26,Female,2022,Cybersecurity,68.3,54.8,36.0,48.0,5.1,4.7,2,78,3,0,3,No Job,0.0,Not Placed
STU02805,Priya Malhotra,25,Male,2022,DevOps,71.5,47.7,45.2,38.9,3.7,5.0,1,90,0,0,1,No Job,0.0,Not Placed
STU02806,Surbhi Srivastava,25,Female,2023,Cybersecurity,75.3,65.2,68.0,61.4,6.7,7.8,1,124,1,0,2,No Job,0.0,Not Placed
STU02807,Ankit Yadav,25,Male,2024,Figma Designer,71.2,51.3,41.9,43.1,4.1,5.2,2,117,2,0,1,No Job,0.0,Not Placed
STU02808,Sahil Shukla,19,Male,2022,Data Science,66.1,58.3,51.8,49.1,4.7,5.6,2,112,1,1,0,No Job,0.0,Not Placed
STU02809,Amar Jain,25,Male,2024,Data Science,59.5,69.1,56.6,59.8,7.4,6.7,3,146,1,0,0,No Job,0.0,Not Placed
STU02810,Rohit Mehta,22,Female,2023,Data Science,72.8,60.7,50.9,57.0,5.2,6.3,0,110,1,0,0,Internship,1.33,Tier 3
STU02811,Anushka Rao,21,Male,2024,Data Science,55.6,56.4,32.5,41.3,3.9,4.0,4,118,1,0,3,No Job,0.0,Not Placed
STU02812,Mohit Batra,23,Male,2023,Data Science,42.4,34.9,27.0,32.3,2.8,3.1,0,51,1,0,2,No Job,0.0,Not Placed
STU02813,Karishma Chopra,20,Female,2023,Cybersecurity,55.0,45.0,31.4,31.0,5.2,4.9,1,44,2,0,0,No Job,0.0,Not Placed
STU02814,Dev Gandhi,26,Female,2024,DevOps,74.3,80.9,80.0,77.2,5.5,6.4,0,134,3,0,1,No Job,0.0,Not Placed
STU02815,Ishaan Singh,27,Female,2024,Figma Designer,66.8,54.1,56.4,41.5,5.9,4.3,1,101,1,1,0,Internship,1.92,Tier 3
STU02816,Parth Singh,23,Male,2022,MERN,56.9,36.0,29.5,34.7,2.0,3.0,2,70,2,0,1,Job,4.37,Tier 3
STU02817,Sneha Pillai,21,Female,2024,MERN,65.9,48.2,31.0,39.2,2.7,4.3,1,32,1,0,2,No Job,0.0,Not Placed
STU02818,Prateek Nair,25,Male,2024,Figma Designer,76.4,72.0,74.0,72.2,5.7,6.9,0,131,2,0,0,Job,5.91,Tier 2
STU02819,Aditya Yadav,19,Male,2022,QA,59.1,55.1,48.4,55.2,4.8,6.0,1,91,2,1,3,No Job,0.0,Not Placed
STU02820,Tanvi Goyal,21,Female,2022,DevOps,45.0,22.9,20.0,16.8,3.9,3.7,1,15,1,0,0,No Job,0.0,Not Placed
STU02821,Bhavna Rastogi,27,Female,2023,DevOps,51.5,41.0,38.1,36.1,3.5,2.9,3,112,1,0,0,No Job,0.0,Not Placed
STU02822,Karan Chopra,20,Female,2023,QA,90.3,78.1,77.1,63.7,6.8,5.8,1,102,1,1,1,Internship,0.91,Tier 3
STU02823,Rajni Chauhan,27,Female,2024,DevOps,58.7,43.2,35.6,39.3,3.7,2.9,1,85,1,0,1,No Job,0.0,Not Placed
STU02824,Rohan Rastogi,19,Female,2022,Data Science,89.0,84.8,81.9,90.6,7.6,8.6,4,201,3,0,0,Internship,1.48,Tier 3
STU02825,Tarun Dixit,22,Male,2023,QA,90.7,84.3,94.9,75.0,8.2,5.3,3,175,1,1,0,Internship,0.81,Tier 3
STU02826,Aditya Dutta,24,Male,2023,DevOps,88.2,74.2,75.8,73.7,7.4,7.0,0,134,3,0,0,No Job,0.0,Not Placed
STU02827,Maya Rao,25,Female,2022,Data Science,71.2,66.0,52.3,55.1,6.1,6.5,1,155,0,0,0,Job,7.62,Tier 2
STU02828,Sonam Bhatt,21,Male,2023,DevOps,73.2,67.1,64.6,69.1,4.6,6.9,3,167,1,0,0,Internship,1.91,Tier 3
STU02829,Pankaj Malhotra,27,Female,2022,MERN,61.5,52.7,36.2,57.2,4.4,6.9,2,129,0,1,0,Internship,2.4,Tier 3
STU02830,Khushi Rao,22,Female,2022,QA,57.0,58.7,32.6,49.5,5.1,4.4,2,78,1,0,0,Job,5.49,Tier 3
STU02831,Sanjana Joshi,23,Male,2023,Data Science,58.3,37.2,34.9,35.0,3.4,3.6,0,32,4,0,1,No Job,0.0,Not Placed
STU02832,Vaibhav Kaur,26,Female,2024,QA,81.0,59.9,45.0,51.4,4.5,3.4,1,92,2,0,2,No Job,0.0,Not Placed
STU02833,Akash Gandhi,21,Female,2022,DevOps,60.4,37.6,20.0,26.0,2.7,4.1,2,4,0,0,1,No Job,0.0,Not Placed
STU02834,Lakshmi Trivedi,26,Female,2023,MERN,65.2,56.9,46.8,55.1,5.9,4.4,1,113,2,0,0,Internship,1.85,Tier 2
STU02835,Zara Joshi,19,Male,2022,Data Science,45.2,29.7,23.0,34.5,3.9,4.7,1,24,1,0,1,No Job,0.0,Not Placed
STU02836,Rohit Gupta,26,Male,2022,Cybersecurity,53.0,44.9,31.0,32.5,4.7,3.7,2,103,2,0,0,No Job,0.0,Not Placed
STU02837,Mohit Sharma,26,Male,2023,Figma Designer,41.9,20.0,20.0,19.4,4.1,2.9,1,0,2,0,3,No Job,0.0,Not Placed
STU02838,Swati Agarwal,24,Female,2024,MERN,55.1,38.4,33.7,47.3,2.4,5.9,1,91,0,0,0,No Job,0.0,Not Placed
STU02839,Arjun Gandhi,23,Female,2022,MERN,57.0,41.1,34.1,33.7,4.4,3.8,1,78,1,0,2,No Job,0.0,Not Placed
STU02840,Ashish Kumar,27,Male,2024,DevOps,64.2,57.8,58.8,59.1,4.4,6.1,1,134,0,1,2,No Job,0.0,Not Placed
STU02841,Nikhil Chopra,24,Female,2022,QA,78.2,70.6,68.4,69.8,7.5,4.8,0,146,0,1,0,Job,5.46,Tier 3
STU02842,Zara Mishra,19,Male,2024,Data Science,78.4,62.2,51.5,53.1,5.8,5.5,5,151,1,1,0,Internship,0.99,Tier 3
STU02843,Vinay Khanna,24,Female,2024,Cybersecurity,87.9,78.2,63.8,80.8,6.0,6.5,2,180,0,0,0,Job,7.88,Tier 2
STU02844,Lalit Chopra,19,Male,2023,Cybersecurity,72.8,63.3,70.0,71.0,6.3,5.9,0,112,0,1,0,Job,7.9,Tier 2
STU02845,Anand Mehta,24,Male,2022,MERN,85.3,71.4,85.7,68.1,7.6,7.3,0,99,2,1,0,Job,6.97,Tier 2
STU02846,Vishal Gandhi,21,Male,2023,DevOps,47.6,35.2,30.6,32.5,4.6,4.6,0,24,1,0,1,No Job,0.0,Not Placed
STU02847,Karishma Shukla,24,Female,2023,MERN,58.8,43.2,26.1,37.7,5.2,4.3,2,54,0,0,1,No Job,0.0,Not Placed
STU02848,Yogesh Nair,24,Male,2024,QA,66.7,45.5,46.4,50.1,5.1,4.5,1,109,1,1,0,Internship,1.84,Tier 2
STU02849,Shivam Goyal,19,Male,2023,Cybersecurity,49.2,30.9,31.4,33.0,3.5,3.8,1,51,1,0,0,No Job,0.0,Not Placed
STU02850,Abhinav Iyer,27,Male,2023,DevOps,69.6,58.1,68.3,45.5,3.9,5.8,2,111,2,0,2,No Job,0.0,Not Placed
STU02851,Ashish Pillai,26,Male,2024,MERN,49.4,31.0,28.2,30.5,4.0,3.4,2,75,3,0,2,No Job,0.0,Not Placed
STU02852,Vaibhav Gandhi,20,Female,2024,MERN,52.0,41.3,27.0,34.3,2.7,3.5,2,71,3,0,1,No Job,0.0,Not Placed
STU02853,Surbhi Patel,20,Female,2023,QA,69.4,76.9,54.2,51.4,5.5,4.3,0,82,0,0,0,Internship,1.99,Tier 3
STU02854,Vineeta Pillai,23,Male,2024,DevOps,73.5,75.9,79.5,82.3,8.8,7.0,3,178,1,0,0,No Job,0.0,Not Placed
STU02855,Sakshi Gandhi,20,Male,2023,DevOps,63.5,60.2,45.6,52.6,5.6,6.8,0,67,1,0,0,No Job,0.0,Not Placed
STU02856,Krishna Kapoor,19,Male,2023,DevOps,62.4,59.3,58.9,49.8,4.1,5.9,2,137,2,0,0,Job,6.65,Tier 2
STU02857,Sourabh Kapoor,20,Female,2023,DevOps,63.2,50.3,47.3,54.7,3.4,4.1,0,78,0,0,1,No Job,0.0,Not Placed
STU02858,Yash Gupta,23,Female,2024,MERN,64.1,63.8,45.5,42.3,3.4,6.4,3,112,0,0,0,No Job,0.0,Not Placed
STU02859,Kavya Jain,25,Female,2023,Data Science,69.1,76.2,68.6,76.7,6.2,5.7,2,166,0,1,0,Internship,1.14,Tier 3
STU02860,Arjun Desai,23,Female,2023,Data Science,59.2,56.5,44.0,55.7,4.4,5.7,0,56,2,0,0,Job,6.62,Tier 2
STU02861,Mihir Dixit,19,Female,2023,QA,40.0,20.2,20.0,15.0,2.1,1.9,1,0,0,0,1,No Job,0.0,Not Placed
STU02862,Vikas Rao,25,Female,2023,MERN,54.0,39.4,34.4,41.9,4.7,4.8,2,70,1,0,0,No Job,0.0,Not Placed
STU02863,Mira Khanna,24,Male,2023,Data Science,60.3,57.7,55.6,58.6,5.6,6.3,0,106,1,1,0,Job,7.02,Tier 2
STU02864,Mihir Pillai,25,Female,2024,QA,55.8,43.3,44.6,50.1,4.3,3.7,0,81,4,0,0,No Job,0.0,Not Placed
STU02865,Isha Desai,20,Female,2023,Data Science,56.6,46.1,46.7,46.4,4.2,4.7,1,69,2,1,0,No Job,0.0,Not Placed
STU02866,Mohit Agarwal,23,Male,2022,Cybersecurity,48.3,41.7,36.2,40.2,3.8,5.5,4,98,1,1,1,No Job,0.0,Not Placed
STU02867,Kunal Shah,26,Female,2024,MERN,60.8,55.6,45.3,61.1,6.4,5.1,0,43,0,0,0,No Job,0.0,Not Placed
STU02868,Ritesh Roy,25,Female,2024,Data Science,92.9,78.0,78.9,85.8,6.9,6.7,1,182,1,1,0,Job,9.11,Tier 1
STU02869,Sachin Desai,24,Female,2023,MERN,52.5,55.4,39.7,56.8,3.3,4.8,3,104,0,1,0,Job,6.65,Tier 2
STU02870,Ishaan Ghosh,24,Male,2022,Data Science,92.1,95.6,100.0,94.9,7.4,6.9,1,174,0,1,0,Job,9.23,Tier 1
STU02871,Ankita Reddy,19,Female,2024,QA,61.7,62.4,65.6,51.2,7.0,5.3,0,84,1,0,3,No Job,0.0,Not Placed
STU02872,Vinay Garg,19,Male,2024,DevOps,61.3,57.8,39.3,40.8,4.1,5.8,2,81,4,0,0,No Job,0.0,Not Placed
STU02873,Neha Chopra,25,Female,2022,Data Science,89.4,84.9,72.9,57.6,6.0,5.7,4,146,1,1,2,Job,8.43,Tier 1
STU02874,Rajni Mishra,21,Female,2022,MERN,44.2,20.0,20.0,15.0,1.0,4.0,1,17,0,0,3,No Job,0.0,Not Placed
STU02875,Pankaj Dutta,24,Female,2023,DevOps,63.7,50.9,44.2,38.0,5.5,6.1,3,120,1,0,0,Job,7.09,Tier 2
STU02876,Prachi Varma,23,Male,2023,Data Science,69.2,66.6,59.9,45.4,6.5,6.2,0,82,1,1,0,No Job,0.0,Not Placed
STU02877,Vanshika Trivedi,21,Female,2022,MERN,75.6,74.9,57.2,62.1,5.5,5.2,2,144,0,0,0,Internship,1.52,Tier 3
STU02878,Pankaj Dubey,24,Male,2023,DevOps,73.7,65.2,55.7,70.3,6.4,6.1,0,96,1,0,0,Job,7.31,Tier 2
STU02879,Vaibhav Varma,21,Female,2023,QA,73.8,72.6,70.3,67.7,3.2,6.0,2,76,0,1,3,Internship,0.98,Tier 3
STU02880,Suresh Gupta,26,Female,2024,MERN,65.2,68.9,59.2,64.3,6.8,5.0,1,161,0,0,1,Job,6.08,Tier 2
STU02881,Swati Rastogi,25,Male,2023,Cybersecurity,74.2,73.3,66.0,65.8,6.0,6.0,0,125,3,0,0,Job,8.66,Tier 1
STU02882,Sonam Kapoor,27,Male,2023,QA,48.6,32.2,42.7,40.0,3.7,4.2,1,102,1,0,1,No Job,0.0,Not Placed
STU02883,Sanjana Srivastava,23,Female,2024,Data Science,73.2,65.2,65.9,73.4,6.0,8.0,2,136,0,1,0,Job,8.33,Tier 1
STU02884,Deepak Chauhan,19,Male,2022,QA,71.1,63.8,52.1,48.4,6.4,3.7,3,120,2,0,1,Job,5.03,Tier 3
STU02885,Sanjay Singh,26,Female,2022,QA,81.8,76.3,66.7,72.0,6.6,7.0,3,161,0,1,0,No Job,0.0,Not Placed
STU02886,Kajal Yadav,20,Male,2024,MERN,64.0,56.3,47.3,49.3,5.3,5.2,4,150,4,1,1,No Job,0.0,Not Placed
STU02887,Pooja Chopra,24,Male,2022,Figma Designer,60.6,59.3,49.3,47.2,5.3,6.1,3,122,4,0,0,Job,5.19,Tier 3
STU02888,Varun Shah,19,Female,2024,MERN,85.9,82.5,65.5,69.1,5.6,6.8,1,164,2,1,0,Job,7.49,Tier 2
STU02889,Anjali Kumar,24,Female,2022,MERN,76.3,72.9,88.3,65.7,5.5,7.7,3,191,4,0,0,Job,7.8,Tier 2
STU02890,Maya Kapoor,22,Female,2022,QA,59.7,50.9,40.2,57.4,5.7,4.9,2,110,1,0,0,No Job,0.0,Not Placed
STU02891,Pranav Srivastava,23,Female,2024,DevOps,68.2,52.8,47.1,57.1,4.9,4.1,2,120,1,0,1,No Job,0.0,Not Placed
STU02892,Saloni Sinha,25,Male,2023,MERN,40.0,20.0,20.0,23.5,1.8,5.0,0,0,3,0,1,No Job,0.0,Not Placed
STU02893,Gaurav Gupta,24,Female,2024,Data Science,44.2,38.7,29.3,32.1,4.9,4.1,0,33,1,0,1,No Job,0.0,Not Placed
STU02894,Amar Jain,19,Male,2022,QA,41.2,22.2,20.0,15.9,3.9,2.4,0,59,2,0,0,No Job,0.0,Not Placed
STU02895,Nandini Singh,27,Male,2022,QA,59.8,53.8,50.2,36.5,4.1,5.1,0,31,0,0,0,Internship,2.04,Tier 3
STU02896,Gaurav Arora,24,Male,2024,DevOps,51.5,37.9,31.8,50.5,4.7,4.4,1,94,1,0,0,Job,6.55,Tier 2
STU02897,Karan Shukla,24,Male,2023,Figma Designer,47.8,30.5,23.0,33.2,4.7,5.1,0,25,1,0,0,No Job,0.0,Not Placed
STU02898,Priya Kaur,27,Male,2023,MERN,45.9,41.3,28.2,26.0,3.1,4.1,0,23,0,0,2,No Job,0.0,Not Placed
STU02899,Shreya Varma,23,Male,2022,Data Science,69.1,66.1,62.6,64.4,5.3,6.9,2,144,1,0,0,Job,7.65,Tier 2
STU02900,Kabir Gandhi,24,Female,2023,Cybersecurity,46.3,25.0,21.5,21.0,3.1,3.2,1,11,1,0,0,No Job,0.0,Not Placed
STU02901,Mihir Rastogi,24,Male,2024,QA,59.1,38.9,25.7,28.5,4.4,3.0,0,36,1,0,2,No Job,0.0,Not Placed
STU02902,Sahil Tiwari,25,Male,2024,MERN,58.1,56.2,44.2,63.1,5.4,5.8,2,92,0,1,2,Job,6.32,Tier 2
STU02903,Tushar Jain,27,Female,2023,Data Science,73.6,80.3,68.8,69.3,6.5,5.1,0,132,2,0,0,No Job,0.0,Not Placed
STU02904,Nikhil Shah,23,Male,2023,QA,51.7,40.9,35.4,41.5,3.5,4.4,1,30,4,1,0,Internship,1.44,Tier 2
STU02905,Vineeta Srivastava,23,Male,2023,Figma Designer,78.8,75.9,76.6,72.9,5.4,7.2,2,159,2,0,0,No Job,0.0,Not Placed
STU02906,Nandini Nair,22,Male,2023,Cybersecurity,40.0,20.0,20.0,30.5,2.2,1.9,1,20,0,0,2,No Job,0.0,Not Placed
STU02907,Aarav Trivedi,22,Male,2024,MERN,67.1,54.4,44.8,50.4,4.4,5.8,1,133,2,0,0,Job,5.39,Tier 3
STU02908,Sakshi Srivastava,26,Male,2022,Figma Designer,75.5,43.0,35.0,44.8,5.0,5.8,0,127,3,0,0,Internship,2.02,Tier 3
STU02909,Swati Dutta,20,Male,2022,Figma Designer,56.3,34.0,20.0,30.1,2.2,3.7,0,4,1,0,2,No Job,0.0,Not Placed
STU02910,Rajni Kumar,26,Female,2024,DevOps,58.5,30.3,20.0,37.1,2.9,5.2,2,66,1,0,0,No Job,0.0,Not Placed
STU02911,Sachin Batra,20,Male,2022,QA,58.4,47.3,42.0,52.8,4.8,5.9,2,144,0,0,0,No Job,0.0,Not Placed
STU02912,Karan Verma,19,Male,2022,QA,55.9,48.6,43.9,46.4,4.1,6.4,0,95,1,0,2,No Job,0.0,Not Placed
STU02913,Farhan Desai,27,Female,2023,Figma Designer,64.8,43.5,37.5,42.0,3.2,3.7,4,66,0,1,0,No Job,0.0,Not Placed
STU02914,Vishal Goyal,26,Male,2024,QA,63.8,44.7,42.0,55.0,4.7,5.0,1,51,1,0,0,Internship,0.89,Tier 3
STU02915,Nandini Dutta,24,Male,2023,Cybersecurity,62.6,54.4,43.9,56.8,4.8,5.6,4,121,1,0,0,Internship,1.09,Tier 3
STU02916,Harsha Kumar,22,Female,2023,Cybersecurity,84.5,81.4,81.8,76.3,7.0,6.6,1,159,0,1,0,Job,7.37,Tier 2
STU02917,Anushka Yadav,20,Female,2024,DevOps,67.3,65.3,64.2,70.5,6.4,7.5,2,151,3,1,0,No Job,0.0,Not Placed
STU02918,Dev Roy,26,Female,2024,Cybersecurity,63.2,60.5,53.0,45.8,6.1,4.9,0,86,2,0,0,No Job,0.0,Not Placed
STU02919,Prateek Kumar,21,Male,2024,QA,88.8,76.9,85.4,83.7,8.4,7.2,4,204,2,1,0,No Job,0.0,Not Placed
STU02920,Vidya Desai,22,Female,2022,Figma Designer,73.3,60.3,52.1,63.7,6.1,7.1,0,95,1,1,0,Internship,1.8,Tier 3
STU02921,Divya Joshi,23,Male,2022,DevOps,74.1,80.9,73.4,65.4,6.1,6.9,5,209,2,1,0,Job,7.51,Tier 2
STU02922,Pooja Srivastava,22,Male,2023,DevOps,73.2,91.5,87.8,73.8,7.6,7.1,1,216,1,1,1,Job,8.22,Tier 1
STU02923,Anish Jain,26,Male,2022,DevOps,68.8,55.0,46.9,44.6,3.5,5.4,0,110,1,0,0,Job,6.72,Tier 2
STU02924,Prateek Kumar,27,Female,2022,Cybersecurity,49.6,47.7,33.2,38.5,3.5,2.3,1,58,0,0,1,No Job,0.0,Not Placed
STU02925,Akshay Bansal,19,Male,2022,Cybersecurity,52.4,28.6,20.0,16.7,2.1,3.3,3,79,1,0,1,No Job,0.0,Not Placed
STU02926,Nikhil Mishra,20,Female,2023,Data Science,75.4,63.8,66.9,67.7,5.2,6.2,1,156,0,0,0,Internship,2.19,Tier 2
STU02927,Sachin Ghosh,22,Female,2023,DevOps,63.7,48.8,41.5,46.3,3.4,4.6,0,64,1,0,1,No Job,0.0,Not Placed
STU02928,Jyoti Dutta,19,Male,2024,Data Science,88.1,91.3,91.2,98.7,9.6,7.7,4,290,4,1,0,No Job,0.0,Not Placed
STU02929,Varun Verma,24,Female,2022,Data Science,40.0,31.4,26.2,34.2,5.9,4.6,1,77,2,1,1,No Job,0.0,Not Placed
STU02930,Divya Roy,23,Male,2023,QA,65.4,38.0,20.0,36.8,4.5,4.6,0,13,1,0,1,No Job,0.0,Not Placed
STU02931,Sara Rao,25,Male,2022,MERN,78.8,62.7,35.1,59.4,4.3,6.2,4,202,1,1,0,Job,5.77,Tier 2
STU02932,Meena Joshi,24,Male,2023,MERN,66.8,62.3,67.0,73.2,5.8,6.0,2,167,1,0,0,Job,6.66,Tier 2
STU02933,Ankita Khanna,21,Female,2023,Data Science,78.0,83.5,88.9,65.7,6.6,6.2,1,146,1,1,0,Job,8.24,Tier 1
STU02934,Akash Khanna,23,Male,2023,Data Science,62.8,59.0,44.6,47.7,3.8,4.3,1,61,0,0,1,No Job,0.0,Not Placed
STU02935,Manisha Agarwal,21,Female,2024,QA,75.4,79.3,68.7,61.1,6.2,6.7,2,141,1,1,0,Internship,1.53,Tier 3
STU02936,Shivam Arora,27,Female,2024,DevOps,59.4,41.2,41.8,50.1,4.2,3.2,1,121,1,0,2,No Job,0.0,Not Placed
STU02937,Harsh Bansal,20,Female,2023,Figma Designer,65.4,75.5,83.9,65.7,4.9,6.8,2,121,3,0,0,Job,5.6,Tier 2
STU02938,Ayush Malhotra,24,Male,2024,MERN,60.0,57.9,40.9,55.8,5.4,4.6,0,60,0,1,0,Job,6.09,Tier 2
STU02939,Sandeep Kaur,27,Male,2023,MERN,87.1,87.0,76.6,83.8,7.5,7.5,0,170,1,0,0,Internship,1.44,Tier 2
STU02940,Sanjana Reddy,25,Male,2024,MERN,87.8,99.4,99.2,93.0,9.2,8.5,1,178,0,1,0,Internship,0.81,Tier 3
STU02941,Karan Ghosh,23,Female,2023,Cybersecurity,50.2,29.3,30.1,25.1,2.5,2.9,3,60,2,1,2,No Job,0.0,Not Placed
STU02942,Vineeta Ghosh,20,Female,2023,DevOps,73.8,78.9,77.7,74.3,5.2,6.9,3,120,2,0,1,Internship,2.41,Tier 3
STU02943,Lalit Malhotra,20,Female,2024,Figma Designer,68.6,33.7,31.0,29.9,3.6,4.1,1,90,1,0,2,No Job,0.0,Not Placed
STU02944,Ayush Kumar,22,Female,2022,Cybersecurity,73.2,70.4,68.3,73.7,5.9,4.8,1,133,1,0,0,Job,8.38,Tier 1
STU02945,Akshay Chauhan,20,Male,2023,DevOps,84.5,90.7,73.3,74.1,7.6,8.2,2,203,2,1,0,Internship,2.33,Tier 3
STU02946,Yogesh Varma,26,Female,2024,QA,70.2,42.8,46.2,34.2,4.2,3.4,1,46,0,0,2,No Job,0.0,Not Placed
STU02947,Yash Verma,25,Male,2024,Figma Designer,56.9,34.6,40.5,31.8,4.1,5.1,2,20,0,1,1,No Job,0.0,Not Placed
STU02948,Manish Khanna,25,Male,2022,MERN,62.9,44.6,36.4,54.2,3.0,3.7,1,72,2,1,0,Job,6.11,Tier 2
STU02949,Priya Mishra,21,Female,2023,MERN,84.1,75.5,82.2,71.2,6.2,5.0,1,92,0,0,1,Job,7.41,Tier 2
STU02950,Ashu Kapoor,25,Female,2024,Cybersecurity,78.1,59.9,60.3,72.9,3.9,4.6,0,66,2,0,0,No Job,0.0,Not Placed
STU02951,Sneha Shah,26,Male,2024,DevOps,62.4,60.5,36.3,60.6,5.7,4.0,5,132,0,1,0,No Job,0.0,Not Placed
STU02952,Sanjay Srivastava,23,Male,2023,Figma Designer,64.2,56.1,48.0,58.1,5.1,5.1,0,100,4,1,0,Job,5.35,Tier 3
STU02953,Deepak Bansal,19,Male,2024,DevOps,61.2,51.9,50.5,50.7,4.6,5.6,0,69,0,1,0,No Job,0.0,Not Placed
STU02954,Kavya Dixit,19,Female,2024,Data Science,69.8,63.6,63.7,59.9,3.8,7.2,3,161,2,1,0,No Job,0.0,Not Placed
STU02955,Shivam Chopra,22,Male,2022,Figma Designer,68.4,58.5,60.8,38.4,4.9,7.0,3,135,0,0,0,No Job,0.0,Not Placed
STU02956,Ritesh Bhatt,20,Female,2024,QA,68.4,53.4,57.4,44.8,5.3,5.7,0,61,1,1,0,Internship,0.95,Tier 3
STU02957,Vinay Shukla,25,Male,2023,Data Science,91.6,82.5,75.4,82.0,6.9,6.7,3,230,3,0,0,Job,7.78,Tier 2
STU02958,Nandini Yadav,21,Male,2023,Figma Designer,57.7,35.3,20.0,36.4,3.6,3.8,3,95,1,0,3,No Job,0.0,Not Placed
STU02959,Uma Patel,22,Male,2023,MERN,78.0,77.1,75.4,70.1,6.8,4.2,1,99,1,1,0,Job,6.95,Tier 2
STU02960,Rahul Desai,27,Male,2023,MERN,49.4,36.6,31.7,28.3,4.8,4.4,0,57,0,0,0,No Job,0.0,Not Placed
STU02961,Nikita Arora,20,Female,2024,Figma Designer,59.5,48.0,41.5,62.3,5.1,5.3,0,56,0,0,0,No Job,0.0,Not Placed
STU02962,Prachi Srivastava,26,Female,2023,DevOps,65.7,44.9,53.2,51.2,4.9,4.2,1,69,0,0,0,Job,6.37,Tier 2
STU02963,Nitin Pillai,19,Male,2024,Data Science,64.7,48.6,54.1,52.6,3.9,3.5,2,94,1,0,2,No Job,0.0,Not Placed
STU02964,Anjali Nair,21,Male,2024,MERN,61.1,45.9,33.4,41.0,3.1,3.8,0,25,0,0,2,No Job,0.0,Not Placed
STU02965,Vikas Dutta,22,Female,2024,Cybersecurity,64.5,56.0,38.0,48.4,4.4,5.6,0,63,0,0,2,No Job,0.0,Not Placed
STU02966,Karishma Mehta,24,Male,2023,Data Science,64.5,55.0,53.9,55.6,5.6,4.6,0,86,1,1,0,Job,8.43,Tier 1
STU02967,Rohit Chopra,19,Male,2022,Cybersecurity,74.9,62.3,47.8,59.0,4.1,4.1,1,60,0,0,0,Job,6.91,Tier 2
STU02968,Parth Nair,26,Male,2023,Cybersecurity,78.1,77.1,75.9,71.2,6.6,6.1,3,184,2,1,0,Job,7.83,Tier 2
STU02969,Sourabh Desai,20,Female,2024,MERN,69.4,58.5,41.4,58.7,5.7,5.5,0,57,4,0,0,Job,6.5,Tier 2
STU02970,Vaibhav Rao,23,Male,2022,Cybersecurity,61.7,52.1,58.0,52.5,5.9,4.6,3,101,3,0,0,No Job,0.0,Not Placed
STU02971,Nikhil Kapoor,24,Male,2024,Figma Designer,62.2,50.3,47.4,56.7,4.8,6.8,3,116,4,0,0,Job,5.14,Tier 3
STU02972,Nandini Roy,26,Female,2024,DevOps,55.5,43.5,55.5,48.3,4.3,4.7,0,50,1,1,0,Job,6.1,Tier 2
STU02973,Harsha Malhotra,21,Female,2024,MERN,62.1,62.7,58.0,53.4,5.7,5.2,5,155,0,1,0,Job,6.19,Tier 2
STU02974,Riya Agarwal,27,Male,2023,MERN,57.0,29.7,31.0,37.5,4.3,4.7,1,53,2,1,1,Job,5.14,Tier 3
STU02975,Naman Kaur,23,Male,2023,Cybersecurity,61.2,45.9,27.0,45.0,2.0,4.9,1,0,0,0,3,No Job,0.0,Not Placed
STU02976,Kavya Shukla,26,Male,2024,QA,65.9,53.1,43.8,55.2,6.5,5.7,2,112,1,0,0,No Job,0.0,Not Placed
STU02977,Vishal Agarwal,22,Male,2023,MERN,58.2,53.0,55.8,63.4,4.9,3.9,3,127,2,0,0,Job,5.54,Tier 2
STU02978,Prachi Trivedi,27,Male,2024,MERN,71.6,65.6,55.4,63.6,4.8,5.8,2,116,3,0,0,Job,6.92,Tier 2
STU02979,Mohit Trivedi,26,Female,2023,MERN,56.1,24.2,33.3,29.0,2.8,5.2,2,80,1,0,3,No Job,0.0,Not Placed
STU02980,Ayush Ghosh,23,Female,2024,DevOps,75.7,64.0,49.8,45.6,6.1,6.3,1,104,0,0,0,Job,6.69,Tier 2
STU02981,Sahil Kaur,21,Female,2024,MERN,68.8,74.5,67.3,71.2,5.2,7.2,1,129,2,1,0,Job,6.68,Tier 2
STU02982,Karan Shah,19,Male,2022,QA,61.6,47.8,58.6,50.9,5.6,7.4,0,86,0,1,0,Internship,1.57,Tier 3
STU02983,Vinay Goyal,23,Female,2022,MERN,68.3,45.1,47.0,46.1,4.7,4.6,1,71,4,0,1,No Job,0.0,Not Placed
STU02984,Anand Gupta,23,Male,2024,Cybersecurity,71.8,61.4,48.1,64.6,4.5,5.0,2,76,1,1,0,Job,6.36,Tier 2
STU02985,Ashish Mehta,22,Male,2022,DevOps,71.8,68.7,74.5,72.4,6.4,6.2,0,146,2,1,0,No Job,0.0,Not Placed
STU02986,Ankit Gupta,26,Female,2023,DevOps,56.8,40.7,27.1,31.0,4.0,3.1,1,50,2,0,0,No Job,0.0,Not Placed
STU02987,Karan Gupta,21,Female,2023,Data Science,65.7,84.6,68.6,65.8,4.5,5.9,1,130,1,0,2,No Job,0.0,Not Placed
STU02988,Yash Garg,27,Male,2022,Cybersecurity,48.3,23.4,20.0,17.7,2.9,2.5,0,0,1,0,1,No Job,0.0,Not Placed
STU02989,Lakshmi Chauhan,21,Male,2022,Data Science,52.9,45.4,31.7,33.2,4.1,3.7,4,88,3,0,0,No Job,0.0,Not Placed
STU02990,Jyoti Garg,22,Male,2024,Data Science,53.2,37.9,53.5,44.6,3.8,5.0,0,56,0,1,1,No Job,0.0,Not Placed
STU02991,Vishal Chopra,24,Female,2023,DevOps,84.1,83.6,75.7,75.3,5.8,6.2,0,122,0,1,0,Internship,0.94,Tier 2
STU02992,Palak Ghosh,27,Female,2023,Cybersecurity,85.2,68.0,76.3,78.2,6.9,7.0,3,225,0,1,0,Job,9.17,Tier 1
STU02993,Mohit Mishra,20,Male,2024,Data Science,80.5,74.3,85.3,58.2,6.0,5.4,3,167,2,1,1,Job,8.16,Tier 1
STU02994,Ankit Rao,20,Male,2022,Data Science,67.2,67.5,51.8,69.7,6.9,6.1,1,96,1,1,2,Job,7.36,Tier 2
STU02995,Jyoti Chauhan,20,Male,2022,QA,75.1,56.8,59.0,65.1,5.2,5.7,5,150,2,1,0,Job,5.98,Tier 2
STU02996,Rahul Kaur,23,Male,2024,QA,60.9,25.0,20.0,25.0,2.5,5.2,4,81,1,0,2,No Job,0.0,Not Placed
STU02997,Nikhil Khanna,24,Female,2024,MERN,75.9,61.2,63.6,68.2,6.1,4.1,0,122,3,0,0,Job,6.71,Tier 2
STU02998,Shivam Roy,21,Female,2023,Cybersecurity,68.0,51.2,29.9,43.2,4.7,3.6,1,48,1,0,2,No Job,0.0,Not Placed
STU02999,Divya Bhatt,21,Male,2024,DevOps,56.4,38.9,25.6,31.0,3.8,4.9,0,70,0,1,0,No Job,0.0,Not Placed
STU03000,Shreya Joshi,20,Male,2024,Cybersecurity,74.7,69.0,51.8,60.2,4.6,4.4,1,82,3,1,0,Internship,0.99,Tier 3
STU03001,Amar Chauhan,24,Male,2022,QA,59.3,42.3,31.8,30.4,3.6,5.1,0,8,0,0,3,No Job,0.0,Not Placed
STU03002,Nikita Iyer,19,Male,2022,Data Science,78.4,65.1,73.9,65.6,7.1,7.3,0,174,3,0,0,Internship,1.99,Tier 3
STU03003,Akash Gupta,27,Male,2024,QA,73.2,56.0,40.7,56.0,5.6,6.7,3,124,0,1,0,No Job,0.0,Not Placed
STU03004,Anushka Garg,22,Male,2023,DevOps,48.8,31.5,23.5,24.5,2.2,5.1,3,62,0,0,1,No Job,0.0,Not Placed
STU03005,Ankit Chawla,20,Male,2022,DevOps,85.3,84.3,77.0,81.3,7.4,7.4,3,176,2,0,0,Internship,2.43,Tier 2
STU03006,Kunal Ghosh,24,Male,2024,Cybersecurity,56.1,49.7,40.1,41.0,4.3,5.1,0,53,1,1,0,Job,6.54,Tier 2
STU03007,Asha Varma,23,Female,2023,Figma Designer,55.8,49.0,57.0,56.9,3.5,4.0,1,108,0,0,2,No Job,0.0,Not Placed
STU03008,Vishal Verma,21,Male,2023,Data Science,63.0,58.5,48.0,46.1,5.6,6.2,2,81,4,0,1,Job,6.81,Tier 2
STU03009,Jyoti Gupta,21,Female,2022,Data Science,40.0,20.0,20.0,25.5,1.0,1.7,2,0,2,0,0,No Job,0.0,Not Placed
STU03010,Jyoti Jain,23,Female,2023,Data Science,70.9,63.8,74.2,74.2,5.3,6.3,1,120,1,1,0,Internship,2.26,Tier 2
STU03011,Avni Sharma,22,Female,2023,Figma Designer,69.9,54.6,50.8,50.8,6.0,4.9,0,11,1,0,0,Internship,2.47,Tier 3
STU03012,Jyoti Rastogi,23,Male,2022,Cybersecurity,75.9,61.4,54.1,48.9,3.9,4.9,2,105,3,1,0,No Job,0.0,Not Placed
STU03013,Manisha Verma,20,Female,2023,Cybersecurity,69.9,65.6,68.3,66.3,5.2,6.9,3,148,0,0,0,Job,6.67,Tier 2
STU03014,Vanshika Kumar,19,Male,2023,Data Science,68.3,56.1,42.5,56.2,3.8,5.7,0,62,3,0,1,Job,6.34,Tier 2
STU03015,Palak Gupta,23,Female,2024,QA,50.0,37.8,26.2,38.9,3.5,4.5,1,85,0,0,0,No Job,0.0,Not Placed
STU03016,Rajesh Varma,19,Female,2024,QA,54.5,43.2,26.8,34.2,3.2,4.3,1,60,0,0,0,No Job,0.0,Not Placed
STU03017,Meena Agarwal,21,Male,2022,Cybersecurity,73.4,73.1,77.6,77.0,5.1,4.5,2,156,1,1,3,Internship,2.24,Tier 3
STU03018,Tarun Rastogi,26,Male,2024,MERN,69.9,55.1,53.8,53.9,5.4,5.1,4,186,0,0,0,Internship,2.32,Tier 3
STU03019,Kabir Gandhi,26,Female,2024,Data Science,74.6,68.9,69.6,62.7,6.8,7.4,1,152,1,1,0,Internship,2.14,Tier 3
STU03020,Rajan Garg,27,Female,2024,DevOps,64.8,77.5,84.1,87.3,5.6,5.9,1,119,1,1,0,Internship,2.5,Tier 3
STU03021,Kajal Ghosh,19,Female,2023,Cybersecurity,81.1,69.1,57.9,70.6,6.4,5.6,0,93,1,1,0,Job,7.47,Tier 2
STU03022,Vishal Batra,22,Female,2022,Data Science,78.2,79.8,74.4,76.1,8.8,7.2,0,97,1,1,0,Job,8.65,Tier 1
STU03023,Kavya Goyal,24,Female,2024,Cybersecurity,44.1,33.6,22.9,34.4,4.1,4.5,0,78,2,0,2,No Job,0.0,Not Placed
STU03024,Sneha Goyal,25,Female,2022,MERN,79.5,70.0,53.2,62.9,5.7,6.9,3,206,4,1,1,Internship,1.94,Tier 3
STU03025,Pankaj Batra,23,Male,2022,QA,69.2,53.5,51.3,40.7,4.4,3.9,1,86,0,0,3,No Job,0.0,Not Placed
STU03026,Lakshmi Mehta,25,Male,2023,DevOps,47.6,38.8,41.9,36.4,3.7,4.3,0,28,1,0,0,No Job,0.0,Not Placed
STU03027,Gaurav Rastogi,26,Female,2024,Data Science,61.1,68.5,57.8,65.0,5.5,6.0,1,150,1,0,0,No Job,0.0,Not Placed
STU03028,Vinay Arora,24,Male,2022,DevOps,79.4,63.8,60.0,49.4,4.3,5.9,1,150,1,0,2,No Job,0.0,Not Placed
STU03029,Harsha Bansal,22,Female,2023,MERN,68.4,53.1,41.8,38.6,4.9,6.1,5,119,2,1,2,No Job,0.0,Not Placed
STU03030,Anand Kumar,19,Male,2023,Data Science,68.4,60.9,64.5,47.9,4.5,5.3,1,95,3,0,0,Job,7.29,Tier 2
STU03031,Arjun Varma,23,Female,2024,QA,69.4,69.2,60.0,53.5,4.9,6.5,0,112,3,0,0,Internship,1.51,Tier 3
STU03032,Harsha Desai,22,Male,2023,Data Science,54.1,41.4,48.9,35.4,3.0,4.5,2,76,0,1,0,No Job,0.0,Not Placed
STU03033,Vaibhav Yadav,23,Male,2022,MERN,76.7,71.7,66.7,76.2,4.9,6.0,3,145,1,0,0,Job,6.85,Tier 2
STU03034,Pranav Chopra,22,Male,2022,Data Science,52.1,38.8,29.2,45.2,5.4,4.6,1,77,1,0,3,No Job,0.0,Not Placed
STU03035,Rajesh Verma,27,Male,2023,Data Science,65.3,64.5,60.5,55.0,4.9,4.8,2,159,1,0,0,Job,7.35,Tier 2
STU03036,Vaibhav Trivedi,21,Female,2022,MERN,57.6,37.1,41.2,37.2,3.1,3.5,0,58,3,0,3,No Job,0.0,Not Placed
STU03037,Neha Goyal,21,Male,2022,Data Science,84.4,78.5,76.9,65.8,7.5,6.4,1,166,0,0,0,No Job,0.0,Not Placed
STU03038,Tarun Pillai,25,Female,2023,Cybersecurity,80.9,71.2,63.2,78.1,6.6,5.9,3,195,2,1,3,No Job,0.0,Not Placed
STU03039,Renu Singh,20,Male,2023,Data Science,74.2,79.8,88.6,80.2,6.9,7.2,0,148,1,1,0,Job,8.7,Tier 1
STU03040,Ashu Bhatt,27,Male,2024,Cybersecurity,52.7,34.3,29.0,21.3,3.0,2.7,0,32,3,0,0,No Job,0.0,Not Placed
STU03041,Sonam Sinha,26,Male,2022,Data Science,69.6,56.9,51.4,75.5,7.1,6.8,2,150,0,0,0,Job,7.74,Tier 2
STU03042,Nitin Roy,24,Male,2023,Data Science,64.7,53.8,48.8,49.3,5.4,5.1,1,105,1,0,0,No Job,0.0,Not Placed
STU03043,Krishna Yadav,27,Male,2023,MERN,42.7,24.1,26.2,40.8,2.7,2.6,2,35,0,0,1,No Job,0.0,Not Placed
STU03044,Deepak Bhatt,21,Male,2022,Figma Designer,69.5,56.3,55.0,60.0,6.4,5.0,0,77,1,1,0,Job,4.25,Tier 3
STU03045,Sourabh Chauhan,22,Female,2023,Cybersecurity,82.0,76.1,55.8,66.7,5.3,7.2,3,138,2,0,1,Job,6.5,Tier 2
STU03046,Nandini Verma,25,Female,2022,QA,77.5,82.1,90.7,69.0,6.7,6.6,2,182,0,1,0,Internship,2.34,Tier 2
STU03047,Akash Patel,19,Female,2024,Data Science,61.1,54.9,47.0,47.2,3.4,6.5,0,73,2,0,0,No Job,0.0,Not Placed
STU03048,Deepak Chauhan,19,Female,2023,QA,77.3,67.9,61.6,50.2,4.4,5.3,0,98,2,0,0,Job,6.0,Tier 2
STU03049,Ishaan Trivedi,19,Male,2023,Data Science,66.6,57.6,62.5,53.8,5.5,6.9,5,116,0,0,0,Internship,1.59,Tier 3
STU03050,Ashu Ghosh,26,Male,2022,Data Science,58.9,44.4,50.4,48.0,1.8,6.2,1,93,2,0,0,Job,7.09,Tier 2
STU03051,Kavya Rastogi,24,Male,2022,Cybersecurity,65.1,53.2,54.2,59.7,3.8,5.2,0,81,3,0,0,No Job,0.0,Not Placed
STU03052,Ravi Shukla,21,Male,2023,MERN,76.9,66.3,51.4,59.4,5.8,4.8,0,129,0,1,0,Job,6.5,Tier 2
STU03053,Renu Joshi,25,Female,2023,Figma Designer,56.4,57.5,54.1,66.7,5.9,4.3,0,80,0,0,0,Job,5.1,Tier 3
STU03054,Amar Bansal,24,Female,2022,Data Science,68.9,65.6,48.6,41.8,5.3,4.7,1,95,1,0,0,No Job,0.0,Not Placed
STU03055,Vidya Dubey,23,Female,2022,Figma Designer,58.7,52.6,44.9,40.0,5.5,5.0,3,58,0,0,1,No Job,0.0,Not Placed
STU03056,Krishna Gupta,21,Female,2023,Cybersecurity,46.0,24.9,20.0,27.7,3.1,2.9,0,20,2,0,1,No Job,0.0,Not Placed
STU03057,Surbhi Batra,22,Male,2023,DevOps,65.1,66.6,72.6,49.5,8.0,4.6,1,134,0,0,2,Internship,1.49,Tier 3
STU03058,Parth Batra,19,Male,2022,Data Science,55.9,43.8,46.8,34.7,2.9,4.7,2,106,0,0,1,Job,5.14,Tier 3
STU03059,Sahil Tiwari,27,Male,2023,MERN,73.7,69.7,70.5,73.2,5.8,5.6,2,182,1,1,0,Job,6.96,Tier 2
STU03060,Saloni Bhatt,23,Other,2023,Figma Designer,70.4,71.7,60.4,77.4,7.2,5.8,0,122,2,0,0,Internship,1.32,Tier 3
STU03061,Ishaan Kaur,20,Female,2023,MERN,91.8,93.7,98.5,83.2,8.0,7.0,0,217,2,1,0,Job,8.92,Tier 1
STU03062,Rajan Shah,27,Female,2023,Cybersecurity,70.3,73.5,63.7,58.7,4.8,5.7,0,103,1,1,0,Internship,2.5,Tier 2
STU03063,Bhavna Agarwal,25,Male,2023,Figma Designer,76.5,68.3,48.5,65.7,5.9,6.3,0,109,1,0,0,Internship,1.17,Tier 2
STU03064,Sandeep Kaur,26,Male,2022,MERN,75.4,71.5,63.7,51.6,5.2,7.1,4,164,2,0,0,Internship,1.3,Tier 3
STU03065,Yash Dubey,21,Male,2022,DevOps,63.8,63.9,62.2,56.3,4.9,4.3,2,99,1,0,1,Job,6.87,Tier 2
STU03066,Rohit Trivedi,25,Female,2023,Cybersecurity,74.9,77.7,57.6,70.1,8.1,5.9,1,137,2,0,0,Job,8.58,Tier 1
STU03067,Aditya Desai,19,Male,2023,Data Science,59.7,60.1,51.1,65.0,5.8,5.7,3,132,3,0,0,No Job,0.0,Not Placed
STU03068,Nitin Dutta,24,Male,2023,Data Science,60.9,57.8,59.7,62.7,6.2,5.8,1,131,0,0,0,Internship,1.25,Tier 3
STU03069,Sara Garg,24,Male,2024,DevOps,66.2,59.9,51.9,52.4,5.4,4.2,1,91,0,0,1,No Job,0.0,Not Placed
STU03070,Swati Iyer,24,Female,2024,MERN,52.9,46.2,28.2,40.3,2.4,4.8,0,0,1,0,0,No Job,0.0,Not Placed
STU03071,Yogesh Tiwari,21,Male,2022,Cybersecurity,68.8,61.1,62.9,63.6,5.0,6.0,2,118,3,0,3,Internship,1.09,Tier 3
STU03072,Ravi Khanna,24,Female,2024,Data Science,42.3,20.0,20.0,15.0,2.2,4.0,2,42,3,0,0,No Job,0.0,Not Placed
STU03073,Renu Jain,21,Male,2023,Figma Designer,68.5,60.5,57.2,64.7,6.5,5.9,3,149,0,1,2,Job,5.15,Tier 3
STU03074,Manish Bhatt,27,Male,2022,Data Science,83.3,88.3,79.1,80.0,7.2,5.8,1,165,1,1,0,Job,7.72,Tier 2
STU03075,Manish Khanna,25,Male,2024,Cybersecurity,70.0,57.7,76.5,57.0,5.3,5.3,0,159,2,1,0,Internship,1.61,Tier 2
STU03076,Harsh Malhotra,22,Female,2024,DevOps,49.3,39.9,34.1,40.2,3.3,3.1,1,32,3,0,0,No Job,0.0,Not Placed
STU03077,Gaurav Roy,21,Female,2024,Data Science,89.6,86.3,76.2,92.1,7.2,8.0,5,193,0,1,1,Job,8.32,Tier 1
STU03078,Vinay Malhotra,24,Male,2022,Data Science,85.3,81.6,82.0,81.4,5.9,6.9,0,153,1,0,0,Job,9.14,Tier 1
STU03079,Renu Garg,27,Male,2022,QA,66.0,57.4,58.9,58.6,5.4,4.2,0,88,1,0,2,No Job,0.0,Not Placed
STU03080,Vidya Pillai,21,Female,2023,Figma Designer,81.1,78.8,77.8,72.5,8.2,7.9,0,153,0,0,0,Job,5.97,Tier 2
STU03081,Khushi Malhotra,26,Female,2023,MERN,81.2,85.4,83.5,78.1,7.0,6.3,3,190,3,1,0,Internship,2.24,Tier 2
STU03082,Rohan Shah,24,Male,2022,DevOps,64.5,43.9,31.8,42.3,4.9,5.1,0,45,0,0,0,No Job,0.0,Not Placed
STU03083,Manisha Roy,22,Male,2024,MERN,43.4,44.1,30.4,34.3,2.0,3.9,0,44,2,0,1,No Job,0.0,Not Placed
STU03084,Anish Shah,23,Female,2023,Data Science,74.1,64.4,63.5,67.2,5.7,6.4,5,163,0,0,0,Job,7.33,Tier 2
STU03085,Ritesh Dubey,21,Female,2023,Cybersecurity,40.0,20.0,20.0,15.0,1.0,1.0,2,0,4,0,1,No Job,0.0,Not Placed
STU03086,Sanjana Kapoor,20,Female,2023,QA,51.5,49.3,53.1,67.9,3.0,5.2,0,56,1,0,0,Internship,0.81,Tier 3
STU03087,Sanjay Yadav,27,Female,2023,MERN,60.9,47.2,24.4,44.0,3.6,3.8,0,44,1,0,0,No Job,0.0,Not Placed
STU03088,Amit Gupta,21,Male,2022,Figma Designer,55.8,29.9,37.5,31.3,4.7,3.4,1,101,2,0,0,No Job,0.0,Not Placed
STU03089,Pooja Arora,24,Female,2024,Data Science,56.9,31.8,21.9,32.9,3.2,4.5,0,36,1,0,1,No Job,0.0,Not Placed
STU03090,Riya Trivedi,23,Male,2023,Cybersecurity,69.3,51.9,38.4,46.8,4.9,4.9,2,119,0,0,1,No Job,0.0,Not Placed
STU03091,Sakshi Dubey,26,Female,2022,DevOps,68.4,57.6,53.0,64.5,6.2,5.2,1,130,1,0,0,No Job,0.0,Not Placed
STU03092,Aryan Iyer,23,Female,2024,DevOps,85.2,89.6,71.7,81.4,7.4,6.4,1,138,3,0,0,Job,7.83,Tier 2
STU03093,Tarun Mehta,26,Male,2024,DevOps,78.5,57.0,55.7,60.7,5.5,6.3,1,108,1,0,0,Job,6.27,Tier 2
STU03094,Aryan Chauhan,23,Female,2024,MERN,41.5,30.6,20.0,44.2,3.2,3.4,0,0,1,0,0,No Job,0.0,Not Placed
STU03095,Neha Verma,24,Female,2024,Cybersecurity,70.8,45.4,37.7,48.4,3.8,5.8,0,81,1,1,0,Job,6.03,Tier 2
STU03096,Vikram Trivedi,23,Female,2023,Cybersecurity,74.5,76.3,75.5,79.2,5.6,6.6,0,128,3,0,0,Internship,1.0,Tier 3
STU03097,Riya Gandhi,20,Male,2024,MERN,62.9,61.1,50.0,59.3,3.8,5.9,2,114,0,1,0,No Job,0.0,Not Placed
STU03098,Akash Sinha,24,Male,2022,QA,68.1,60.9,54.5,63.5,5.8,4.6,1,144,3,0,0,Internship,1.64,Tier 3
STU03099,Abhinav Mehta,25,Female,2024,MERN,73.6,73.1,72.7,59.5,7.2,5.1,2,145,2,0,0,Job,7.03,Tier 2
STU03100,Nikita Mishra,21,Female,2023,Cybersecurity,64.6,63.1,55.4,61.8,6.7,5.8,3,119,1,0,0,Internship,2.34,Tier 2
STU03101,Farhan Ghosh,21,Male,2022,Data Science,65.0,65.3,56.9,45.1,5.8,6.5,5,194,4,1,1,Job,7.75,Tier 2
STU03102,Rajni Chawla,25,Male,2023,Data Science,70.1,65.9,67.0,73.7,4.2,6.2,0,134,0,1,0,Job,7.37,Tier 2
STU03103,Parth Srivastava,22,Male,2023,MERN,67.9,50.1,50.2,36.8,4.8,5.8,0,73,2,0,0,Job,5.96,Tier 2
STU03104,Ankita Gandhi,20,Male,2023,Cybersecurity,54.7,47.3,52.3,61.2,5.5,5.8,4,110,2,0,0,Internship,2.34,Tier 3
STU03105,Krishna Gupta,27,Female,2022,Cybersecurity,58.8,33.6,25.1,36.5,3.5,4.6,1,77,4,0,0,No Job,0.0,Not Placed
STU03106,Parth Gupta,27,Female,2024,MERN,53.7,38.5,36.6,47.8,4.1,3.0,3,123,2,0,0,Job,5.26,Tier 3
STU03107,Kabir Kapoor,24,Female,2022,Data Science,67.0,65.8,50.5,67.7,6.8,5.9,0,143,2,0,0,Job,8.52,Tier 1
STU03108,Anand Bhatt,20,Female,2023,MERN,59.3,60.8,63.8,66.5,5.5,5.4,0,92,0,1,0,No Job,0.0,Not Placed
STU03109,Shreya Goyal,21,Male,2024,Cybersecurity,60.1,54.9,41.2,25.7,3.7,4.5,0,74,1,0,1,No Job,0.0,Not Placed
STU03110,Kabir Nair,23,Female,2023,Cybersecurity,54.0,43.9,41.5,33.7,3.5,4.8,5,86,0,1,1,No Job,0.0,Not Placed
STU03111,Sonam Dutta,23,Female,2023,Data Science,53.8,41.4,50.7,44.4,5.3,3.2,0,76,1,0,1,No Job,0.0,Not Placed
STU03112,Uday Pillai,27,Other,2022,Data Science,51.7,35.8,32.4,31.1,1.9,2.7,0,43,0,0,1,No Job,0.0,Not Placed
STU03113,Deepak Goyal,21,Male,2023,QA,65.5,47.7,54.5,49.8,5.1,3.3,1,127,4,0,3,No Job,0.0,Not Placed
STU03114,Anushka Dixit,20,Male,2024,Data Science,65.4,48.2,40.2,44.4,3.8,6.1,3,52,1,0,1,No Job,0.0,Not Placed
STU03115,Rajesh Yadav,26,Male,2024,Data Science,64.1,64.9,78.4,59.1,5.1,6.2,3,111,0,0,0,Internship,0.97,Tier 3
STU03116,Mihir Shukla,25,Female,2024,Data Science,74.3,75.1,72.1,84.7,5.2,5.8,0,135,0,0,0,Job,9.13,Tier 1
STU03117,Geeta Bansal,27,Male,2022,DevOps,53.4,29.9,36.3,35.5,4.2,3.7,3,78,1,0,1,No Job,0.0,Not Placed
STU03118,Arjun Sharma,21,Female,2022,DevOps,52.4,45.9,33.9,52.8,3.9,4.9,0,45,0,0,0,No Job,0.0,Not Placed
STU03119,Manish Jain,24,Female,2022,Cybersecurity,46.8,27.6,20.0,39.4,2.5,4.3,0,13,1,0,1,No Job,0.0,Not Placed
STU03120,Rohit Trivedi,23,Male,2023,MERN,40.0,25.3,21.0,26.3,3.5,1.6,0,0,0,0,1,No Job,0.0,Not Placed
STU03121,Ayush Shukla,23,Female,2022,Cybersecurity,65.2,56.0,36.4,51.8,5.6,5.0,2,117,3,1,2,No Job,0.0,Not Placed
STU03122,Farhan Patel,26,Female,2022,Data Science,57.8,47.9,48.6,50.2,3.7,5.6,0,145,1,0,0,No Job,0.0,Not Placed
STU03123,Avni Malhotra,19,Female,2023,QA,53.0,51.0,49.6,47.0,2.6,4.7,3,125,2,0,0,No Job,0.0,Not Placed
STU03124,Rajan Sharma,19,Male,2023,DevOps,47.6,35.5,28.2,36.8,3.7,4.8,4,77,1,0,3,No Job,0.0,Not Placed
STU03125,Abhinav Kaur,21,Male,2023,DevOps,50.2,38.8,30.3,26.0,4.2,2.9,0,54,2,0,2,No Job,0.0,Not Placed
STU03126,Surbhi Goyal,20,Male,2024,Data Science,72.6,55.4,41.4,56.6,5.1,5.1,3,104,1,1,3,No Job,0.0,Not Placed
STU03127,Ashu Bhatt,20,Male,2023,Data Science,64.4,45.2,40.7,38.7,3.4,4.9,3,111,2,0,0,Job,6.85,Tier 2
STU03128,Mohit Sharma,20,Female,2024,DevOps,63.8,40.5,27.5,51.4,4.8,4.9,1,36,2,0,0,No Job,0.0,Not Placed
STU03129,Harsh Yadav,22,Other,2024,Cybersecurity,66.9,63.3,63.6,64.5,4.8,5.9,1,70,2,0,2,Job,7.64,Tier 2
STU03130,Asha Khanna,19,Female,2023,Data Science,62.4,45.0,55.8,50.8,7.3,4.7,2,130,0,0,1,Internship,1.89,Tier 3
STU03131,Jatin Gandhi,27,Male,2022,Figma Designer,54.5,40.4,26.7,37.4,3.7,5.2,1,54,1,0,2,No Job,0.0,Not Placed
STU03132,Krishna Patel,23,Male,2022,Figma Designer,56.6,50.0,35.5,57.4,4.9,4.2,2,99,2,0,0,Internship,2.38,Tier 3
STU03133,Tushar Kaur,23,Female,2022,DevOps,76.1,64.5,75.4,53.9,7.0,5.2,0,79,3,1,0,Internship,1.55,Tier 3
STU03134,Mihir Sharma,27,Female,2023,Figma Designer,63.5,64.8,53.9,59.8,6.1,6.0,0,169,2,0,0,Job,5.32,Tier 3
STU03135,Ravi Sinha,23,Male,2024,Data Science,58.0,45.3,43.5,45.6,4.2,3.8,1,60,4,0,0,Internship,2.1,Tier 3
STU03136,Asha Singh,26,Male,2024,Data Science,90.6,80.0,80.6,63.4,7.7,7.8,0,170,1,0,0,Job,8.91,Tier 1
STU03137,Rajan Ghosh,19,Female,2022,Data Science,57.7,49.1,53.5,47.3,4.5,6.3,0,71,0,0,0,Job,6.95,Tier 2
STU03138,Neha Joshi,19,Male,2024,DevOps,70.2,66.5,65.7,61.0,6.1,5.6,2,140,1,0,0,No Job,0.0,Not Placed
STU03139,Anil Rastogi,22,Male,2023,Data Science,44.1,28.8,23.5,49.9,3.6,3.3,0,15,2,0,2,No Job,0.0,Not Placed
STU03140,Akash Iyer,26,Male,2024,Figma Designer,70.1,53.1,39.2,48.8,4.8,5.6,0,126,1,1,1,Job,3.9,Tier 3
STU03141,Akshay Joshi,21,Male,2022,Data Science,55.3,40.0,24.9,30.2,4.7,4.3,0,101,2,0,0,No Job,0.0,Not Placed
STU03142,Sara Dubey,19,Male,2022,MERN,45.3,29.0,20.0,19.8,1.9,2.9,0,1,2,0,2,No Job,0.0,Not Placed
STU03143,Kajal Kaur,27,Male,2023,QA,64.9,65.8,52.4,35.9,4.5,4.9,0,84,2,0,0,No Job,0.0,Not Placed
STU03144,Nikhil Batra,27,Male,2024,Data Science,61.3,43.8,47.5,56.8,4.2,4.8,2,96,2,0,0,Job,6.68,Tier 2
STU03145,Sonam Verma,27,Female,2022,MERN,71.5,78.6,65.8,71.6,7.2,4.9,1,169,1,1,0,No Job,0.0,Not Placed
STU03146,Jatin Gandhi,27,Female,2022,Cybersecurity,50.8,37.0,28.9,39.0,4.2,5.4,1,116,0,0,1,Job,7.63,Tier 2
STU03147,Komal Desai,20,Male,2024,MERN,68.6,59.7,56.4,63.0,4.5,4.6,1,72,0,0,0,Internship,1.76,Tier 3
STU03148,Vidya Rao,22,Female,2024,Data Science,61.0,54.0,54.1,51.1,2.7,4.4,0,10,4,1,1,No Job,0.0,Not Placed
STU03149,Amit Batra,20,Male,2022,MERN,52.9,41.1,37.9,37.2,4.9,4.3,5,105,2,0,2,Job,4.71,Tier 3
STU03150,Asha Trivedi,25,Male,2024,DevOps,71.2,53.0,59.1,53.3,6.0,6.9,3,133,1,0,2,Job,7.67,Tier 2
STU03151,Sourabh Rao,21,Male,2023,Figma Designer,65.3,54.3,34.6,41.2,4.1,6.3,0,46,1,0,1,No Job,0.0,Not Placed
STU03152,Jyoti Kapoor,27,Female,2023,QA,62.4,50.7,43.2,46.8,4.4,4.5,0,77,0,1,0,No Job,0.0,Not Placed
STU03153,Palak Rao,25,Male,2023,MERN,45.2,29.5,31.8,36.0,4.6,4.9,1,75,2,0,0,No Job,0.0,Not Placed
STU03154,Saloni Rao,26,Male,2023,MERN,55.9,30.3,23.5,16.7,3.4,3.0,1,26,4,0,0,No Job,0.0,Not Placed
STU03155,Mira Rastogi,27,Female,2023,DevOps,73.6,66.4,61.7,59.8,3.8,6.2,0,119,2,0,0,Job,7.81,Tier 2
STU03156,Pranav Dixit,26,Male,2023,Figma Designer,67.7,58.4,57.7,61.0,5.4,4.6,1,83,2,0,3,No Job,0.0,Not Placed
STU03157,Abhinav Arora,25,Female,2023,Data Science,69.4,71.1,78.1,58.3,4.5,4.6,1,164,3,1,0,Job,7.65,Tier 2
STU03158,Nitin Kumar,27,Female,2024,MERN,75.2,60.9,64.5,64.6,6.3,6.6,3,113,1,1,0,Job,5.98,Tier 2
STU03159,Ashish Rastogi,19,Female,2024,Cybersecurity,53.6,35.4,20.0,23.3,3.1,3.3,0,33,2,0,2,No Job,0.0,Not Placed
STU03160,Aryan Goyal,22,Male,2023,Figma Designer,58.1,47.2,54.1,46.0,5.7,5.4,1,48,3,1,0,Job,4.59,Tier 3
STU03161,Lalit Sinha,22,Male,2022,Data Science,66.4,59.7,50.2,39.2,5.7,3.7,1,101,2,1,0,Job,7.8,Tier 2
STU03162,Harsha Varma,23,Other,2023,MERN,80.8,72.0,70.0,70.3,5.6,5.0,1,142,1,0,0,Job,7.0,Tier 2
STU03163,Seema Agarwal,26,Female,2024,MERN,80.7,78.7,72.5,67.3,6.5,4.8,4,151,2,0,2,Job,8.79,Tier 1
STU03164,Anjali Kapoor,19,Female,2023,Data Science,40.0,21.2,20.0,15.0,3.1,3.8,1,28,2,1,2,No Job,0.0,Not Placed
STU03165,Akash Chawla,24,Male,2023,Cybersecurity,78.4,74.1,54.4,70.8,5.7,5.4,2,164,0,1,0,Internship,1.76,Tier 2
STU03166,Divya Dutta,27,Male,2022,Cybersecurity,72.5,68.4,69.3,74.0,5.5,7.4,4,205,1,1,0,Job,8.38,Tier 1
STU03167,Suresh Gupta,26,Male,2023,Cybersecurity,45.6,30.2,21.6,38.5,4.4,3.0,0,81,0,0,0,No Job,0.0,Not Placed
STU03168,Swati Dubey,20,Male,2023,Data Science,68.4,62.4,55.6,56.2,6.1,5.3,1,94,2,0,2,No Job,0.0,Not Placed
STU03169,Sneha Rastogi,25,Male,2024,Data Science,48.1,27.0,20.0,26.0,1.4,1.3,0,5,3,0,1,No Job,0.0,Not Placed
STU03170,Prachi Nair,23,Male,2023,Data Science,64.3,46.5,54.2,43.9,5.4,7.1,2,74,1,0,0,Job,7.72,Tier 2
STU03171,Mira Trivedi,20,Female,2022,MERN,48.4,30.8,40.1,34.0,3.5,3.0,0,40,0,0,0,No Job,0.0,Not Placed
STU03172,Rajesh Arora,19,Male,2023,QA,78.6,63.1,58.7,75.6,6.2,6.3,0,110,0,0,0,No Job,0.0,Not Placed
STU03173,Vidya Kumar,20,Male,2024,Data Science,72.4,70.8,57.3,62.3,5.9,5.1,5,161,0,1,1,Job,6.87,Tier 2
STU03174,Akash Verma,24,Male,2023,Data Science,67.7,60.2,45.5,46.7,5.2,5.7,2,108,1,0,3,No Job,0.0,Not Placed
STU03175,Asha Mehta,26,Male,2023,MERN,72.5,61.7,58.0,58.6,3.9,4.4,3,143,1,0,0,Job,6.51,Tier 2
STU03176,Ritesh Srivastava,21,Male,2023,MERN,64.4,35.8,29.0,34.9,5.7,4.5,4,78,4,0,0,No Job,0.0,Not Placed
STU03177,Meena Varma,23,Male,2024,DevOps,55.7,40.5,30.1,35.0,3.6,3.5,4,109,2,1,2,No Job,0.0,Not Placed
STU03178,Ritesh Yadav,20,Male,2022,QA,79.3,87.1,82.2,90.1,7.3,9.7,1,187,1,0,0,Job,7.04,Tier 2
STU03179,Prateek Dutta,26,Female,2023,Data Science,71.1,67.7,68.1,63.3,6.8,5.4,1,127,0,1,0,Internship,2.34,Tier 2
STU03180,Prateek Trivedi,22,Male,2024,Cybersecurity,63.2,63.8,66.4,36.1,3.5,4.3,4,167,1,1,2,Job,6.74,Tier 2
STU03181,Farhan Arora,24,Female,2024,MERN,70.2,53.3,41.5,47.9,5.4,6.4,0,62,0,0,0,No Job,0.0,Not Placed
STU03182,Maya Goyal,21,Female,2023,MERN,90.3,100.0,97.1,95.4,8.8,8.2,4,284,2,1,0,Job,7.75,Tier 2
STU03183,Abhinav Pillai,26,Female,2024,Figma Designer,77.6,77.9,83.2,89.5,5.9,6.1,3,208,3,1,0,Job,6.66,Tier 2
STU03184,Sandeep Singh,26,Male,2023,MERN,61.0,44.8,52.1,53.3,5.0,5.0,1,82,1,0,0,No Job,0.0,Not Placed
STU03185,Gaurav Malhotra,21,Male,2023,Cybersecurity,63.2,35.2,38.5,33.1,3.8,4.3,1,74,1,0,0,No Job,0.0,Not Placed
STU03186,Surbhi Dixit,27,Female,2023,MERN,69.2,56.8,56.4,56.5,5.4,5.5,0,104,4,0,2,No Job,0.0,Not Placed
STU03187,Nitin Trivedi,23,Female,2022,DevOps,67.5,51.7,46.8,45.1,3.2,5.5,1,56,1,0,0,Job,6.23,Tier 2
STU03188,Kavya Reddy,27,Female,2023,QA,48.8,31.4,49.5,40.7,5.0,3.2,0,37,0,0,0,No Job,0.0,Not Placed
STU03189,Rohit Tiwari,25,Male,2023,Figma Designer,77.5,71.0,78.4,70.8,7.3,6.8,0,121,0,0,0,Job,6.01,Tier 2
STU03190,Komal Shukla,21,Female,2024,QA,66.4,68.9,63.7,67.2,4.7,5.4,3,201,2,0,0,Job,5.35,Tier 3
STU03191,Sachin Yadav,24,Female,2024,DevOps,69.9,56.5,53.7,59.6,4.1,2.5,1,38,0,1,0,No Job,0.0,Not Placed
STU03192,Bhavna Joshi,20,Female,2023,MERN,60.0,58.9,49.9,66.4,5.4,4.3,2,109,4,0,0,No Job,0.0,Not Placed
STU03193,Zara Varma,24,Male,2023,Cybersecurity,61.7,44.1,64.2,38.4,5.3,4.7,4,124,4,0,0,Job,6.89,Tier 2
STU03194,Farhan Tiwari,23,Male,2022,Cybersecurity,48.1,52.7,39.0,33.4,3.8,5.5,0,40,3,0,2,No Job,0.0,Not Placed
STU03195,Sachin Roy,21,Male,2023,Data Science,67.7,44.5,38.5,36.0,4.5,5.8,0,66,1,0,0,Job,5.92,Tier 2
STU03196,Ishaan Mehta,25,Male,2023,DevOps,94.3,83.5,77.3,82.7,7.1,7.8,2,195,1,0,0,No Job,0.0,Not Placed
STU03197,Shivam Arora,22,Female,2022,QA,43.6,37.0,31.1,32.9,2.8,2.4,4,123,3,0,0,No Job,0.0,Not Placed
STU03198,Ankita Srivastava,24,Female,2023,DevOps,44.2,20.0,20.0,25.9,2.1,4.9,2,28,1,0,1,No Job,0.0,Not Placed
STU03199,Ravi Dutta,27,Female,2023,MERN,77.2,74.2,66.1,59.4,6.2,6.8,2,116,1,1,0,Job,6.9,Tier 2
STU03200,Shreya Desai,24,Male,2024,QA,79.0,75.0,66.7,62.5,5.7,6.2,2,180,1,0,0,Internship,2.08,Tier 3
STU03201,Anish Rastogi,22,Female,2024,Data Science,63.9,52.2,56.5,62.2,5.7,5.5,1,102,1,0,1,No Job,0.0,Not Placed
STU03202,Tanvi Joshi,20,Male,2023,Data Science,43.2,33.0,20.0,31.5,3.9,4.0,1,8,3,0,3,No Job,0.0,Not Placed
STU03203,Karishma Arora,27,Female,2023,Cybersecurity,70.6,54.8,53.1,52.5,5.5,5.2,5,128,2,1,0,Job,6.71,Tier 2
STU03204,Prachi Sharma,22,Female,2023,MERN,64.5,48.9,39.8,36.8,4.8,5.4,3,95,4,0,2,No Job,0.0,Not Placed
STU03205,Deepika Mishra,22,Male,2022,Cybersecurity,82.2,81.7,85.1,82.2,5.5,7.8,2,203,0,1,0,Internship,0.84,Tier 3
STU03206,Abhinav Rao,20,Male,2022,Data Science,63.6,40.5,33.3,36.7,3.8,2.6,2,11,2,1,0,No Job,0.0,Not Placed
STU03207,Neha Garg,23,Male,2022,MERN,80.4,57.6,50.9,56.3,5.5,5.1,1,120,1,0,0,Internship,1.95,Tier 3
STU03208,Pranav Patel,24,Male,2022,Data Science,69.0,63.0,47.8,63.4,5.7,6.1,1,133,2,0,2,No Job,0.0,Not Placed
STU03209,Arjun Dutta,24,Female,2022,Figma Designer,54.5,32.4,21.5,45.5,4.7,3.2,1,81,2,0,2,No Job,0.0,Not Placed
STU03210,Uday Nair,21,Male,2022,MERN,56.6,41.9,42.9,44.6,4.2,6.5,0,54,0,0,1,No Job,0.0,Not Placed
STU03211,Sandeep Sinha,27,Male,2022,MERN,63.8,53.7,46.2,51.6,6.5,3.2,0,89,2,1,0,No Job,0.0,Not Placed
STU03212,Deepika Kapoor,25,Male,2023,Data Science,40.1,20.0,20.0,15.0,2.0,1.4,1,2,1,1,1,No Job,0.0,Not Placed
STU03213,Anish Garg,21,Female,2024,Data Science,86.7,74.6,71.5,77.6,6.2,7.2,0,100,1,0,0,Job,8.3,Tier 1
STU03214,Uday Iyer,22,Male,2024,DevOps,61.3,39.3,31.3,48.1,2.7,6.2,1,27,1,0,0,No Job,0.0,Not Placed
STU03215,Seema Garg,25,Male,2022,Data Science,75.4,65.9,58.3,52.9,5.8,5.5,0,31,2,0,0,No Job,0.0,Not Placed
STU03216,Jatin Dutta,26,Female,2023,DevOps,52.1,29.2,30.9,25.9,4.5,4.4,1,30,1,0,3,No Job,0.0,Not Placed
STU03217,Bhavna Chauhan,24,Male,2024,DevOps,80.4,79.3,65.4,79.1,6.3,6.0,1,209,1,1,0,Job,7.55,Tier 2
STU03218,Kabir Yadav,22,Male,2022,QA,68.9,45.7,37.1,43.0,5.4,7.0,3,99,0,0,0,Job,5.45,Tier 3
STU03219,Kabir Kaur,20,Female,2024,Cybersecurity,64.6,55.4,51.1,50.1,6.1,6.9,2,129,1,0,0,Job,6.86,Tier 2
STU03220,Rohan Goyal,26,Male,2023,DevOps,64.2,56.4,66.1,58.8,4.4,6.5,3,134,4,0,0,Internship,1.34,Tier 3
STU03221,Palak Sharma,19,Female,2024,MERN,76.8,73.1,70.6,72.5,7.7,4.1,1,132,3,0,0,Job,6.7,Tier 2
STU03222,Nandini Malhotra,27,Female,2024,Cybersecurity,51.0,32.7,35.8,40.1,3.3,4.2,3,57,3,0,1,No Job,0.0,Not Placed
STU03223,Surbhi Reddy,26,Male,2023,Cybersecurity,75.3,61.1,37.1,52.0,6.1,4.4,4,116,1,0,0,Job,6.74,Tier 2
STU03224,Lakshmi Sharma,21,Male,2023,Data Science,68.7,69.5,67.5,70.9,7.2,6.5,0,108,0,0,1,Job,9.21,Tier 1
STU03225,Avni Iyer,22,Female,2022,Figma Designer,60.3,54.6,44.7,51.1,4.8,4.3,2,133,3,0,0,Job,3.79,Tier 3
STU03226,Karan Bansal,22,Female,2022,Data Science,80.4,65.0,63.8,59.3,8.2,6.9,0,127,1,1,0,Internship,1.7,Tier 3
STU03227,Deepak Rastogi,20,Male,2023,Data Science,62.1,56.6,45.2,55.3,5.6,4.8,1,66,2,0,3,No Job,0.0,Not Placed
STU03228,Vinay Goyal,23,Male,2022,Data Science,58.0,47.9,36.4,56.5,5.6,4.5,0,96,1,0,3,No Job,0.0,Not Placed
STU03229,Nikita Bhatt,21,Male,2022,Figma Designer,72.3,60.6,58.3,66.8,6.5,5.5,3,111,3,1,0,Internship,1.16,Tier 3
STU03230,Priya Kapoor,19,Female,2023,DevOps,56.5,49.8,38.2,48.6,4.4,5.4,1,107,0,0,0,No Job,0.0,Not Placed
STU03231,Vanshika Garg,20,Female,2024,QA,76.0,72.5,75.7,71.8,5.1,4.7,2,142,3,0,3,Job,5.87,Tier 2
STU03232,Vaibhav Rao,25,Female,2022,MERN,69.7,57.7,46.1,38.9,5.7,3.1,1,106,3,1,1,No Job,0.0,Not Placed
STU03233,Rohan Chauhan,19,Male,2022,DevOps,71.3,66.1,67.2,67.8,6.1,6.8,0,89,1,0,1,No Job,0.0,Not Placed
STU03234,Ankita Goyal,20,Male,2023,MERN,74.0,61.2,59.8,58.4,6.1,5.3,0,125,2,1,3,Internship,1.52,Tier 3
STU03235,Sahil Yadav,25,Female,2023,QA,71.9,50.1,54.9,47.5,5.0,5.5,1,94,0,0,0,Job,4.66,Tier 3
STU03236,Sara Garg,19,Other,2022,Data Science,52.8,28.5,31.2,21.4,3.3,4.1,0,12,1,0,1,No Job,0.0,Not Placed
STU03237,Palak Chawla,25,Male,2024,MERN,65.4,55.3,54.4,67.2,6.3,5.1,0,104,1,0,0,Job,6.55,Tier 2
STU03238,Lalit Rastogi,26,Male,2023,Data Science,66.5,73.0,74.0,65.8,6.2,5.8,0,100,0,0,3,Job,8.7,Tier 1
STU03239,Arjun Verma,20,Male,2023,QA,65.1,47.6,47.8,44.4,6.6,4.8,0,166,1,0,0,Internship,2.1,Tier 3
STU03240,Ashish Tiwari,22,Male,2022,DevOps,42.9,20.0,20.0,15.0,3.4,1.7,0,0,2,0,1,No Job,0.0,Not Placed
STU03241,Mohit Verma,25,Female,2023,MERN,64.0,60.0,76.5,51.0,6.0,4.8,1,136,2,0,0,Internship,1.03,Tier 3
STU03242,Tanvi Bhatt,19,Female,2024,DevOps,69.1,61.1,57.3,59.7,5.1,5.5,2,116,1,1,0,Job,6.64,Tier 2
STU03243,Vinay Mishra,24,Male,2022,Figma Designer,66.2,67.7,69.1,57.1,4.8,4.6,0,113,0,1,0,Job,5.94,Tier 2
STU03244,Sara Srivastava,23,Male,2023,QA,63.5,54.6,46.5,41.9,6.6,5.0,1,101,0,1,0,Job,4.84,Tier 3
STU03245,Rohan Ghosh,24,Male,2022,Cybersecurity,43.8,20.0,20.8,18.4,2.4,2.4,0,18,2,1,2,No Job,0.0,Not Placed
STU03246,Krishna Reddy,26,Female,2024,MERN,69.6,68.1,55.9,67.1,6.2,5.0,0,97,1,0,1,Job,5.99,Tier 2
STU03247,Harsha Shah,19,Male,2022,Data Science,67.3,36.9,33.3,43.5,4.4,4.7,0,87,2,0,2,No Job,0.0,Not Placed
STU03248,Ashish Nair,21,Male,2024,Figma Designer,51.7,40.5,39.6,40.5,4.5,6.0,0,75,0,0,1,No Job,0.0,Not Placed
STU03249,Saloni Khanna,27,Male,2023,DevOps,71.5,73.5,87.1,84.9,7.8,8.3,1,209,1,1,0,Job,8.51,Tier 1
STU03250,Ishaan Srivastava,26,Male,2023,MERN,75.9,69.4,67.2,68.6,6.8,6.7,1,125,3,1,0,Job,6.76,Tier 2
STU03251,Ankit Joshi,22,Female,2023,DevOps,71.1,44.9,56.7,52.2,6.2,5.5,1,127,2,0,0,No Job,0.0,Not Placed
STU03252,Jyoti Bhatt,27,Male,2022,Figma Designer,59.6,39.7,27.5,31.0,2.7,2.7,1,35,2,0,1,Job,3.0,Tier 3
STU03253,Ravi Patel,25,Male,2023,MERN,49.8,33.2,29.0,30.8,4.5,5.3,3,78,1,0,1,No Job,0.0,Not Placed
STU03254,Rajan Malhotra,20,Female,2023,DevOps,73.7,69.9,50.7,62.2,7.3,5.1,3,112,2,0,0,Internship,1.13,Tier 3
STU03255,Suresh Kaur,19,Male,2022,QA,40.0,20.0,20.0,24.6,2.3,4.6,2,0,2,0,3,No Job,0.0,Not Placed
STU03256,Pranav Yadav,19,Male,2024,DevOps,68.7,61.8,69.7,62.5,6.8,5.1,1,119,0,1,0,No Job,0.0,Not Placed
STU03257,Rahul Mishra,21,Female,2022,MERN,80.2,68.9,60.2,58.6,4.9,7.0,0,119,0,0,1,Job,6.02,Tier 2
STU03258,Shivam Chopra,20,Female,2023,Figma Designer,82.3,78.3,89.0,76.9,7.2,7.3,2,178,0,0,0,No Job,0.0,Not Placed
STU03259,Aarav Joshi,22,Female,2023,Figma Designer,74.4,70.3,69.3,79.3,6.2,4.3,5,176,0,0,0,Internship,1.21,Tier 3
STU03260,Kunal Khanna,26,Female,2022,QA,75.5,73.3,69.7,72.1,4.7,7.2,3,190,2,0,0,Job,7.31,Tier 2
STU03261,Surbhi Dubey,23,Other,2023,Cybersecurity,52.4,42.8,36.2,46.1,3.8,4.7,0,28,4,0,2,No Job,0.0,Not Placed
STU03262,Karishma Kumar,23,Male,2023,MERN,60.1,49.7,36.1,31.9,4.2,2.5,0,5,2,0,0,No Job,0.0,Not Placed
STU03263,Ritesh Patel,24,Male,2023,Figma Designer,72.8,49.5,49.5,50.9,5.7,5.0,3,130,2,1,0,No Job,0.0,Not Placed
STU03264,Mohit Mehta,23,Male,2023,MERN,74.2,59.3,57.6,46.4,5.5,7.8,1,92,3,0,1,Job,7.14,Tier 2
STU03265,Aryan Shah,23,Male,2022,QA,74.6,70.7,70.8,68.8,6.9,4.4,1,117,3,0,0,Job,5.93,Tier 2
STU03266,Avni Bansal,25,Male,2024,Figma Designer,77.7,84.6,70.3,57.9,5.5,6.7,0,147,1,0,0,Job,5.86,Tier 2
STU03267,Prachi Agarwal,24,Other,2023,Cybersecurity,48.8,40.3,30.4,24.1,3.4,3.5,2,53,0,0,0,No Job,0.0,Not Placed
STU03268,Sahil Arora,20,Female,2022,QA,82.2,78.4,69.0,70.8,5.2,6.6,0,110,2,0,0,No Job,0.0,Not Placed
STU03269,Geeta Joshi,19,Male,2024,QA,40.0,20.0,20.0,15.0,1.0,3.9,2,60,1,0,1,No Job,0.0,Not Placed
STU03270,Rajan Chopra,19,Male,2022,Data Science,71.2,68.2,65.1,45.1,6.1,5.7,2,140,4,0,2,No Job,0.0,Not Placed
STU03271,Geeta Reddy,22,Male,2022,Cybersecurity,62.5,58.8,58.8,61.3,6.3,6.8,1,123,4,0,0,No Job,0.0,Not Placed
STU03272,Aditya Shah,20,Female,2023,Data Science,48.5,35.6,26.9,18.6,2.9,2.8,1,19,4,0,0,No Job,0.0,Not Placed
STU03273,Rahul Mishra,24,Male,2024,DevOps,71.1,66.1,52.5,69.6,5.3,5.7,1,146,2,0,0,Internship,1.5,Tier 3
STU03274,Vikas Dutta,27,Female,2024,Data Science,46.7,36.1,43.5,37.9,2.5,5.7,0,11,1,0,0,No Job,0.0,Not Placed
STU03275,Sandeep Yadav,26,Female,2024,MERN,55.9,38.7,50.0,55.6,4.4,4.2,0,55,2,1,3,No Job,0.0,Not Placed
STU03276,Avni Desai,22,Male,2023,QA,78.0,59.9,60.6,65.7,6.6,5.3,3,159,1,1,0,No Job,0.0,Not Placed
STU03277,Karishma Batra,20,Female,2023,Figma Designer,70.7,51.7,45.5,60.7,4.1,4.4,2,94,0,1,1,No Job,0.0,Not Placed
STU03278,Asha Singh,19,Male,2023,MERN,63.5,49.8,28.6,40.0,5.7,5.4,2,53,1,0,0,No Job,0.0,Not Placed
STU03279,Simran Yadav,25,Female,2022,DevOps,64.1,51.7,57.7,50.3,4.0,5.5,0,97,2,0,0,Job,7.14,Tier 2
STU03280,Krishna Gandhi,21,Male,2024,DevOps,67.2,71.0,60.8,67.6,4.1,6.6,1,151,3,0,0,Job,7.11,Tier 2
STU03281,Ankit Kaur,24,Male,2022,Figma Designer,60.5,48.2,36.2,49.1,5.1,4.5,0,88,0,0,0,Internship,1.49,Tier 3
STU03282,Sneha Yadav,23,Other,2023,DevOps,80.7,83.7,83.0,79.0,7.5,5.4,2,197,0,0,0,Job,7.48,Tier 2
STU03283,Sanjay Varma,23,Female,2024,Cybersecurity,63.2,48.5,37.0,46.2,5.1,4.3,0,64,3,0,1,No Job,0.0,Not Placed
STU03284,Saloni Chopra,20,Male,2024,Figma Designer,84.7,82.4,68.4,72.3,5.3,5.2,0,150,0,1,0,Internship,0.89,Tier 3
STU03285,Rajni Trivedi,27,Male,2022,MERN,69.9,56.1,62.7,51.6,5.4,5.9,1,82,2,0,0,No Job,0.0,Not Placed
STU03286,Shreya Mehta,22,Male,2022,Figma Designer,67.7,54.5,70.0,54.1,6.1,5.7,1,161,0,0,0,Job,5.52,Tier 2
STU03287,Deepak Varma,19,Female,2023,Figma Designer,46.6,36.9,30.5,27.5,4.3,4.1,0,70,3,0,0,No Job,0.0,Not Placed
STU03288,Rohit Nair,20,Male,2023,Figma Designer,75.9,79.1,83.1,65.7,4.8,6.7,2,177,2,1,0,Job,5.81,Tier 2
STU03289,Anil Joshi,27,Female,2023,MERN,56.3,54.8,49.1,53.7,5.1,4.8,4,158,0,0,0,No Job,0.0,Not Placed
STU03290,Nandini Jain,25,Male,2023,MERN,84.5,85.2,94.8,81.5,8.0,8.1,0,121,1,1,0,Internship,1.08,Tier 3
STU03291,Yash Sinha,20,Male,2024,QA,60.0,60.1,56.8,52.7,4.4,5.6,1,79,4,0,0,Internship,2.36,Tier 2
STU03292,Mehak Dutta,25,Female,2022,MERN,63.2,57.4,53.8,62.3,5.2,4.7,2,117,3,0,0,No Job,0.0,Not Placed
STU03293,Ruchi Rao,22,Male,2023,Cybersecurity,62.6,41.0,31.8,45.5,3.7,5.1,1,55,0,0,3,No Job,0.0,Not Placed
STU03294,Naman Garg,20,Female,2023,Data Science,67.3,58.7,34.4,58.8,5.6,5.6,1,115,1,0,2,No Job,0.0,Not Placed
STU03295,Anjali Mehta,22,Female,2022,Data Science,83.2,80.1,86.9,82.9,7.8,8.6,1,147,1,1,0,Job,8.47,Tier 1
STU03296,Komal Mishra,23,Male,2022,MERN,67.3,65.9,62.2,75.4,5.0,6.5,2,126,1,0,0,Job,7.55,Tier 2
STU03297,Anjali Singh,22,Female,2024,DevOps,76.5,54.8,40.7,55.1,4.5,6.5,4,154,1,0,0,Job,7.57,Tier 2
STU03298,Tanvi Varma,21,Male,2024,MERN,77.6,75.2,68.1,69.4,7.1,5.7,2,100,3,0,0,Internship,0.87,Tier 3
STU03299,Asha Chauhan,24,Male,2022,DevOps,64.4,46.2,43.8,40.9,4.8,3.9,0,21,1,1,0,Job,5.76,Tier 2
STU03300,Lalit Singh,19,Male,2024,DevOps,66.6,45.5,40.3,37.6,4.8,5.2,2,79,0,0,0,No Job,0.0,Not Placed
STU03301,Yogesh Trivedi,26,Female,2022,Cybersecurity,59.8,48.1,41.3,32.6,3.2,3.9,4,105,1,0,0,Internship,0.87,Tier 3
STU03302,Sneha Agarwal,23,Male,2023,Cybersecurity,74.2,69.2,68.5,60.0,6.6,5.8,1,127,2,0,1,No Job,0.0,Not Placed
STU03303,Tarun Srivastava,26,Male,2022,DevOps,84.0,67.0,66.1,63.9,6.4,5.0,0,117,2,0,0,Job,7.87,Tier 2
STU03304,Rajni Chawla,22,Male,2024,DevOps,52.0,49.4,38.9,42.9,4.9,4.4,2,6,0,0,1,No Job,0.0,Not Placed
STU03305,Anjali Sinha,22,Male,2022,Data Science,57.0,45.1,36.7,33.6,4.8,4.3,1,74,1,1,1,Job,6.53,Tier 2
STU03306,Palak Batra,23,Male,2023,DevOps,70.6,55.5,49.8,43.9,4.7,4.8,0,106,1,0,2,No Job,0.0,Not Placed
STU03307,Dev Dutta,23,Male,2024,DevOps,53.5,37.9,33.5,21.0,3.2,4.9,0,17,0,0,0,No Job,0.0,Not Placed
STU03308,Divya Singh,24,Male,2022,DevOps,63.8,57.4,58.0,50.5,6.0,4.9,2,124,0,0,0,Job,6.34,Tier 2
STU03309,Vineeta Dutta,23,Male,2023,MERN,73.7,76.3,72.7,74.6,7.1,6.7,5,241,4,0,0,No Job,0.0,Not Placed
STU03310,Krishna Shukla,23,Male,2022,Cybersecurity,70.1,68.3,64.2,60.4,4.0,5.1,0,80,1,1,0,Job,7.82,Tier 2
STU03311,Lalit Kumar,26,Female,2023,Data Science,72.7,79.9,75.2,68.5,5.5,5.0,2,105,2,1,0,Job,8.97,Tier 1
STU03312,Sachin Gandhi,24,Female,2023,Figma Designer,54.7,33.3,33.8,29.2,4.2,4.1,1,72,0,0,1,No Job,0.0,Not Placed
STU03313,Shivam Batra,20,Male,2023,Data Science,69.8,54.9,44.8,46.5,2.8,5.1,1,50,4,0,0,No Job,0.0,Not Placed
STU03314,Ritesh Rastogi,22,Female,2024,Figma Designer,52.5,31.0,24.0,32.7,1.9,4.0,3,44,3,0,0,No Job,0.0,Not Placed
STU03315,Maya Chawla,22,Male,2023,DevOps,50.4,52.5,32.8,48.1,5.9,5.6,4,111,2,0,0,Job,6.15,Tier 2
STU03316,Vineeta Dubey,23,Male,2022,MERN,91.1,99.3,86.5,88.3,6.8,7.0,0,142,1,0,0,Job,8.2,Tier 1
STU03317,Sneha Tiwari,24,Female,2023,MERN,87.4,90.3,93.2,73.0,5.6,8.6,2,160,1,0,0,No Job,0.0,Not Placed
STU03318,Sara Yadav,23,Female,2024,Data Science,67.1,63.0,60.2,61.9,4.8,5.6,2,137,3,0,0,Job,7.3,Tier 2
STU03319,Deepak Nair,24,Other,2024,MERN,73.3,55.5,43.9,52.6,4.5,5.3,4,163,3,1,0,Internship,1.43,Tier 3
STU03320,Vikram Mehta,26,Female,2022,Data Science,71.6,65.2,61.1,56.6,5.1,4.7,0,124,3,0,0,Job,8.09,Tier 1
STU03321,Dev Patel,22,Male,2023,Cybersecurity,41.6,25.2,31.7,21.8,3.3,3.4,4,103,1,0,0,No Job,0.0,Not Placed
STU03322,Saloni Reddy,21,Female,2024,MERN,68.3,62.0,47.0,59.2,5.7,6.5,0,66,2,0,0,No Job,0.0,Not Placed
STU03323,Kabir Garg,27,Female,2024,QA,41.9,21.9,20.0,15.0,3.6,3.5,3,21,2,0,2,No Job,0.0,Not Placed
STU03324,Rohan Shah,21,Male,2023,Data Science,40.0,20.0,20.0,17.1,1.0,1.6,3,14,1,0,2,No Job,0.0,Not Placed
STU03325,Harsh Nair,26,Other,2022,Figma Designer,63.7,47.5,37.3,58.5,3.7,3.8,2,127,0,0,2,No Job,0.0,Not Placed
STU03326,Ashish Bansal,23,Male,2022,DevOps,92.6,90.1,86.8,96.7,8.6,8.1,0,187,0,1,0,Job,7.95,Tier 2
STU03327,Sachin Pillai,27,Female,2022,Data Science,85.7,87.5,65.8,80.3,8.4,6.4,2,178,3,0,0,Internship,1.05,Tier 2
STU03328,Sonam Yadav,21,Male,2024,MERN,80.6,73.2,68.7,74.4,5.1,7.7,0,139,1,0,0,Internship,1.2,Tier 3
STU03329,Ruchi Malhotra,26,Male,2022,Data Science,58.2,43.9,52.8,44.0,5.2,8.1,0,47,3,0,1,Job,7.02,Tier 2
STU03330,Mehak Singh,25,Female,2023,Data Science,74.2,80.1,75.4,67.5,7.3,6.9,3,247,1,1,0,Job,8.65,Tier 1
STU03331,Vidya Singh,25,Male,2023,DevOps,61.5,48.7,59.3,45.4,4.3,5.3,1,54,0,0,0,Internship,2.27,Tier 2
STU03332,Pooja Khanna,27,Female,2023,Cybersecurity,59.6,39.4,53.0,30.1,2.1,4.6,0,21,1,0,2,No Job,0.0,Not Placed
STU03333,Shivam Trivedi,26,Male,2023,Figma Designer,61.4,40.1,50.0,31.7,5.7,4.2,2,61,2,1,0,No Job,0.0,Not Placed
STU03334,Amit Kaur,21,Male,2023,DevOps,40.0,29.2,20.0,15.0,1.0,2.9,3,29,1,0,1,No Job,0.0,Not Placed
STU03335,Sahil Iyer,24,Male,2023,Figma Designer,90.9,91.9,94.6,85.9,5.7,5.8,1,170,0,1,0,Job,6.87,Tier 2
STU03336,Yogesh Tiwari,24,Female,2022,Figma Designer,61.1,58.9,54.3,66.1,5.9,6.5,0,111,4,1,1,Job,5.05,Tier 3
STU03337,Renu Dixit,23,Female,2023,QA,60.4,35.2,27.2,35.4,3.6,4.1,1,63,4,1,1,Job,4.2,Tier 3
STU03338,Neha Chawla,21,Female,2024,DevOps,60.9,45.1,47.9,46.7,5.6,4.2,1,62,1,0,1,No Job,0.0,Not Placed
STU03339,Yash Singh,27,Female,2024,Data Science,65.7,78.6,49.5,57.5,3.3,4.7,2,66,1,0,0,Internship,2.18,Tier 3
STU03340,Simran Reddy,25,Male,2023,Data Science,92.0,76.1,62.8,67.4,6.9,6.3,3,142,1,0,0,Job,8.64,Tier 1
STU03341,Aarav Verma,22,Male,2024,Cybersecurity,85.3,77.3,77.1,80.2,9.3,6.5,5,269,4,1,0,Job,8.86,Tier 1
STU03342,Mira Roy,24,Male,2023,DevOps,71.3,68.2,70.6,76.7,5.7,5.3,0,155,1,1,0,Internship,1.63,Tier 3
STU03343,Akash Gupta,23,Other,2023,Data Science,69.8,64.7,76.3,73.8,6.5,6.1,0,112,3,1,0,Internship,2.18,Tier 3
STU03344,Akash Varma,19,Female,2024,DevOps,59.2,51.0,59.3,61.6,5.9,4.7,3,142,1,1,0,Internship,2.02,Tier 3
STU03345,Shreya Batra,20,Male,2023,Data Science,60.1,49.5,48.8,57.0,4.9,4.5,1,70,2,1,0,Job,7.24,Tier 2
STU03346,Aarav Chawla,19,Male,2022,Cybersecurity,72.3,58.3,57.7,64.8,6.6,4.8,2,123,3,0,1,Job,7.3,Tier 2
STU03347,Sourabh Desai,27,Male,2024,Data Science,54.3,54.3,50.8,45.4,5.2,3.3,1,89,2,0,0,No Job,0.0,Not Placed
STU03348,Palak Shah,27,Female,2024,Cybersecurity,59.3,41.9,50.3,65.0,4.3,3.6,3,30,0,1,1,No Job,0.0,Not Placed
STU03349,Anand Kumar,23,Male,2023,QA,62.0,46.0,46.3,30.0,4.5,3.8,1,43,2,1,0,Job,4.56,Tier 3
STU03350,Saloni Sharma,26,Female,2024,Data Science,51.9,37.0,20.0,32.7,1.6,5.6,4,132,3,1,2,No Job,0.0,Not Placed
STU03351,Meena Varma,22,Male,2023,DevOps,70.8,53.1,41.7,24.6,3.0,5.8,1,110,0,0,0,No Job,0.0,Not Placed
STU03352,Farhan Rastogi,19,Male,2023,QA,50.9,29.5,28.8,35.2,3.4,3.9,0,24,1,0,0,No Job,0.0,Not Placed
STU03353,Rohan Iyer,22,Female,2023,MERN,57.3,39.0,42.8,32.8,4.8,5.4,0,64,4,0,2,No Job,0.0,Not Placed
STU03354,Gaurav Patel,25,Male,2022,Data Science,64.8,64.0,48.5,46.1,3.9,5.9,3,108,2,0,2,No Job,0.0,Not Placed
STU03355,Aryan Shah,20,Female,2023,MERN,69.2,45.8,35.2,61.7,3.7,4.1,4,140,0,0,0,Internship,0.94,Tier 3
STU03356,Manish Rao,20,Male,2022,DevOps,67.4,65.0,58.1,56.0,4.7,4.2,3,129,3,1,0,Job,6.83,Tier 2
STU03357,Akash Shukla,24,Male,2022,DevOps,69.5,55.9,46.0,62.2,5.4,5.1,2,101,1,0,0,Internship,0.87,Tier 3
STU03358,Ashish Sinha,27,Male,2023,Data Science,57.4,58.3,50.6,54.2,7.2,5.4,1,125,3,0,0,Job,7.9,Tier 2
STU03359,Manisha Mehta,21,Female,2023,DevOps,76.2,81.5,92.5,73.0,7.6,5.6,1,192,2,0,0,Job,8.23,Tier 1
STU03360,Manisha Sinha,25,Female,2022,MERN,85.0,76.7,75.9,83.0,7.5,7.4,0,160,2,0,0,Internship,1.75,Tier 3
STU03361,Varun Batra,27,Male,2024,QA,67.2,50.1,38.3,47.5,6.0,5.1,2,116,1,0,0,Job,4.21,Tier 3
STU03362,Harsh Pillai,27,Male,2023,MERN,81.9,70.4,66.4,68.2,7.9,7.0,1,131,1,1,0,Internship,1.42,Tier 3
STU03363,Bhavna Dubey,22,Female,2022,QA,54.6,48.9,51.9,44.1,5.6,4.4,2,69,3,1,0,No Job,0.0,Not Placed
STU03364,Pranav Verma,20,Male,2023,DevOps,43.3,34.0,20.0,26.2,3.8,2.6,5,91,3,0,1,No Job,0.0,Not Placed
STU03365,Ankita Pillai,19,Male,2024,Cybersecurity,80.6,77.8,76.9,62.0,5.1,7.8,0,131,0,1,0,No Job,0.0,Not Placed
STU03366,Kabir Iyer,24,Male,2023,DevOps,57.4,41.0,31.8,47.3,4.1,4.0,0,88,1,0,0,No Job,0.0,Not Placed
STU03367,Shreya Chawla,23,Female,2022,Cybersecurity,61.9,47.7,31.3,42.6,3.5,3.9,0,74,1,0,0,No Job,0.0,Not Placed
STU03368,Aarav Mehta,24,Male,2022,MERN,79.4,59.9,47.4,51.4,4.9,4.0,0,64,1,1,0,Internship,1.96,Tier 2
STU03369,Sara Mehta,25,Male,2023,QA,63.8,42.9,31.1,37.8,4.6,5.1,2,126,1,0,0,No Job,0.0,Not Placed
STU03370,Vinay Chauhan,27,Male,2023,DevOps,82.0,87.4,88.5,94.4,8.3,7.7,2,189,0,1,0,Job,7.86,Tier 2
STU03371,Rajan Verma,24,Male,2023,DevOps,52.1,49.7,48.5,36.7,4.4,3.7,1,14,3,0,1,No Job,0.0,Not Placed
STU03372,Rajni Kumar,24,Male,2024,DevOps,66.6,47.0,36.3,50.4,4.5,6.0,1,75,2,0,0,No Job,0.0,Not Placed
STU03373,Sanjay Jain,21,Female,2022,QA,40.0,27.6,20.8,29.3,3.4,5.7,0,15,1,0,0,No Job,0.0,Not Placed
STU03374,Uday Iyer,26,Male,2024,Cybersecurity,60.3,38.3,41.1,33.1,5.8,3.9,0,0,4,0,1,No Job,0.0,Not Placed
STU03375,Suresh Shukla,27,Male,2024,MERN,50.2,29.6,20.0,27.5,3.3,2.2,0,19,1,0,2,No Job,0.0,Not Placed
STU03376,Harsh Trivedi,19,Male,2024,Cybersecurity,69.7,60.2,58.6,63.2,5.7,5.5,1,143,0,0,0,Job,6.46,Tier 2
STU03377,Isha Dixit,24,Female,2024,Cybersecurity,50.4,33.5,20.0,18.0,3.0,4.0,3,97,1,0,0,No Job,0.0,Not Placed
STU03378,Uday Dutta,25,Male,2024,Figma Designer,88.7,93.8,82.2,82.4,6.9,7.0,5,218,0,0,0,Job,5.38,Tier 3
STU03379,Sourabh Mishra,26,Other,2023,QA,53.4,31.0,20.0,20.5,3.7,3.1,1,37,4,0,1,No Job,0.0,Not Placed
STU03380,Karishma Desai,26,Male,2023,Cybersecurity,56.0,45.0,26.1,27.1,4.6,3.9,0,53,0,0,0,Internship,2.09,Tier 3
STU03381,Ayush Dutta,25,Male,2023,MERN,76.0,62.1,59.8,53.8,5.3,6.3,1,129,1,1,1,Job,6.82,Tier 2
STU03382,Geeta Reddy,26,Male,2024,QA,84.2,82.6,80.9,84.2,7.5,6.2,1,139,2,1,0,Job,7.67,Tier 2
STU03383,Vikram Ghosh,27,Female,2023,DevOps,64.6,57.5,36.5,66.5,3.4,5.3,0,55,0,0,0,No Job,0.0,Not Placed
STU03384,Abhinav Sinha,25,Female,2022,Figma Designer,70.3,70.0,73.9,54.1,4.7,4.7,5,189,0,1,1,Job,5.44,Tier 3
STU03385,Kunal Iyer,21,Male,2022,MERN,61.5,38.6,31.7,36.1,4.6,4.8,0,0,1,0,0,No Job,0.0,Not Placed
STU03386,Aditya Chawla,27,Male,2024,Data Science,67.6,46.3,43.1,50.7,3.1,4.4,1,70,3,0,0,Internship,2.03,Tier 3
STU03387,Krishna Iyer,19,Male,2024,Data Science,67.9,57.7,45.6,55.2,5.3,6.9,3,118,1,0,2,No Job,0.0,Not Placed
STU03388,Vikas Singh,26,Male,2023,Cybersecurity,43.0,32.3,30.9,31.3,3.2,4.0,4,126,2,1,1,No Job,0.0,Not Placed
STU03389,Kajal Reddy,24,Male,2022,Figma Designer,77.5,70.8,55.8,74.1,5.2,7.1,0,97,1,0,0,No Job,0.0,Not Placed
STU03390,Vikas Rao,21,Male,2023,Data Science,61.5,60.8,54.8,59.0,6.4,5.9,0,114,3,0,0,Job,7.91,Tier 2
STU03391,Anjali Batra,27,Female,2022,Cybersecurity,62.0,46.4,50.5,42.6,6.5,5.6,1,22,1,1,1,No Job,0.0,Not Placed
STU03392,Sakshi Batra,24,Male,2023,Cybersecurity,50.1,20.0,20.0,15.0,2.5,4.0,1,0,1,0,1,No Job,0.0,Not Placed
STU03393,Yogesh Roy,25,Male,2023,Cybersecurity,64.6,36.3,30.6,46.0,3.8,4.6,0,52,2,0,0,No Job,0.0,Not Placed
STU03394,Sonam Kumar,20,Male,2024,MERN,76.0,83.8,79.2,76.6,5.9,6.5,0,92,1,0,0,Job,8.48,Tier 1
STU03395,Bhavna Arora,19,Male,2023,QA,62.8,57.5,37.0,49.3,4.1,6.1,1,74,1,0,1,Job,4.18,Tier 3
STU03396,Kunal Chauhan,19,Male,2023,Data Science,64.2,66.4,64.5,69.0,6.0,6.9,0,134,2,0,2,Internship,1.46,Tier 2
STU03397,Komal Malhotra,21,Male,2024,QA,81.6,77.0,79.2,77.4,7.8,5.3,0,164,0,0,0,No Job,0.0,Not Placed
STU03398,Neha Kapoor,21,Male,2023,MERN,69.8,71.4,69.2,65.8,5.8,6.7,1,136,2,0,2,Job,7.45,Tier 2
STU03399,Naman Goyal,26,Female,2022,DevOps,68.8,72.9,65.3,75.2,6.2,8.0,0,87,1,0,0,Job,7.78,Tier 2
STU03400,Suresh Garg,25,Male,2023,QA,53.4,39.6,37.5,43.3,2.8,5.7,4,88,1,0,0,Job,4.19,Tier 3
STU03401,Karishma Nair,26,Male,2024,MERN,69.4,73.8,70.0,64.7,5.2,6.0,2,153,1,1,0,Internship,1.92,Tier 3
STU03402,Surbhi Nair,19,Female,2023,Data Science,75.8,57.3,50.7,38.2,3.8,3.5,1,74,1,1,3,No Job,0.0,Not Placed
STU03403,Mehak Desai,22,Male,2023,Cybersecurity,58.0,43.8,37.8,45.5,3.8,3.6,0,43,2,0,2,No Job,0.0,Not Placed
STU03404,Nikhil Yadav,26,Female,2024,DevOps,90.7,95.8,91.5,83.6,7.5,8.0,3,190,3,0,0,Job,9.15,Tier 1
STU03405,Bhavna Rastogi,20,Male,2024,DevOps,70.3,59.9,53.8,61.1,6.5,3.5,0,123,1,0,1,No Job,0.0,Not Placed
STU03406,Rahul Khanna,25,Female,2023,MERN,67.5,52.6,35.7,33.1,4.3,5.6,5,98,0,1,0,No Job,0.0,Not Placed
STU03407,Rahul Trivedi,26,Female,2024,Data Science,78.7,76.6,59.4,56.7,5.1,7.2,3,161,0,1,0,No Job,0.0,Not Placed
STU03408,Mira Rastogi,27,Female,2024,MERN,59.8,43.4,20.9,35.7,4.4,4.5,1,83,1,0,3,No Job,0.0,Not Placed
STU03409,Nikita Dixit,25,Female,2024,Data Science,43.3,45.4,35.2,36.1,4.4,4.8,2,37,0,0,0,No Job,0.0,Not Placed
STU03410,Karishma Ghosh,27,Male,2024,Figma Designer,68.6,61.1,48.5,58.2,4.9,4.7,0,107,1,0,0,Job,4.54,Tier 3
STU03411,Rajesh Patel,20,Female,2023,Data Science,48.2,29.5,20.0,35.8,3.1,3.7,1,81,1,0,1,No Job,0.0,Not Placed
STU03412,Vishal Bansal,19,Male,2023,DevOps,52.7,35.3,31.4,40.5,5.7,4.6,3,96,2,0,1,No Job,0.0,Not Placed
STU03413,Saloni Dixit,19,Female,2022,Data Science,49.6,40.3,39.4,38.4,3.6,3.5,0,38,1,0,1,No Job,0.0,Not Placed
STU03414,Sneha Patel,22,Male,2023,Data Science,75.7,63.3,63.8,52.4,5.1,6.7,0,100,2,0,2,Job,8.5,Tier 1
STU03415,Ruchi Shah,19,Female,2024,Cybersecurity,66.5,76.7,82.4,74.7,6.7,8.0,3,227,3,0,0,Internship,0.88,Tier 3
STU03416,Amar Dutta,25,Female,2024,Cybersecurity,53.5,38.1,22.4,37.3,3.7,3.2,1,0,1,0,1,No Job,0.0,Not Placed
STU03417,Vishal Singh,26,Female,2023,Data Science,93.1,85.4,80.3,85.1,7.2,7.2,2,171,2,1,0,Job,9.4,Tier 1
STU03418,Rohit Patel,21,Male,2023,Data Science,73.1,63.6,63.2,73.1,6.4,6.1,3,176,1,0,0,Internship,0.89,Tier 3
STU03419,Asha Bansal,19,Female,2023,Data Science,60.9,49.9,59.1,46.6,4.0,5.2,0,106,0,0,0,Job,7.38,Tier 2
STU03420,Anand Chopra,21,Male,2023,QA,53.4,44.5,36.9,38.3,4.0,3.6,1,37,0,0,3,No Job,0.0,Not Placed
STU03421,Sandeep Batra,20,Male,2024,DevOps,48.4,33.1,30.5,24.0,2.7,2.8,1,52,2,0,3,No Job,0.0,Not Placed
STU03422,Mehak Kapoor,24,Male,2023,Data Science,75.1,54.3,53.9,54.9,4.4,5.2,2,60,0,0,0,Job,8.09,Tier 1
STU03423,Prateek Yadav,25,Female,2022,DevOps,49.5,37.5,45.6,38.8,5.5,5.2,3,139,4,0,1,Internship,2.1,Tier 2
STU03424,Anand Khanna,27,Female,2023,Cybersecurity,46.6,38.9,34.1,44.9,4.6,4.7,1,90,1,1,0,No Job,0.0,Not Placed
STU03425,Aryan Gandhi,23,Female,2022,QA,64.9,51.8,50.1,57.7,4.5,5.7,0,100,1,0,0,Job,5.05,Tier 3
STU03426,Prateek Desai,22,Male,2024,Figma Designer,55.1,39.1,42.2,44.8,4.0,4.3,2,71,1,0,1,No Job,0.0,Not Placed
STU03427,Nitin Garg,19,Female,2023,MERN,64.4,56.8,57.8,50.9,4.6,4.1,3,145,0,0,1,Internship,1.72,Tier 3
STU03428,Rohit Chawla,24,Male,2024,Data Science,67.5,47.5,46.8,55.4,4.5,6.1,1,118,0,1,2,No Job,0.0,Not Placed
STU03429,Arjun Chawla,26,Male,2022,MERN,99.8,100.0,96.3,98.3,8.4,8.5,2,208,2,1,0,Job,7.27,Tier 2
STU03430,Uma Roy,22,Male,2022,QA,40.9,20.0,20.0,15.0,2.2,3.3,0,0,0,0,2,No Job,0.0,Not Placed
STU03431,Khushi Kaur,19,Female,2023,Figma Designer,71.5,61.7,57.2,59.5,6.2,7.2,0,99,0,1,1,Job,5.1,Tier 3
STU03432,Deepika Shukla,23,Male,2024,DevOps,58.0,49.0,57.2,57.3,3.6,3.6,1,73,2,0,0,No Job,0.0,Not Placed
STU03433,Kunal Agarwal,23,Male,2023,MERN,80.0,67.2,51.1,68.9,5.1,4.8,1,88,1,0,1,Job,6.71,Tier 2
STU03434,Anish Varma,20,Female,2022,DevOps,75.3,72.2,65.5,65.1,6.6,4.3,0,123,1,1,0,Internship,2.35,Tier 3
STU03435,Sachin Chopra,24,Male,2022,MERN,90.1,93.7,97.5,77.4,6.9,8.9,0,141,2,0,0,Job,7.12,Tier 2
STU03436,Nandini Malhotra,27,Female,2023,MERN,63.6,61.2,53.9,60.5,5.2,6.7,2,98,2,1,0,Job,6.54,Tier 2
STU03437,Meena Dutta,24,Male,2022,Cybersecurity,58.2,32.7,21.6,41.8,4.4,3.9,2,87,2,0,0,No Job,0.0,Not Placed
STU03438,Shivam Gupta,26,Male,2023,Data Science,74.7,71.2,69.3,56.3,3.3,5.8,0,104,0,0,0,No Job,0.0,Not Placed
STU03439,Nitin Mehta,21,Other,2023,MERN,67.2,48.0,48.1,39.0,6.2,4.0,1,97,0,0,0,No Job,0.0,Not Placed
STU03440,Vineeta Garg,20,Male,2022,Cybersecurity,58.2,47.6,50.8,46.5,4.7,4.7,1,74,1,0,0,Job,5.79,Tier 2
STU03441,Khushi Sharma,22,Female,2022,Data Science,60.6,62.0,55.3,56.6,5.2,4.3,1,82,3,0,2,Job,7.67,Tier 2
STU03442,Deepak Varma,27,Male,2022,Data Science,63.5,58.5,57.9,52.4,5.7,6.6,5,189,2,1,1,Job,6.0,Tier 2
STU03443,Amar Bhatt,27,Male,2024,MERN,58.0,52.6,38.2,47.4,4.5,5.6,1,78,2,0,0,Internship,1.77,Tier 2
STU03444,Krishna Malhotra,21,Female,2023,QA,66.3,57.3,55.0,47.7,3.9,6.3,1,38,1,0,0,Internship,2.19,Tier 3
STU03445,Ashu Gandhi,19,Male,2024,QA,46.6,38.9,26.4,29.3,3.3,3.0,0,21,1,0,1,Job,3.19,Tier 3
STU03446,Krishna Garg,19,Female,2022,Data Science,67.9,64.0,53.6,64.6,5.5,6.2,0,145,2,0,0,Internship,2.36,Tier 2
STU03447,Gaurav Iyer,22,Male,2024,DevOps,51.1,56.3,45.5,55.9,4.4,4.0,3,116,1,1,0,Internship,2.39,Tier 3
STU03448,Nikita Nair,22,Male,2022,MERN,70.8,72.8,58.7,57.8,5.6,4.8,4,183,0,0,0,Job,6.02,Tier 2
STU03449,Mehak Mishra,24,Female,2023,Cybersecurity,58.9,31.1,34.5,44.5,4.0,5.6,0,49,2,0,1,No Job,0.0,Not Placed
STU03450,Ishaan Desai,23,Male,2024,Cybersecurity,50.8,33.5,27.3,33.5,3.8,4.0,3,66,1,1,0,No Job,0.0,Not Placed
STU03451,Vanshika Rastogi,24,Male,2024,QA,46.6,36.5,25.5,47.7,5.9,4.4,1,62,0,1,1,No Job,0.0,Not Placed
STU03452,Sandeep Nair,25,Female,2024,DevOps,54.6,46.6,44.5,46.2,4.7,5.6,1,120,1,0,1,Internship,1.65,Tier 3
STU03453,Swati Batra,25,Female,2024,Figma Designer,61.5,49.4,42.8,46.8,5.8,6.5,0,79,1,0,0,No Job,0.0,Not Placed
STU03454,Lalit Roy,27,Male,2022,Figma Designer,71.9,61.6,58.0,57.4,6.3,5.8,1,67,0,1,0,Internship,2.3,Tier 3
STU03455,Yash Bansal,24,Female,2023,Figma Designer,40.0,20.0,20.0,17.1,1.0,3.8,4,71,1,0,0,No Job,0.0,Not Placed
STU03456,Divya Chopra,26,Female,2023,DevOps,92.3,93.8,84.7,77.5,6.3,7.0,0,153,4,1,0,Job,8.64,Tier 1
STU03457,Amar Goyal,20,Male,2024,MERN,67.4,42.3,30.5,48.7,3.0,4.3,0,43,0,0,0,No Job,0.0,Not Placed
STU03458,Deepika Sinha,26,Male,2022,MERN,56.1,35.1,22.4,32.3,5.0,2.0,2,102,1,0,0,No Job,0.0,Not Placed
STU03459,Sourabh Yadav,27,Male,2024,Data Science,82.7,79.7,66.7,57.9,6.3,4.9,0,175,3,0,0,Internship,1.92,Tier 2
STU03460,Ankit Bhatt,22,Female,2023,MERN,46.6,31.7,20.0,28.9,3.2,5.7,1,29,4,0,1,No Job,0.0,Not Placed
STU03461,Dev Joshi,23,Female,2023,Cybersecurity,56.3,46.2,52.9,62.7,4.1,5.9,0,34,0,0,2,Job,8.01,Tier 1
STU03462,Sakshi Iyer,23,Female,2022,Cybersecurity,64.5,54.2,53.0,47.4,4.5,4.7,4,97,2,0,1,No Job,0.0,Not Placed
STU03463,Pranav Dixit,20,Female,2023,Figma Designer,56.0,53.4,51.6,50.1,4.3,4.5,1,109,1,1,0,No Job,0.0,Not Placed
STU03464,Lakshmi Dutta,23,Male,2024,Data Science,69.0,54.1,52.7,54.5,2.8,5.0,0,62,0,0,0,Job,6.13,Tier 2
STU03465,Vishal Gandhi,27,Male,2023,Data Science,60.0,49.3,41.5,51.9,5.6,5.0,0,34,2,1,0,No Job,0.0,Not Placed
STU03466,Zara Dubey,22,Male,2024,QA,84.3,75.7,59.2,68.6,6.0,7.3,0,89,1,0,0,Internship,1.02,Tier 3
STU03467,Asha Shah,21,Male,2024,MERN,83.8,70.0,71.5,79.5,7.8,7.7,1,153,0,0,0,Job,7.41,Tier 2
STU03468,Vaibhav Mehta,25,Female,2023,Data Science,50.3,40.9,40.0,33.8,4.1,4.4,0,13,2,0,1,No Job,0.0,Not Placed
STU03469,Vineeta Garg,26,Female,2024,Figma Designer,64.2,51.9,41.7,45.0,4.7,6.1,1,91,0,0,0,No Job,0.0,Not Placed
STU03470,Lakshmi Verma,24,Male,2023,QA,56.0,36.2,22.9,32.0,3.4,4.0,3,63,2,0,0,No Job,0.0,Not Placed
STU03471,Seema Tiwari,24,Male,2023,MERN,62.8,57.8,43.2,59.2,5.5,5.7,2,127,1,0,2,Job,5.85,Tier 2
STU03472,Prachi Varma,23,Female,2022,QA,79.5,76.4,64.7,76.3,5.3,7.0,1,149,0,0,0,Job,5.03,Tier 3
STU03473,Sanjay Khanna,24,Male,2023,Cybersecurity,66.7,51.1,64.0,51.4,3.5,6.1,2,103,0,1,0,No Job,0.0,Not Placed
STU03474,Nandini Jain,27,Male,2023,QA,65.7,42.8,49.7,36.3,2.3,4.2,2,57,0,0,0,No Job,0.0,Not Placed
STU03475,Sakshi Dutta,20,Female,2024,QA,69.2,50.8,46.3,63.1,4.7,5.5,0,37,3,1,0,No Job,0.0,Not Placed
STU03476,Naman Nair,21,Male,2023,Data Science,62.0,56.8,55.3,45.9,4.7,6.5,2,113,1,1,2,Internship,1.45,Tier 2
STU03477,Sneha Reddy,19,Female,2022,Cybersecurity,62.1,49.1,49.9,40.9,4.6,3.6,3,153,3,1,1,No Job,0.0,Not Placed
STU03478,Asha Nair,22,Male,2023,Data Science,55.3,46.5,36.8,46.3,3.3,4.6,3,68,2,1,0,Job,6.6,Tier 2
STU03479,Mihir Shukla,20,Female,2022,Data Science,59.9,54.7,43.5,77.4,4.7,4.5,1,148,2,0,1,No Job,0.0,Not Placed
STU03480,Divya Shah,24,Female,2024,Figma Designer,63.3,37.6,25.9,34.2,3.6,4.1,0,78,2,0,2,No Job,0.0,Not Placed
STU03481,Tanvi Shah,19,Male,2024,DevOps,40.0,20.0,20.0,15.0,1.9,3.1,1,0,0,0,1,No Job,0.0,Not Placed
STU03482,Kavya Goyal,26,Male,2023,Cybersecurity,74.2,76.2,68.5,75.4,6.2,5.7,1,133,1,0,0,Internship,1.11,Tier 3
STU03483,Karan Gandhi,24,Male,2024,QA,63.0,57.5,49.3,58.7,4.3,4.3,1,111,2,1,2,No Job,0.0,Not Placed
STU03484,Sara Kaur,27,Male,2023,Figma Designer,65.9,49.5,42.3,43.4,6.4,6.7,1,98,2,1,2,No Job,0.0,Not Placed
STU03485,Aryan Nair,24,Male,2023,QA,54.6,43.9,27.3,50.9,3.3,4.8,0,40,2,0,0,No Job,0.0,Not Placed
STU03486,Yash Shah,25,Female,2022,DevOps,57.3,56.5,35.4,46.9,3.6,5.7,0,90,2,0,0,No Job,0.0,Not Placed
STU03487,Nitin Yadav,23,Female,2023,MERN,46.2,36.5,32.8,35.2,3.4,4.9,0,55,2,0,0,No Job,0.0,Not Placed
STU03488,Lalit Chopra,26,Female,2024,Data Science,77.1,80.8,67.6,64.8,7.5,5.6,5,179,2,1,0,Job,8.05,Tier 1
STU03489,Vikas Kaur,26,Male,2022,MERN,67.8,60.5,46.9,45.9,5.0,5.6,1,88,2,0,2,No Job,0.0,Not Placed
STU03490,Sanjana Mehta,27,Female,2023,MERN,45.2,29.5,21.3,37.3,3.1,3.2,0,26,1,0,0,No Job,0.0,Not Placed
STU03491,Vanshika Kapoor,24,Male,2023,DevOps,75.1,66.8,65.3,71.0,4.9,5.2,1,118,0,1,0,Job,7.57,Tier 2
STU03492,Dev Tiwari,19,Female,2022,Cybersecurity,79.8,77.1,70.1,74.3,5.6,7.3,2,144,0,1,0,Job,7.94,Tier 2
STU03493,Prachi Chauhan,27,Female,2022,Figma Designer,65.6,60.8,42.0,34.4,4.5,3.7,2,78,0,0,0,No Job,0.0,Not Placed
STU03494,Deepak Khanna,21,Female,2022,Cybersecurity,91.3,82.7,91.4,71.9,6.4,5.7,5,208,1,0,0,Job,7.73,Tier 2
STU03495,Krishna Varma,27,Female,2024,Cybersecurity,71.6,54.3,48.7,58.1,4.9,5.1,0,79,3,0,1,No Job,0.0,Not Placed
STU03496,Deepak Rastogi,25,Male,2024,MERN,64.2,55.3,62.0,47.7,6.1,3.6,3,133,1,0,3,Job,5.87,Tier 2
STU03497,Harsh Gandhi,21,Male,2023,Data Science,66.1,59.9,41.1,57.1,7.7,5.2,3,153,1,1,1,Job,6.84,Tier 2
STU03498,Vikram Iyer,27,Female,2024,MERN,75.1,67.4,53.7,66.8,4.9,5.2,1,105,3,1,3,No Job,0.0,Not Placed
STU03499,Sara Ghosh,25,Male,2022,QA,86.2,79.0,59.8,80.9,6.9,6.5,4,190,3,0,0,Job,5.33,Tier 3
STU03500,Swati Kapoor,25,Male,2023,Data Science,68.8,62.5,60.0,47.4,6.4,7.4,0,78,1,1,1,No Job,0.0,Not Placed
STU03501,Neha Sinha,25,Female,2022,Cybersecurity,68.7,58.2,59.1,53.2,4.8,4.4,1,103,1,1,2,Job,7.42,Tier 2
STU03502,Deepak Mishra,20,Female,2022,DevOps,84.1,71.1,46.2,52.2,4.4,4.0,2,130,1,1,0,Job,6.91,Tier 2
STU03503,Lakshmi Verma,22,Male,2024,Data Science,71.7,55.4,59.5,55.9,5.0,5.5,4,164,1,1,0,No Job,0.0,Not Placed
STU03504,Sakshi Kumar,26,Male,2022,MERN,58.1,45.1,35.4,41.5,4.7,3.8,0,46,1,0,0,No Job,0.0,Not Placed
STU03505,Manish Srivastava,20,Male,2024,DevOps,44.9,23.0,20.0,27.5,3.7,3.7,2,40,0,0,0,No Job,0.0,Not Placed
STU03506,Mehak Trivedi,22,Female,2023,MERN,67.4,58.0,52.7,59.5,6.2,6.8,4,155,0,1,1,Job,6.57,Tier 2
STU03507,Amit Joshi,26,Male,2022,QA,54.4,40.2,38.1,31.0,5.7,5.8,0,37,2,0,2,No Job,0.0,Not Placed
STU03508,Simran Chauhan,21,Female,2024,Cybersecurity,52.4,35.1,33.9,27.4,3.7,3.2,0,0,0,1,0,No Job,0.0,Not Placed
STU03509,Simran Desai,24,Female,2023,DevOps,82.8,82.4,69.0,78.9,7.0,6.0,2,201,0,0,0,Job,8.23,Tier 1
STU03510,Vinay Rao,20,Male,2023,QA,40.0,20.0,20.0,15.0,1.0,1.1,1,0,1,0,3,No Job,0.0,Not Placed
STU03511,Ayush Mehta,26,Male,2022,DevOps,63.4,62.5,66.3,57.1,6.5,6.1,0,136,0,0,0,Internship,1.87,Tier 2
STU03512,Kavya Yadav,26,Male,2022,Figma Designer,53.3,31.1,25.1,28.7,1.1,4.1,4,66,2,0,1,No Job,0.0,Not Placed
STU03513,Rohit Khanna,19,Female,2024,Data Science,54.4,47.3,24.8,39.5,3.7,4.5,1,114,2,0,0,Internship,1.68,Tier 3
STU03514,Avni Shukla,21,Male,2023,Cybersecurity,63.1,61.4,60.2,48.3,3.7,5.1,1,144,4,0,0,Internship,1.92,Tier 3
STU03515,Sneha Gupta,20,Female,2022,MERN,77.2,82.1,77.9,76.6,7.5,7.7,3,190,1,0,0,Job,8.18,Tier 1
STU03516,Gaurav Tiwari,25,Male,2024,MERN,81.8,74.5,68.1,64.3,6.6,7.7,1,123,0,1,0,Job,6.28,Tier 2
STU03517,Pranav Malhotra,25,Male,2022,Data Science,64.4,39.2,27.1,36.6,5.3,5.4,1,55,3,0,1,Job,6.11,Tier 2
STU03518,Nikhil Tiwari,22,Female,2022,DevOps,69.1,61.7,45.8,61.7,2.8,7.3,1,75,0,1,0,Internship,1.47,Tier 3
STU03519,Amar Dubey,26,Male,2022,Data Science,58.6,41.4,43.5,33.5,5.8,5.0,2,131,1,1,0,No Job,0.0,Not Placed
STU03520,Karan Chauhan,21,Female,2023,Data Science,53.1,24.6,28.5,23.2,2.3,2.1,0,18,2,0,0,No Job,0.0,Not Placed
STU03521,Lakshmi Dubey,27,Male,2022,Figma Designer,61.3,56.8,61.6,63.0,5.0,3.4,1,121,1,0,0,Job,5.15,Tier 3
STU03522,Anushka Arora,23,Female,2023,QA,60.9,38.9,35.6,41.8,5.0,5.1,3,120,2,1,0,Job,3.77,Tier 3
STU03523,Kavya Bansal,20,Female,2024,QA,67.7,68.1,66.3,59.3,5.8,4.6,2,124,0,1,0,Internship,2.0,Tier 2
STU03524,Tarun Reddy,27,Female,2022,QA,62.1,56.3,45.7,46.6,4.0,6.5,0,76,1,0,0,No Job,0.0,Not Placed
STU03525,Deepika Jain,19,Male,2023,Figma Designer,83.4,79.7,76.7,89.1,6.3,6.8,1,170,1,0,0,Job,4.87,Tier 3
STU03526,Ashu Kumar,26,Male,2023,DevOps,59.5,59.4,67.4,65.1,4.7,5.3,0,67,2,0,0,No Job,0.0,Not Placed
STU03527,Vinay Shah,24,Male,2023,MERN,64.6,52.6,53.9,49.1,5.4,5.4,3,122,3,0,0,Job,6.04,Tier 2
STU03528,Pankaj Agarwal,19,Male,2024,QA,86.2,100.0,95.0,81.8,8.5,7.4,0,168,1,0,0,Job,6.18,Tier 2
STU03529,Tushar Malhotra,22,Female,2023,QA,60.5,56.8,57.4,58.7,6.1,6.3,0,59,2,1,0,Job,5.29,Tier 3
STU03530,Lakshmi Varma,21,Male,2022,MERN,75.8,81.0,80.1,81.1,7.1,6.8,2,180,2,1,0,Job,8.56,Tier 1
STU03531,Tanvi Malhotra,25,Male,2023,DevOps,55.2,35.9,21.3,43.7,3.1,4.2,5,107,2,0,0,No Job,0.0,Not Placed
STU03532,Aryan Roy,25,Female,2022,MERN,41.6,20.0,20.0,17.9,2.9,3.7,1,0,1,0,1,No Job,0.0,Not Placed
STU03533,Sonam Jain,24,Female,2023,Figma Designer,59.9,61.4,57.4,45.9,6.9,5.6,3,153,0,1,0,Job,4.35,Tier 3
STU03534,Deepak Jain,26,Female,2022,MERN,77.2,59.8,71.5,64.7,5.6,5.0,1,188,0,1,0,Job,6.71,Tier 2
STU03535,Dev Goyal,25,Male,2022,Figma Designer,56.1,26.7,20.0,27.5,4.3,3.6,2,57,1,0,0,No Job,0.0,Not Placed
STU03536,Mohit Desai,22,Male,2023,Figma Designer,74.1,55.3,39.6,28.3,4.9,5.8,1,64,0,0,0,Internship,2.07,Tier 3
STU03537,Aarav Trivedi,25,Male,2022,Cybersecurity,48.7,26.2,20.0,23.0,2.3,5.1,2,47,0,0,1,No Job,0.0,Not Placed
STU03538,Asha Reddy,19,Male,2023,DevOps,64.8,59.6,44.6,59.7,5.2,6.6,0,93,0,0,2,No Job,0.0,Not Placed
STU03539,Jatin Goyal,21,Male,2022,MERN,63.2,51.0,34.0,55.9,4.6,5.7,1,66,0,0,0,No Job,0.0,Not Placed
STU03540,Vikas Srivastava,20,Other,2024,Data Science,78.0,57.5,49.6,57.2,5.0,5.4,5,194,4,1,0,Internship,1.54,Tier 2
STU03541,Naman Iyer,25,Male,2022,Data Science,61.9,47.3,40.5,41.2,3.5,5.9,2,91,0,0,0,No Job,0.0,Not Placed
STU03542,Jatin Malhotra,27,Male,2024,QA,67.4,51.2,49.2,44.3,4.0,4.6,0,27,1,0,0,No Job,0.0,Not Placed
STU03543,Lakshmi Chauhan,23,Male,2023,DevOps,72.6,59.1,54.8,56.4,4.7,5.4,0,92,2,0,0,Job,6.19,Tier 2
STU03544,Ayush Chauhan,27,Male,2024,Data Science,72.6,65.3,59.6,63.1,7.0,5.8,2,118,2,1,0,Job,7.92,Tier 2
STU03545,Surbhi Tiwari,26,Male,2022,MERN,71.3,64.5,59.2,68.8,4.6,3.4,0,85,3,0,0,Job,6.95,Tier 2
STU03546,Manisha Varma,19,Male,2023,Figma Designer,65.1,59.4,67.5,68.0,7.4,6.1,0,120,2,1,3,Job,5.58,Tier 2
STU03547,Karishma Rao,20,Male,2023,MERN,70.6,56.8,71.7,55.5,6.2,6.0,2,139,1,1,0,Job,7.2,Tier 2
STU03548,Vidya Dixit,24,Male,2023,Figma Designer,84.6,90.3,83.6,80.1,6.0,7.2,2,177,1,1,0,No Job,0.0,Not Placed
STU03549,Harsh Iyer,23,Male,2023,MERN,72.1,57.4,53.3,67.8,4.8,5.5,2,165,3,1,2,Job,6.48,Tier 2
STU03550,Nitin Kumar,25,Female,2023,DevOps,70.4,56.8,47.8,58.0,5.8,7.0,0,58,0,0,0,Job,6.78,Tier 2
STU03551,Ravi Rao,27,Male,2023,Data Science,69.9,52.7,55.8,42.8,4.0,3.4,1,65,1,0,2,No Job,0.0,Not Placed
STU03552,Arjun Batra,22,Male,2022,DevOps,68.0,57.2,48.5,54.0,5.2,5.7,1,121,1,0,0,Job,5.42,Tier 3
STU03553,Parth Srivastava,26,Female,2022,Cybersecurity,55.0,38.6,29.2,23.6,1.8,4.5,2,73,2,0,0,No Job,0.0,Not Placed
STU03554,Anil Yadav,22,Male,2023,MERN,52.7,49.0,44.4,35.1,4.3,6.1,3,99,4,0,0,No Job,0.0,Not Placed
STU03555,Anil Mehta,21,Female,2022,DevOps,77.2,70.6,80.1,64.8,6.2,6.6,0,163,1,0,0,No Job,0.0,Not Placed
STU03556,Akash Gupta,20,Female,2022,Cybersecurity,48.2,33.2,20.0,34.7,4.9,4.1,3,42,2,0,2,No Job,0.0,Not Placed
STU03557,Aryan Ghosh,26,Male,2022,Cybersecurity,66.6,71.3,80.4,70.2,6.1,6.6,2,185,3,0,0,Internship,1.77,Tier 3
STU03558,Tarun Bhatt,26,Female,2022,QA,54.1,54.1,32.1,53.3,5.3,5.2,1,47,0,0,0,Job,5.38,Tier 3
STU03559,Akshay Joshi,21,Female,2023,MERN,60.3,37.1,23.9,37.9,5.1,4.3,2,69,2,0,1,No Job,0.0,Not Placed
STU03560,Ruchi Iyer,19,Male,2023,DevOps,66.2,55.3,45.0,39.4,5.6,3.8,2,108,3,1,0,No Job,0.0,Not Placed
STU03561,Vishal Arora,24,Female,2024,Figma Designer,67.4,58.1,58.6,70.4,6.7,6.1,0,117,2,0,0,Internship,1.98,Tier 3
STU03562,Sonam Gandhi,23,Male,2023,Figma Designer,62.5,49.6,59.9,42.9,5.0,5.5,0,70,2,0,0,No Job,0.0,Not Placed
STU03563,Akash Trivedi,26,Male,2024,Figma Designer,77.3,80.1,84.0,76.5,7.7,6.6,0,126,3,1,0,Job,6.47,Tier 2
STU03564,Vinay Dixit,24,Female,2023,MERN,75.3,51.7,54.2,52.5,5.0,5.9,4,202,0,1,0,Job,5.74,Tier 2
STU03565,Palak Rao,22,Female,2024,QA,65.2,67.1,62.2,66.8,6.1,6.9,3,144,3,1,0,Internship,2.02,Tier 3
STU03566,Varun Chopra,20,Female,2024,Cybersecurity,67.0,57.0,65.7,54.2,4.7,5.5,0,76,3,1,0,Internship,1.1,Tier 3
STU03567,Prateek Desai,26,Male,2023,Data Science,72.5,56.9,47.4,48.0,4.4,6.9,2,102,2,0,0,Internship,1.02,Tier 2
STU03568,Sourabh Dubey,23,Male,2023,QA,68.5,47.7,32.8,53.1,6.6,6.3,4,153,1,1,0,No Job,0.0,Not Placed
STU03569,Tarun Shukla,26,Female,2022,Cybersecurity,64.9,61.9,54.4,53.2,6.0,4.6,4,174,1,1,0,Job,7.44,Tier 2
STU03570,Komal Gandhi,23,Male,2022,Data Science,67.4,60.3,55.4,60.6,3.9,4.9,1,88,1,0,0,Internship,1.89,Tier 3
STU03571,Kabir Gandhi,24,Other,2024,Data Science,67.3,58.6,49.3,69.4,5.3,5.0,2,157,1,0,2,No Job,0.0,Not Placed
STU03572,Ankita Shukla,23,Male,2024,QA,75.1,75.1,84.9,68.8,5.6,5.3,1,132,2,1,0,Job,6.17,Tier 2
STU03573,Renu Desai,21,Male,2024,Data Science,75.9,74.2,77.6,73.5,7.0,5.5,0,111,2,1,0,Job,8.25,Tier 1
STU03574,Mihir Chawla,26,Male,2024,Data Science,52.0,37.6,20.0,25.2,3.9,2.0,1,29,2,0,0,No Job,0.0,Not Placed
STU03575,Abhinav Khanna,21,Male,2024,DevOps,78.8,77.8,67.1,65.4,6.4,6.7,1,112,0,0,0,Job,7.54,Tier 2
STU03576,Vaibhav Srivastava,22,Female,2023,Data Science,73.3,51.2,51.9,52.8,4.4,5.8,1,101,0,0,0,No Job,0.0,Not Placed
STU03577,Pooja Sinha,24,Male,2023,Figma Designer,68.8,49.4,47.0,57.0,5.9,3.5,0,54,3,0,2,No Job,0.0,Not Placed
STU03578,Sanjana Khanna,20,Female,2023,DevOps,78.2,62.5,69.6,51.2,5.3,4.5,2,114,2,1,0,No Job,0.0,Not Placed
STU03579,Geeta Garg,25,Male,2023,DevOps,61.3,60.5,66.2,59.5,5.6,5.4,4,140,1,1,3,No Job,0.0,Not Placed
STU03580,Shreya Bhatt,23,Male,2022,Figma Designer,63.8,46.4,38.2,31.6,3.7,4.4,2,97,0,0,2,No Job,0.0,Not Placed
STU03581,Suresh Malhotra,23,Female,2023,DevOps,69.0,70.6,70.2,63.5,4.7,7.1,1,77,2,0,0,Internship,1.68,Tier 3
STU03582,Harsha Joshi,23,Male,2023,MERN,53.4,34.0,31.9,40.8,4.6,4.5,1,106,1,0,0,No Job,0.0,Not Placed
STU03583,Vikas Gupta,20,Female,2023,QA,67.8,63.0,58.3,57.8,4.4,5.4,1,102,0,0,0,Job,6.09,Tier 2
STU03584,Vinay Arora,27,Female,2024,DevOps,64.3,40.3,40.8,48.7,5.5,5.3,2,144,2,0,0,No Job,0.0,Not Placed
STU03585,Dev Gandhi,21,Female,2023,MERN,60.8,74.7,57.4,59.7,5.4,7.1,0,156,4,0,2,No Job,0.0,Not Placed
STU03586,Vaibhav Nair,25,Male,2022,Cybersecurity,78.7,72.6,73.8,45.0,5.8,7.5,3,156,2,1,0,Job,7.41,Tier 2
STU03587,Vidya Chauhan,23,Female,2024,QA,82.0,71.2,72.1,67.0,7.0,5.5,0,170,0,1,0,No Job,0.0,Not Placed
STU03588,Prateek Shah,23,Other,2023,QA,56.6,43.6,50.9,36.2,3.7,5.6,3,81,1,0,1,No Job,0.0,Not Placed
STU03589,Sakshi Dubey,22,Male,2022,Figma Designer,76.3,81.3,87.5,76.8,5.2,6.2,1,135,1,1,0,No Job,0.0,Not Placed
STU03590,Sandeep Bhatt,24,Female,2023,QA,69.1,66.8,54.6,48.3,5.1,3.4,1,47,1,0,0,Internship,1.11,Tier 2
STU03591,Saloni Kaur,25,Male,2023,QA,47.5,32.5,37.5,35.5,2.9,4.2,0,0,1,0,0,No Job,0.0,Not Placed
STU03592,Nikita Jain,25,Male,2024,QA,57.1,55.1,47.4,58.0,4.9,6.5,1,102,2,0,0,No Job,0.0,Not Placed
STU03593,Vishal Goyal,26,Male,2023,Data Science,62.8,48.4,32.6,38.9,5.3,4.8,0,43,1,1,1,No Job,0.0,Not Placed
STU03594,Seema Tiwari,23,Female,2022,MERN,59.3,58.4,50.2,54.8,3.4,5.6,3,164,2,0,0,Internship,2.05,Tier 3
STU03595,Priya Ghosh,25,Female,2023,Cybersecurity,67.4,66.0,57.4,60.4,5.4,4.5,0,69,2,0,0,Job,6.7,Tier 2
STU03596,Shivam Verma,22,Male,2024,Cybersecurity,77.1,57.1,59.6,57.6,5.9,6.1,0,91,4,0,0,Job,6.44,Tier 2
STU03597,Naman Shah,27,Male,2023,Data Science,73.7,67.6,55.4,58.5,5.4,6.4,0,79,1,0,3,Job,7.04,Tier 2
STU03598,Naman Garg,23,Female,2024,MERN,70.8,76.0,69.6,79.5,6.4,6.8,1,159,1,0,1,Internship,2.26,Tier 3
STU03599,Maya Jain,21,Male,2022,MERN,51.6,43.5,44.3,44.0,5.1,4.9,1,103,3,0,0,Job,6.0,Tier 2
STU03600,Uma Sharma,23,Male,2024,DevOps,72.0,56.9,57.7,62.4,6.1,5.1,1,136,0,1,2,Job,6.12,Tier 2
STU03601,Amit Pillai,27,Female,2024,QA,67.8,46.9,55.3,54.3,3.7,5.2,2,126,1,0,1,Job,5.41,Tier 3
STU03602,Saloni Malhotra,26,Female,2024,Figma Designer,80.9,87.5,75.5,88.0,7.9,8.0,1,203,2,1,0,Job,6.76,Tier 2
STU03603,Aryan Srivastava,19,Male,2023,QA,54.0,30.3,35.9,37.5,3.5,4.1,1,55,0,0,2,No Job,0.0,Not Placed
STU03604,Mehak Chopra,23,Male,2024,QA,54.3,45.8,38.0,38.7,2.8,3.1,0,63,0,0,0,No Job,0.0,Not Placed
STU03605,Sakshi Nair,24,Female,2023,DevOps,96.2,85.9,88.3,85.2,7.3,7.5,0,173,1,0,0,Internship,1.43,Tier 3
STU03606,Sachin Jain,20,Female,2024,MERN,50.7,39.4,36.5,50.7,3.8,5.0,0,68,1,0,3,No Job,0.0,Not Placed
STU03607,Komal Gupta,24,Male,2023,MERN,51.8,31.2,24.5,32.7,4.1,4.0,0,17,2,0,0,No Job,0.0,Not Placed
STU03608,Parth Yadav,27,Male,2022,Cybersecurity,77.1,91.2,100.0,89.2,6.1,7.1,4,199,1,1,0,Job,8.94,Tier 1
STU03609,Rohit Chawla,22,Male,2023,Data Science,51.3,33.3,35.3,33.2,4.0,4.1,2,35,0,0,0,No Job,0.0,Not Placed
STU03610,Farhan Dixit,21,Male,2023,DevOps,63.3,55.1,48.2,63.3,5.3,6.1,2,144,3,0,0,Internship,1.67,Tier 3
STU03611,Jatin Sharma,27,Female,2023,Cybersecurity,69.9,70.5,57.2,70.8,6.6,8.3,0,118,3,0,0,Internship,1.97,Tier 3
STU03612,Dev Chauhan,20,Male,2023,DevOps,72.6,68.4,62.1,77.5,6.7,5.9,1,110,0,1,0,Internship,1.87,Tier 3
STU03613,Deepika Iyer,27,Female,2023,Figma Designer,40.5,36.5,28.3,28.6,3.5,5.2,1,67,0,0,1,No Job,0.0,Not Placed
STU03614,Sara Chauhan,20,Female,2024,Cybersecurity,79.7,89.6,96.0,86.5,6.8,6.4,0,208,2,0,0,Job,9.47,Tier 1
STU03615,Geeta Malhotra,21,Female,2022,Data Science,59.1,48.5,50.0,54.6,3.7,5.7,0,121,0,0,0,Job,6.87,Tier 2
STU03616,Naman Gupta,25,Female,2023,DevOps,57.3,59.2,45.4,58.6,5.1,4.9,2,132,4,1,3,No Job,0.0,Not Placed
STU03617,Lalit Kumar,20,Male,2024,Cybersecurity,50.2,39.5,29.1,30.9,3.3,3.1,0,15,1,0,3,No Job,0.0,Not Placed
STU03618,Ritesh Mehta,19,Male,2023,MERN,69.8,61.4,58.2,53.7,6.6,6.1,1,92,2,0,0,Job,5.86,Tier 2
STU03619,Tanvi Nair,27,Female,2023,Data Science,76.1,71.5,73.0,80.2,7.4,7.6,4,186,1,0,0,Job,8.15,Tier 1
STU03620,Aditya Dubey,24,Female,2023,DevOps,56.9,46.2,40.4,45.2,5.9,5.4,1,95,1,0,2,No Job,0.0,Not Placed
STU03621,Karan Garg,27,Male,2023,Figma Designer,44.4,31.0,20.0,29.5,1.6,3.5,1,39,2,0,0,No Job,0.0,Not Placed
STU03622,Mehak Mehta,21,Female,2022,DevOps,53.8,34.1,36.6,32.2,3.3,4.1,3,98,1,0,0,No Job,0.0,Not Placed
STU03623,Manisha Kapoor,21,Male,2023,Figma Designer,59.4,43.7,34.5,49.8,5.0,6.1,2,131,2,0,1,No Job,0.0,Not Placed
STU03624,Mohit Sinha,21,Male,2024,QA,47.7,29.3,27.6,33.5,4.4,4.0,0,21,1,0,3,No Job,0.0,Not Placed
STU03625,Sourabh Chopra,20,Male,2023,Data Science,65.6,51.9,63.5,65.7,7.8,5.3,0,123,4,0,0,Job,6.22,Tier 2
STU03626,Mehak Joshi,24,Female,2022,Cybersecurity,62.9,57.2,51.7,53.7,6.3,7.6,0,62,0,0,0,Job,7.67,Tier 2
STU03627,Yash Rastogi,21,Male,2024,DevOps,57.6,41.8,48.2,31.8,4.2,2.1,1,80,0,0,2,No Job,0.0,Not Placed
STU03628,Sanjay Chawla,23,Male,2023,MERN,78.4,55.8,68.9,60.9,6.8,6.1,0,167,0,1,0,Job,6.24,Tier 2
STU03629,Anil Yadav,23,Other,2022,Cybersecurity,49.5,36.4,32.8,44.8,3.3,4.5,1,65,3,0,2,No Job,0.0,Not Placed
STU03630,Aarav Patel,21,Female,2024,QA,51.0,25.5,20.0,22.2,2.7,5.8,2,55,0,0,1,No Job,0.0,Not Placed
STU03631,Parth Chopra,21,Female,2022,Data Science,51.8,44.2,20.0,29.6,4.3,4.0,4,103,0,0,0,No Job,0.0,Not Placed
STU03632,Nandini Batra,19,Male,2024,Figma Designer,60.2,39.8,33.9,34.8,4.6,3.9,2,79,0,1,0,No Job,0.0,Not Placed
STU03633,Jyoti Bansal,24,Male,2023,QA,67.7,70.0,66.4,66.5,5.9,6.4,3,129,4,1,0,Job,6.59,Tier 2
STU03634,Vinay Srivastava,21,Male,2024,Figma Designer,69.3,65.7,67.2,62.1,4.9,3.2,1,125,3,0,0,No Job,0.0,Not Placed
STU03635,Amit Mishra,19,Female,2023,MERN,55.1,35.3,20.0,29.8,4.8,2.6,0,32,2,1,0,No Job,0.0,Not Placed
STU03636,Aarav Mishra,27,Female,2022,Figma Designer,59.8,47.0,45.4,37.1,3.0,2.8,3,94,1,1,0,Job,4.4,Tier 3
STU03637,Sachin Singh,19,Female,2023,MERN,76.1,90.9,93.5,81.6,7.2,6.8,3,178,0,0,0,Job,7.97,Tier 2
STU03638,Rajesh Verma,23,Female,2024,Data Science,75.0,69.1,68.6,60.0,6.3,6.4,0,130,4,0,3,Internship,1.3,Tier 3
STU03639,Sara Tiwari,23,Male,2024,QA,47.7,29.0,20.0,21.3,2.8,4.9,1,4,0,0,1,No Job,0.0,Not Placed
STU03640,Ritesh Trivedi,20,Female,2023,Cybersecurity,81.4,79.8,74.3,77.7,7.9,7.0,5,198,0,0,3,Job,8.29,Tier 1
STU03641,Isha Sharma,19,Male,2024,Cybersecurity,85.2,93.1,84.6,84.2,7.6,7.1,5,272,1,1,0,Internship,1.5,Tier 3
STU03642,Kajal Tiwari,24,Male,2022,DevOps,72.3,55.4,40.6,48.3,4.6,5.2,1,120,1,0,0,Job,6.23,Tier 2
STU03643,Nikita Gupta,25,Male,2022,Data Science,52.3,28.9,28.8,38.4,2.7,5.4,0,63,4,0,0,Internship,2.1,Tier 3
STU03644,Tarun Bhatt,27,Female,2022,Cybersecurity,64.0,44.1,42.2,46.1,7.3,5.4,0,17,0,0,0,No Job,0.0,Not Placed
STU03645,Manisha Rastogi,26,Female,2024,MERN,63.8,43.0,36.0,45.4,4.5,4.5,3,149,4,0,0,No Job,0.0,Not Placed
STU03646,Aditya Shah,21,Male,2024,DevOps,75.5,68.3,63.0,60.5,4.5,6.6,2,134,2,1,1,Job,6.35,Tier 2
STU03647,Anushka Rao,27,Male,2023,DevOps,65.0,54.5,46.3,43.9,3.4,4.4,1,57,1,1,0,Job,5.16,Tier 3
STU03648,Suresh Gupta,19,Male,2024,Figma Designer,61.9,65.9,63.7,62.2,6.9,5.3,0,115,3,1,0,Internship,2.28,Tier 3
STU03649,Deepika Khanna,24,Female,2023,Cybersecurity,78.0,57.2,48.0,62.8,4.1,5.2,1,100,1,0,0,Internship,1.61,Tier 3
STU03650,Sakshi Garg,20,Female,2023,QA,62.2,48.4,39.0,43.4,4.6,5.6,1,65,1,0,0,Job,5.11,Tier 3
STU03651,Zara Ghosh,27,Female,2022,Figma Designer,80.2,65.3,69.5,53.3,6.0,4.7,1,111,0,0,0,Job,5.15,Tier 3
STU03652,Ruchi Chauhan,27,Female,2024,Cybersecurity,74.0,59.1,57.7,39.7,4.4,4.3,0,79,3,0,0,No Job,0.0,Not Placed
STU03653,Farhan Ghosh,26,Male,2022,Data Science,61.2,49.3,22.6,49.9,3.6,4.7,1,38,3,1,1,No Job,0.0,Not Placed
STU03654,Meena Sharma,25,Male,2023,Data Science,66.3,63.0,49.0,53.5,5.2,6.1,1,78,2,0,0,Job,7.23,Tier 2
STU03655,Anand Ghosh,24,Male,2023,Cybersecurity,69.3,55.7,50.2,54.3,5.5,4.7,2,128,2,1,1,Job,6.7,Tier 2
STU03656,Aditya Gandhi,20,Male,2022,MERN,46.5,31.1,49.8,45.0,3.0,5.6,0,94,0,0,0,No Job,0.0,Not Placed
STU03657,Varun Roy,22,Male,2023,DevOps,56.3,33.8,30.7,31.4,2.1,5.2,3,116,1,0,2,No Job,0.0,Not Placed
STU03658,Seema Srivastava,25,Male,2022,Data Science,71.7,58.9,49.7,48.7,6.1,5.6,0,68,0,1,0,Job,7.22,Tier 2
STU03659,Surbhi Rastogi,24,Female,2024,MERN,76.2,60.3,52.9,56.3,5.8,6.5,1,123,2,1,2,No Job,0.0,Not Placed
STU03660,Sourabh Gandhi,27,Male,2023,DevOps,67.1,65.0,57.9,75.6,5.8,5.1,0,78,0,0,1,No Job,0.0,Not Placed
STU03661,Aarav Roy,23,Male,2023,Figma Designer,70.8,68.0,60.8,54.9,4.8,6.9,3,128,1,1,0,Job,4.74,Tier 3
STU03662,Pankaj Ghosh,24,Female,2024,Cybersecurity,81.6,77.7,77.7,69.7,7.6,7.9,1,122,3,0,0,Job,8.37,Tier 1
STU03663,Vikas Garg,24,Male,2023,Figma Designer,53.6,29.9,25.7,38.4,4.7,5.4,1,45,4,0,0,No Job,0.0,Not Placed
STU03664,Sonam Roy,26,Female,2024,Figma Designer,75.3,81.5,92.8,81.6,7.0,7.4,1,145,1,1,0,Job,6.79,Tier 2
STU03665,Sakshi Chawla,26,Female,2022,Data Science,47.6,33.7,25.4,27.4,3.1,2.7,1,69,2,0,2,No Job,0.0,Not Placed
STU03666,Sonam Rao,24,Male,2022,MERN,71.2,76.3,81.8,61.0,6.8,7.0,0,99,0,0,0,Job,7.14,Tier 2
STU03667,Pooja Malhotra,26,Female,2022,QA,60.9,55.0,57.0,55.7,5.8,7.0,4,176,1,0,0,Job,5.54,Tier 2
STU03668,Karan Garg,25,Male,2024,QA,58.8,64.2,43.6,61.8,3.8,2.3,2,129,1,1,2,No Job,0.0,Not Placed
STU03669,Anand Mishra,19,Male,2024,DevOps,54.1,20.0,20.0,15.0,1.0,3.2,1,0,3,0,1,No Job,0.0,Not Placed
STU03670,Mohit Arora,23,Male,2023,Figma Designer,51.5,32.2,20.0,34.4,3.4,4.1,0,58,0,0,1,No Job,0.0,Not Placed
STU03671,Sahil Shukla,23,Other,2023,Data Science,56.9,48.4,38.3,35.3,4.1,4.0,1,33,0,0,2,No Job,0.0,Not Placed
STU03672,Rohan Malhotra,27,Male,2022,MERN,71.7,68.0,39.9,66.7,6.2,3.9,1,145,1,0,0,Internship,1.5,Tier 2
STU03673,Nandini Pillai,25,Male,2022,Cybersecurity,54.7,44.5,30.8,49.2,5.9,4.3,2,59,2,1,0,No Job,0.0,Not Placed
STU03674,Sonam Joshi,25,Female,2023,DevOps,54.6,54.1,43.6,51.5,3.8,5.6,0,80,0,1,1,Internship,2.41,Tier 2
STU03675,Sanjana Kaur,20,Male,2022,Data Science,56.5,51.8,43.0,54.8,4.9,4.2,2,60,0,0,0,No Job,0.0,Not Placed
STU03676,Jyoti Shukla,26,Male,2023,MERN,59.9,55.6,54.7,53.3,3.9,6.8,3,143,0,1,1,Job,6.25,Tier 2
STU03677,Aryan Varma,21,Female,2023,Data Science,40.1,29.8,20.0,43.1,4.6,3.8,3,120,1,0,2,No Job,0.0,Not Placed
STU03678,Ashish Goyal,27,Male,2024,Cybersecurity,59.1,53.3,42.5,47.8,3.8,5.1,1,72,2,1,1,Internship,1.72,Tier 2
STU03679,Nikhil Arora,24,Female,2023,Figma Designer,73.2,64.7,57.8,58.4,5.0,5.5,0,64,1,1,0,No Job,0.0,Not Placed
STU03680,Akash Kapoor,27,Female,2023,Figma Designer,92.6,100.0,100.0,95.6,7.5,7.5,1,186,0,1,0,No Job,0.0,Not Placed
STU03681,Karishma Roy,27,Female,2023,Cybersecurity,75.1,75.1,67.5,58.9,6.3,5.8,1,151,0,1,0,Internship,2.04,Tier 2
STU03682,Sourabh Chauhan,25,Other,2022,DevOps,73.2,54.2,38.4,51.4,5.0,5.0,1,98,0,0,1,No Job,0.0,Not Placed
STU03683,Sahil Sinha,26,Female,2024,DevOps,55.3,39.1,42.1,34.5,4.8,4.3,0,127,1,0,1,Internship,1.81,Tier 3
STU03684,Shivam Bhatt,20,Female,2022,Data Science,72.2,68.0,58.6,67.7,6.7,5.1,1,113,1,0,0,No Job,0.0,Not Placed
STU03685,Rahul Joshi,23,Female,2022,MERN,54.3,41.2,39.5,44.9,3.7,5.0,1,95,0,0,2,No Job,0.0,Not Placed
STU03686,Pooja Goyal,21,Female,2023,Data Science,75.0,57.2,59.7,48.9,4.6,5.2,4,100,3,0,0,Job,7.19,Tier 2
STU03687,Mehak Tiwari,19,Female,2024,QA,63.3,55.2,48.2,52.4,4.5,6.4,2,164,1,1,3,No Job,0.0,Not Placed
STU03688,Kajal Srivastava,24,Female,2022,Figma Designer,67.5,57.5,45.4,57.4,4.9,5.1,0,71,4,1,0,No Job,0.0,Not Placed
STU03689,Ravi Bhatt,27,Male,2022,DevOps,76.2,68.4,64.7,80.4,6.2,5.5,0,116,1,0,0,Internship,1.62,Tier 3
STU03690,Komal Arora,20,Female,2022,Cybersecurity,71.4,65.1,58.5,54.1,3.6,4.0,1,50,2,0,0,No Job,0.0,Not Placed
STU03691,Anil Varma,27,Male,2023,Data Science,60.6,41.9,50.9,48.9,5.1,4.7,5,121,2,0,0,No Job,0.0,Not Placed
STU03692,Tushar Kaur,26,Male,2023,Cybersecurity,58.5,43.3,50.9,48.2,4.0,5.6,1,67,0,0,0,No Job,0.0,Not Placed
STU03693,Pooja Kaur,27,Male,2022,Cybersecurity,49.9,27.9,22.2,35.0,4.8,5.3,3,85,2,0,1,No Job,0.0,Not Placed
STU03694,Bhavna Roy,23,Female,2024,DevOps,49.9,24.6,31.6,15.0,3.1,5.5,0,19,3,0,1,No Job,0.0,Not Placed
STU03695,Naman Patel,20,Male,2024,MERN,59.8,55.3,60.5,52.3,4.7,6.8,1,173,2,0,0,Job,6.82,Tier 2
STU03696,Karan Reddy,24,Female,2023,QA,76.7,74.4,73.5,84.4,7.0,8.3,0,91,3,1,0,Job,6.63,Tier 2
STU03697,Ashu Chawla,25,Female,2023,QA,83.0,85.5,83.1,79.3,8.5,6.6,0,178,1,1,0,Job,6.87,Tier 2
STU03698,Prachi Reddy,21,Male,2023,Figma Designer,69.3,57.1,68.6,63.4,6.7,6.7,3,105,1,0,0,Internship,1.22,Tier 3
STU03699,Aarav Kumar,24,Female,2023,QA,66.8,54.8,67.9,71.5,6.8,5.0,2,129,0,1,2,No Job,0.0,Not Placed
STU03700,Akash Batra,24,Female,2023,Figma Designer,62.7,58.9,64.0,53.1,4.7,5.9,0,103,2,1,1,Job,4.64,Tier 3
STU03701,Sakshi Mishra,26,Female,2022,Data Science,75.0,70.5,66.9,72.0,7.1,7.4,3,170,0,1,3,Job,8.42,Tier 1
STU03702,Krishna Rastogi,19,Male,2023,Data Science,65.1,56.9,48.3,51.5,5.7,4.4,2,130,1,0,0,No Job,0.0,Not Placed
STU03703,Isha Nair,22,Male,2023,MERN,86.8,83.9,77.5,88.7,7.5,7.4,1,184,2,1,0,No Job,0.0,Not Placed
STU03704,Vidya Tiwari,19,Female,2022,Data Science,74.1,61.7,53.3,57.9,5.9,5.2,0,88,2,0,0,No Job,0.0,Not Placed
STU03705,Naman Sharma,26,Male,2022,DevOps,69.4,57.6,57.5,52.0,5.4,5.7,4,159,1,0,0,Job,6.87,Tier 2
STU03706,Nitin Chauhan,20,Male,2022,Cybersecurity,56.1,57.2,53.3,53.0,6.1,5.1,2,94,2,0,3,No Job,0.0,Not Placed
STU03707,Pankaj Goyal,26,Male,2024,DevOps,74.3,58.2,72.7,63.7,7.0,5.1,3,163,1,1,0,Job,7.5,Tier 2
STU03708,Jatin Khanna,21,Female,2022,MERN,61.0,53.9,44.4,57.9,4.7,6.5,4,195,0,0,0,No Job,0.0,Not Placed
STU03709,Zara Trivedi,26,Male,2024,Figma Designer,63.2,68.3,69.3,60.1,5.2,6.0,0,89,1,1,1,Job,4.61,Tier 3
STU03710,Seema Gandhi,24,Female,2023,Data Science,59.2,29.3,22.6,32.4,4.1,4.5,2,34,0,0,1,No Job,0.0,Not Placed
STU03711,Nandini Iyer,19,Female,2024,MERN,65.8,57.5,40.4,47.3,4.4,6.3,0,110,1,0,0,No Job,0.0,Not Placed
STU03712,Mohit Gandhi,25,Female,2023,Cybersecurity,75.9,74.3,77.4,83.3,6.5,7.1,1,162,2,1,0,No Job,0.0,Not Placed
STU03713,Yogesh Shukla,25,Male,2024,QA,47.6,29.3,33.2,29.2,4.0,3.0,2,72,1,0,2,No Job,0.0,Not Placed
STU03714,Krishna Sinha,24,Male,2022,MERN,64.2,56.4,56.9,67.0,4.2,6.3,1,68,1,0,0,Internship,1.52,Tier 3
STU03715,Palak Trivedi,19,Male,2023,Data Science,78.6,62.0,53.0,52.4,4.9,5.4,1,128,2,1,0,No Job,0.0,Not Placed
STU03716,Sahil Ghosh,23,Male,2022,Cybersecurity,54.1,43.1,23.0,48.4,3.8,4.7,0,47,3,0,0,Job,6.4,Tier 2
STU03717,Ashu Khanna,19,Male,2023,Data Science,73.9,77.6,65.3,70.8,6.5,6.7,2,168,1,0,0,Job,7.91,Tier 2
STU03718,Mohit Pillai,19,Male,2023,Data Science,78.3,72.3,63.3,54.3,5.8,6.0,0,124,2,0,0,Job,6.89,Tier 2
STU03719,Tanvi Batra,24,Female,2023,Cybersecurity,71.4,73.3,67.7,64.0,5.8,5.5,0,114,2,1,0,Job,7.86,Tier 2
STU03720,Prateek Chawla,26,Female,2023,MERN,72.8,79.1,84.7,78.7,6.1,5.1,0,145,1,0,0,Internship,1.8,Tier 3
STU03721,Ashu Trivedi,19,Female,2022,MERN,63.9,50.1,43.1,43.5,3.8,2.3,0,74,0,0,0,Job,6.21,Tier 2
STU03722,Amit Srivastava,20,Male,2023,DevOps,82.8,77.9,84.6,58.1,7.6,7.6,1,141,1,0,0,No Job,0.0,Not Placed
STU03723,Rajan Kaur,23,Female,2023,Figma Designer,47.2,29.3,29.3,18.2,3.1,5.9,0,0,0,0,0,No Job,0.0,Not Placed
STU03724,Prachi Batra,26,Male,2022,Figma Designer,69.0,51.7,30.1,49.4,5.7,4.6,0,98,0,0,0,No Job,0.0,Not Placed
STU03725,Vineeta Varma,22,Female,2024,MERN,64.1,53.5,51.3,46.3,3.5,6.3,0,75,1,0,1,No Job,0.0,Not Placed
STU03726,Geeta Kapoor,23,Male,2024,MERN,48.8,26.8,20.0,24.8,3.6,2.7,3,58,2,0,0,No Job,0.0,Not Placed
STU03727,Shreya Garg,23,Female,2024,MERN,76.6,74.3,84.3,77.5,6.4,6.2,4,203,1,1,0,Job,7.43,Tier 2
STU03728,Anil Dutta,21,Female,2024,MERN,48.3,31.4,20.0,39.8,5.2,5.5,2,80,1,1,1,No Job,0.0,Not Placed
STU03729,Komal Chauhan,24,Male,2022,DevOps,52.5,55.6,56.5,55.6,6.2,4.6,1,87,0,0,0,Job,6.57,Tier 2
STU03730,Avni Kumar,23,Female,2024,Cybersecurity,73.9,62.4,65.2,76.7,8.0,5.6,3,143,2,0,1,Job,7.3,Tier 2
STU03731,Farhan Singh,20,Female,2023,DevOps,77.3,97.2,100.0,100.0,8.6,7.2,0,174,1,1,0,Internship,1.59,Tier 3
STU03732,Rajni Agarwal,22,Male,2022,MERN,52.9,35.0,20.0,21.0,2.3,3.3,2,0,2,0,0,No Job,0.0,Not Placed
STU03733,Mohit Kumar,22,Female,2024,Data Science,71.7,57.8,64.1,63.8,6.6,6.8,1,61,0,0,0,No Job,0.0,Not Placed
STU03734,Manish Chawla,25,Female,2022,DevOps,74.4,55.3,38.7,53.1,4.9,3.9,1,101,3,1,0,Internship,2.24,Tier 2
STU03735,Saloni Kaur,25,Female,2023,MERN,68.0,55.5,73.0,51.6,5.1,5.5,5,219,1,1,0,Job,6.93,Tier 2
STU03736,Parth Shah,27,Female,2022,DevOps,84.8,81.8,68.6,66.5,7.0,5.4,3,176,1,1,0,Internship,1.98,Tier 2
STU03737,Pankaj Pillai,20,Female,2023,Cybersecurity,67.4,61.0,47.1,47.0,5.6,3.8,1,151,3,0,0,Job,7.56,Tier 2
STU03738,Sonam Kaur,24,Female,2023,Cybersecurity,71.4,58.3,46.1,50.0,7.4,5.6,3,145,2,0,0,Job,7.28,Tier 2
STU03739,Ritesh Joshi,20,Other,2023,DevOps,57.7,40.7,38.0,40.6,4.1,4.0,0,48,0,0,0,Job,5.94,Tier 2
STU03740,Geeta Tiwari,27,Male,2022,DevOps,44.1,33.8,29.5,42.3,3.6,1.6,3,53,1,0,1,No Job,0.0,Not Placed
STU03741,Komal Roy,20,Male,2023,MERN,92.2,71.6,73.3,81.3,4.1,6.5,3,165,2,0,0,Job,6.71,Tier 2
STU03742,Prachi Rao,24,Female,2023,Data Science,66.1,44.6,46.3,45.0,2.1,4.7,2,56,4,0,0,No Job,0.0,Not Placed
STU03743,Harsh Iyer,26,Female,2022,Cybersecurity,71.6,70.3,67.7,64.1,5.1,5.2,1,78,2,0,0,Job,7.12,Tier 2
STU03744,Ashish Singh,24,Male,2024,MERN,86.0,75.7,80.7,85.4,7.2,5.5,3,192,0,0,0,Job,9.05,Tier 1
STU03745,Anushka Khanna,21,Male,2023,Cybersecurity,53.7,43.3,22.1,45.1,4.4,3.9,0,33,2,0,0,Job,4.6,Tier 3
STU03746,Shivam Ghosh,23,Male,2024,QA,83.4,75.2,68.7,68.5,7.4,9.0,0,139,1,0,0,Job,6.9,Tier 2
STU03747,Vineeta Kaur,22,Female,2022,Figma Designer,78.7,76.8,65.9,71.7,4.8,6.3,1,138,0,0,0,Job,5.63,Tier 2
STU03748,Prateek Jain,19,Female,2023,Figma Designer,62.2,69.8,59.8,65.1,4.8,5.0,0,135,1,0,1,No Job,0.0,Not Placed
STU03749,Neha Verma,23,Male,2022,Data Science,58.2,48.3,53.1,33.8,3.5,4.2,1,88,1,0,0,No Job,0.0,Not Placed
STU03750,Tanvi Shah,23,Male,2023,Figma Designer,67.2,64.4,58.4,63.4,6.4,4.4,1,99,0,0,0,No Job,0.0,Not Placed
STU03751,Zara Agarwal,25,Female,2022,Cybersecurity,67.0,57.6,60.9,53.9,4.5,6.2,0,71,1,0,0,No Job,0.0,Not Placed
STU03752,Mihir Kapoor,25,Male,2023,Cybersecurity,51.6,47.1,26.8,47.0,5.3,3.5,1,29,3,0,1,No Job,0.0,Not Placed
STU03753,Sonam Chauhan,20,Female,2023,Data Science,67.3,52.6,47.8,58.9,5.2,4.0,0,54,3,1,0,Internship,1.21,Tier 3
STU03754,Kajal Agarwal,22,Male,2022,QA,47.8,40.6,27.1,35.7,3.7,3.8,0,32,1,0,0,No Job,0.0,Not Placed
STU03755,Mehak Agarwal,19,Female,2023,Data Science,57.8,39.5,32.3,37.4,3.4,5.3,1,52,0,0,0,No Job,0.0,Not Placed
STU03756,Simran Kapoor,23,Male,2024,QA,52.3,30.4,36.9,35.7,3.1,5.3,1,74,0,1,0,No Job,0.0,Not Placed
STU03757,Mira Goyal,23,Female,2022,Data Science,51.4,30.4,20.0,32.4,2.5,3.2,1,24,2,0,1,No Job,0.0,Not Placed
STU03758,Vikas Srivastava,22,Female,2024,Cybersecurity,77.7,68.5,64.5,70.7,6.9,6.0,4,100,1,0,0,Job,7.42,Tier 2
STU03759,Divya Goyal,25,Female,2024,DevOps,76.4,66.4,68.8,67.9,5.5,5.2,4,128,1,0,0,Job,6.93,Tier 2
STU03760,Sneha Agarwal,24,Female,2023,Data Science,55.5,46.8,42.7,27.3,2.7,3.8,1,45,2,0,0,No Job,0.0,Not Placed
STU03761,Tushar Dixit,21,Male,2024,Data Science,64.8,43.2,33.4,33.8,2.0,4.4,2,105,1,0,1,No Job,0.0,Not Placed
STU03762,Pooja Varma,20,Male,2024,DevOps,73.5,66.8,58.8,66.1,4.7,6.8,3,145,0,1,0,Job,7.22,Tier 2
STU03763,Ashish Khanna,22,Male,2023,Data Science,80.3,73.8,72.3,62.9,5.5,5.7,0,132,4,0,0,Job,8.26,Tier 1
STU03764,Amit Verma,27,Female,2023,DevOps,55.3,59.3,46.8,61.6,6.0,7.1,3,120,0,1,3,No Job,0.0,Not Placed
STU03765,Mira Chawla,23,Male,2023,Cybersecurity,58.6,46.0,46.3,53.6,3.6,6.0,0,107,4,0,1,Job,6.64,Tier 2
STU03766,Vikas Ghosh,19,Female,2023,QA,47.7,29.8,20.0,29.7,2.6,5.5,0,21,1,0,3,No Job,0.0,Not Placed
STU03767,Jatin Yadav,21,Other,2023,Cybersecurity,70.0,56.9,53.3,46.8,3.5,3.4,0,59,3,1,0,Internship,2.18,Tier 2
STU03768,Priya Garg,27,Female,2024,Data Science,55.7,42.2,29.0,33.2,4.0,3.6,2,100,0,0,1,No Job,0.0,Not Placed
STU03769,Rohan Goyal,25,Female,2024,MERN,43.0,26.4,31.0,36.8,4.2,4.3,4,79,3,1,0,No Job,0.0,Not Placed
STU03770,Rajesh Rastogi,21,Other,2022,MERN,80.0,74.3,69.2,75.6,7.0,6.5,1,137,0,1,0,Job,7.51,Tier 2
STU03771,Asha Arora,19,Female,2022,Figma Designer,58.6,60.6,47.0,46.4,4.8,5.8,2,68,3,0,0,No Job,0.0,Not Placed
STU03772,Anish Gupta,22,Female,2024,QA,61.7,55.3,51.6,56.6,5.4,5.9,1,118,1,1,1,Job,6.33,Tier 2
STU03773,Uday Dutta,27,Female,2022,MERN,68.7,67.5,48.8,70.6,6.3,4.7,0,96,3,1,1,Internship,2.42,Tier 3
STU03774,Rajan Kaur,25,Male,2023,Data Science,64.9,65.2,50.7,57.1,4.5,4.4,3,131,1,1,0,Internship,1.5,Tier 3
STU03775,Ishaan Tiwari,23,Female,2022,Figma Designer,61.0,53.8,58.1,49.8,4.9,5.2,1,132,2,0,3,Job,5.29,Tier 3
STU03776,Sandeep Agarwal,24,Male,2022,Figma Designer,54.7,56.1,42.6,51.0,5.9,3.8,2,155,2,0,2,No Job,0.0,Not Placed
STU03777,Mohit Chauhan,19,Male,2022,QA,59.7,53.5,50.9,44.2,4.4,4.4,1,69,1,0,0,No Job,0.0,Not Placed
STU03778,Saloni Iyer,25,Female,2023,QA,66.4,50.7,52.6,50.6,5.4,5.9,0,96,3,0,2,No Job,0.0,Not Placed
STU03779,Amar Yadav,23,Female,2022,DevOps,72.7,59.4,51.6,43.9,6.1,6.3,3,126,2,1,0,Internship,1.3,Tier 3
STU03780,Swati Khanna,25,Male,2023,Data Science,66.1,65.5,57.7,56.9,4.8,5.6,0,90,1,0,1,Job,6.83,Tier 2
STU03781,Deepak Mehta,23,Male,2023,DevOps,72.1,48.4,45.7,39.2,5.7,2.8,2,108,3,0,0,Job,6.94,Tier 2
STU03782,Rohit Chawla,23,Female,2023,DevOps,97.3,90.7,90.4,89.7,8.0,7.2,0,188,1,1,0,No Job,0.0,Not Placed
STU03783,Ruchi Verma,21,Female,2024,DevOps,68.3,68.9,66.1,64.8,6.4,7.2,1,124,2,1,0,Internship,1.47,Tier 3
STU03784,Farhan Mehta,23,Male,2023,DevOps,81.6,70.4,61.4,74.4,6.1,4.5,0,157,2,0,0,No Job,0.0,Not Placed
STU03785,Swati Ghosh,26,Female,2023,MERN,75.3,63.6,67.4,52.8,4.2,5.5,5,163,0,1,0,Job,7.61,Tier 2
STU03786,Kabir Yadav,26,Male,2023,MERN,56.0,49.8,45.0,54.2,7.2,6.6,1,93,1,0,0,No Job,0.0,Not Placed
STU03787,Naman Mishra,20,Female,2023,DevOps,61.1,52.4,42.0,48.9,4.5,4.8,2,79,1,0,1,No Job,0.0,Not Placed
STU03788,Neha Bhatt,19,Female,2024,Data Science,80.4,70.1,75.6,60.8,6.9,6.1,3,156,0,0,0,Job,9.02,Tier 1
STU03789,Palak Arora,20,Female,2023,DevOps,70.3,56.7,48.5,59.6,6.3,6.7,0,92,0,0,1,Job,6.85,Tier 2
STU03790,Naman Reddy,25,Female,2023,QA,80.8,57.0,57.1,51.0,6.0,5.7,1,77,1,1,0,Job,6.39,Tier 2
STU03791,Sachin Khanna,21,Male,2024,QA,65.6,43.2,32.4,48.2,5.8,4.8,5,98,0,0,2,Job,4.41,Tier 3
STU03792,Karan Goyal,26,Female,2023,MERN,47.7,46.5,32.8,50.3,4.8,4.2,1,39,2,0,0,No Job,0.0,Not Placed
STU03793,Rohan Patel,22,Male,2022,DevOps,81.1,75.5,61.9,74.8,4.7,7.4,0,128,3,1,0,Job,7.75,Tier 2
STU03794,Divya Shah,26,Male,2023,Data Science,59.4,58.7,47.9,51.4,5.1,5.4,2,120,0,0,1,No Job,0.0,Not Placed
STU03795,Ruchi Bansal,20,Female,2024,Cybersecurity,56.9,40.7,39.9,50.6,2.5,4.6,1,69,2,1,1,No Job,0.0,Not Placed
STU03796,Sara Patel,23,Male,2023,MERN,75.0,51.4,52.8,71.0,5.2,5.3,2,126,2,1,1,Job,7.06,Tier 2
STU03797,Jatin Reddy,24,Male,2024,DevOps,69.9,51.8,55.2,51.6,4.1,3.3,1,82,0,1,0,Job,6.4,Tier 2
STU03798,Khushi Tiwari,19,Male,2023,QA,80.7,68.4,79.9,68.5,6.0,7.2,0,127,2,1,0,Job,6.29,Tier 2
STU03799,Deepak Chawla,19,Female,2023,DevOps,57.1,43.4,38.8,45.1,4.7,4.8,1,98,2,0,0,No Job,0.0,Not Placed
STU03800,Aditya Rastogi,27,Female,2024,Data Science,68.3,68.6,67.2,52.5,6.1,5.8,1,117,1,0,0,No Job,0.0,Not Placed
STU03801,Harsha Iyer,23,Male,2023,MERN,75.2,71.5,68.9,76.8,4.8,5.5,0,132,2,0,0,Job,6.86,Tier 2
STU03802,Krishna Chawla,22,Female,2024,DevOps,68.2,72.8,60.0,66.7,7.7,4.8,3,150,1,1,0,Internship,1.63,Tier 3
STU03803,Varun Agarwal,19,Male,2024,DevOps,77.2,69.8,53.6,58.7,6.1,5.1,1,121,1,1,1,Job,7.08,Tier 2
STU03804,Palak Garg,21,Female,2024,QA,57.4,52.3,52.7,49.3,4.3,3.0,2,103,3,1,0,Job,4.05,Tier 3
STU03805,Mihir Rastogi,22,Female,2022,DevOps,64.6,54.8,60.4,49.8,5.1,4.7,4,193,2,1,1,Job,6.48,Tier 2
STU03806,Amar Sinha,23,Male,2022,Cybersecurity,68.2,53.5,54.1,55.3,4.0,8.0,1,102,1,0,0,Internship,2.41,Tier 3
STU03807,Anish Chawla,23,Male,2024,DevOps,70.9,53.3,51.0,53.4,4.6,5.8,1,86,2,0,1,Job,6.37,Tier 2
STU03808,Shreya Roy,26,Female,2023,DevOps,81.3,86.7,78.7,90.5,5.8,6.9,0,174,2,1,0,Internship,2.11,Tier 3
STU03809,Harsh Sharma,21,Male,2023,DevOps,64.7,54.0,34.2,42.0,4.2,4.1,1,72,1,0,0,No Job,0.0,Not Placed
STU03810,Ayush Gupta,25,Male,2022,MERN,59.7,45.0,46.2,54.8,5.6,4.4,1,96,1,0,1,No Job,0.0,Not Placed
STU03811,Swati Dixit,24,Male,2022,DevOps,92.2,100.0,84.3,89.0,7.4,7.6,0,168,0,1,0,No Job,0.0,Not Placed
STU03812,Parth Trivedi,24,Female,2023,MERN,77.8,60.7,54.5,75.2,6.3,4.0,0,138,2,0,0,Job,7.14,Tier 2
STU03813,Mehak Dutta,27,Male,2022,Figma Designer,53.3,41.5,32.6,30.9,4.4,4.4,0,33,2,0,0,No Job,0.0,Not Placed
STU03814,Nandini Goyal,25,Female,2022,MERN,70.9,61.8,64.5,53.3,5.8,5.2,2,108,2,0,0,Job,5.98,Tier 2
STU03815,Khushi Rastogi,25,Male,2022,Data Science,78.5,74.1,55.3,71.8,7.7,8.5,3,143,4,0,0,Job,8.86,Tier 1
STU03816,Arjun Mishra,19,Male,2022,Data Science,52.2,38.7,32.7,38.3,4.3,5.7,0,65,0,0,2,No Job,0.0,Not Placed
STU03817,Gaurav Gupta,19,Male,2024,Data Science,57.3,52.7,44.8,53.7,5.9,5.5,2,98,0,1,1,Job,7.08,Tier 2
STU03818,Pooja Arora,27,Female,2024,DevOps,52.4,26.5,23.4,38.9,5.3,3.6,0,32,3,0,1,No Job,0.0,Not Placed
STU03819,Kabir Chawla,27,Female,2022,Data Science,72.6,63.6,59.1,59.1,5.2,7.0,0,103,2,0,0,Internship,2.02,Tier 3
STU03820,Ankit Ghosh,21,Male,2022,Data Science,40.0,22.9,23.1,31.7,5.8,2.6,1,0,1,0,3,No Job,0.0,Not Placed
STU03821,Shivam Khanna,26,Male,2023,DevOps,55.9,44.1,36.2,26.4,5.2,5.0,3,104,1,1,0,No Job,0.0,Not Placed
STU03822,Nitin Kaur,27,Male,2023,Cybersecurity,46.9,29.3,33.8,31.6,2.4,3.3,1,73,1,0,2,No Job,0.0,Not Placed
STU03823,Parth Mehta,19,Male,2024,Data Science,70.4,55.7,53.0,54.5,6.5,6.0,2,146,1,0,0,Job,6.7,Tier 2
STU03824,Swati Dubey,21,Male,2024,DevOps,61.0,48.7,36.3,56.9,4.0,4.7,0,52,2,0,0,Job,6.15,Tier 2
STU03825,Renu Malhotra,24,Female,2024,QA,75.8,71.5,73.6,46.1,5.9,4.6,0,87,0,0,0,No Job,0.0,Not Placed
STU03826,Uday Varma,22,Female,2023,Figma Designer,50.5,23.6,32.3,17.3,3.8,3.2,1,0,1,0,0,No Job,0.0,Not Placed
STU03827,Karan Tiwari,26,Male,2023,Cybersecurity,55.8,43.1,39.9,30.6,4.8,5.4,2,77,0,0,0,No Job,0.0,Not Placed
STU03828,Lakshmi Kumar,27,Other,2023,MERN,66.8,61.2,46.5,64.1,5.4,7.9,0,66,2,0,0,Internship,2.11,Tier 3
STU03829,Kavya Reddy,25,Female,2022,Cybersecurity,55.6,25.7,26.6,32.3,2.9,5.2,1,19,4,0,1,No Job,0.0,Not Placed
STU03830,Ashish Kumar,19,Male,2022,Cybersecurity,73.4,71.1,64.1,68.3,5.3,5.9,4,170,0,0,0,Internship,0.85,Tier 2
STU03831,Uday Arora,20,Male,2022,Data Science,62.3,75.4,65.6,62.1,6.2,4.1,1,70,1,1,2,Internship,2.38,Tier 3
STU03832,Surbhi Kumar,19,Female,2023,QA,49.7,30.8,30.6,43.3,4.8,4.2,1,75,1,1,0,No Job,0.0,Not Placed
STU03833,Anil Batra,27,Female,2022,DevOps,58.2,48.8,33.0,44.2,5.2,6.6,1,98,1,0,0,No Job,0.0,Not Placed
STU03834,Sahil Gupta,22,Male,2022,Figma Designer,64.1,43.0,51.0,41.4,3.7,4.2,2,123,2,1,0,No Job,0.0,Not Placed
STU03835,Meena Pillai,26,Female,2023,Cybersecurity,84.5,88.8,99.4,82.4,8.3,7.4,1,208,0,0,0,Job,8.37,Tier 1
STU03836,Kavya Dubey,23,Male,2024,Cybersecurity,70.5,81.5,88.9,94.6,7.7,7.0,1,202,2,1,0,Internship,2.02,Tier 2
STU03837,Sanjana Kapoor,23,Female,2022,Cybersecurity,51.8,36.3,31.5,33.5,2.4,1.9,0,37,3,0,0,No Job,0.0,Not Placed
STU03838,Ashu Patel,23,Male,2023,DevOps,66.0,60.2,47.3,56.5,4.6,7.8,4,165,2,0,0,Job,7.54,Tier 2
STU03839,Deepika Dixit,23,Female,2022,DevOps,84.8,79.4,79.6,84.9,7.1,6.9,0,167,1,0,0,Internship,1.75,Tier 3
STU03840,Vinay Gupta,21,Male,2024,QA,53.0,28.5,20.0,34.5,3.3,4.5,1,83,0,0,1,No Job,0.0,Not Placed
STU03841,Ashu Trivedi,24,Male,2022,Cybersecurity,49.9,28.6,26.7,44.4,4.7,4.7,2,105,1,1,0,No Job,0.0,Not Placed
STU03842,Yash Joshi,19,Male,2024,Figma Designer,67.3,57.6,63.0,58.6,5.5,6.2,2,83,1,1,2,Internship,2.16,Tier 2
STU03843,Uday Yadav,26,Male,2022,Figma Designer,66.7,51.9,47.0,46.5,5.7,6.2,2,84,0,0,0,No Job,0.0,Not Placed
STU03844,Sakshi Gupta,22,Female,2024,Figma Designer,63.7,35.4,20.0,41.1,3.2,3.0,0,31,1,0,0,No Job,0.0,Not Placed
STU03845,Ravi Garg,24,Male,2022,Cybersecurity,76.1,66.4,71.9,68.4,5.2,7.8,0,112,2,1,0,Job,6.96,Tier 2
STU03846,Maya Patel,20,Male,2022,DevOps,61.6,53.8,59.3,60.2,6.4,7.0,4,183,1,0,0,Job,6.45,Tier 2
STU03847,Suresh Batra,20,Female,2022,Data Science,86.1,75.4,56.3,74.8,6.6,6.6,0,112,1,1,0,Job,7.48,Tier 2
STU03848,Sakshi Joshi,26,Female,2022,Cybersecurity,68.7,61.6,58.8,58.0,5.6,4.9,4,141,4,0,0,Job,8.35,Tier 1
STU03849,Manish Varma,19,Male,2024,MERN,68.6,67.7,61.7,65.6,5.7,4.9,0,87,0,1,1,Job,6.83,Tier 2
STU03850,Vikas Desai,26,Male,2023,MERN,76.9,74.4,62.6,57.4,4.7,4.0,0,69,2,0,0,Job,6.19,Tier 2
STU03851,Rohit Ghosh,19,Female,2023,MERN,73.3,74.2,70.4,65.9,7.0,6.4,0,132,2,0,0,Job,6.8,Tier 2
STU03852,Farhan Ghosh,27,Male,2024,QA,50.8,40.0,41.1,23.5,4.0,4.8,1,51,0,0,0,No Job,0.0,Not Placed
STU03853,Sneha Shukla,19,Female,2023,QA,44.2,34.3,30.5,19.6,2.8,4.5,0,62,1,0,0,No Job,0.0,Not Placed
STU03854,Asha Mehta,22,Male,2024,Cybersecurity,75.7,75.2,60.3,72.8,7.8,5.9,1,109,1,0,0,Job,8.45,Tier 1
STU03855,Mihir Mehta,27,Female,2022,DevOps,61.3,48.2,41.3,41.7,4.5,3.7,1,68,2,0,3,No Job,0.0,Not Placed
STU03856,Shivam Mehta,19,Male,2024,Cybersecurity,53.5,38.9,40.2,33.7,3.5,5.5,3,113,1,0,2,No Job,0.0,Not Placed
STU03857,Divya Nair,27,Female,2022,Cybersecurity,74.4,64.1,62.1,58.6,7.1,5.4,2,160,0,1,0,Job,7.85,Tier 2
STU03858,Maya Iyer,26,Male,2023,MERN,66.8,72.3,65.6,54.0,6.4,4.3,2,159,3,0,0,Job,7.17,Tier 2
STU03859,Surbhi Bansal,23,Male,2023,MERN,53.9,32.5,20.0,30.8,3.1,3.5,1,32,1,0,0,No Job,0.0,Not Placed
STU03860,Pranav Reddy,24,Male,2023,MERN,71.9,67.5,46.2,77.4,6.4,5.6,0,82,1,1,0,Internship,1.28,Tier 3
STU03861,Komal Jain,23,Female,2023,DevOps,54.1,36.9,32.6,27.1,5.3,5.3,2,125,2,0,0,Job,5.41,Tier 3
STU03862,Ashish Verma,22,Female,2023,Cybersecurity,61.6,58.5,54.4,61.2,4.6,5.2,1,91,1,0,1,No Job,0.0,Not Placed
STU03863,Isha Dutta,22,Male,2024,DevOps,64.5,59.7,62.2,44.3,4.4,5.2,3,129,0,0,0,Job,5.71,Tier 2
STU03864,Maya Bansal,26,Male,2024,Figma Designer,76.7,81.7,76.6,72.4,7.1,5.9,0,143,3,0,0,Job,6.0,Tier 2
STU03865,Vikram Mehta,26,Female,2024,Data Science,67.0,56.1,42.0,62.1,4.3,4.9,2,71,2,0,1,Internship,1.88,Tier 3
STU03866,Tarun Chopra,27,Female,2024,MERN,64.4,47.1,20.6,41.4,2.5,3.3,1,48,1,0,1,No Job,0.0,Not Placed
STU03867,Mihir Sharma,21,Female,2024,MERN,60.9,35.1,27.1,21.9,3.4,4.5,0,0,1,0,2,No Job,0.0,Not Placed
STU03868,Amit Sharma,26,Female,2024,Data Science,43.9,38.1,26.7,27.2,3.0,4.2,0,51,2,0,0,No Job,0.0,Not Placed
STU03869,Aryan Kumar,21,Male,2024,MERN,44.9,21.1,24.9,26.5,4.2,4.1,5,83,1,1,0,No Job,0.0,Not Placed
STU03870,Palak Agarwal,20,Male,2023,MERN,64.8,55.0,47.6,61.7,5.4,5.6,1,90,2,0,1,Internship,1.18,Tier 3
STU03871,Maya Malhotra,20,Male,2024,DevOps,78.8,73.9,68.6,66.7,5.8,6.1,1,143,0,1,0,No Job,0.0,Not Placed
STU03872,Anish Goyal,27,Female,2024,MERN,64.2,43.6,37.1,50.0,3.8,4.2,3,129,1,1,0,No Job,0.0,Not Placed
STU03873,Aryan Chopra,22,Male,2024,Cybersecurity,62.1,45.6,27.1,39.4,4.4,3.5,2,79,2,0,0,No Job,0.0,Not Placed
STU03874,Geeta Sinha,23,Male,2023,DevOps,59.1,53.2,47.3,51.3,4.8,5.3,2,127,2,0,0,No Job,0.0,Not Placed
STU03875,Sneha Chauhan,20,Male,2022,Data Science,40.0,20.0,20.0,20.6,2.8,3.7,1,36,0,0,2,No Job,0.0,Not Placed
STU03876,Aryan Joshi,27,Male,2024,QA,67.6,52.7,48.6,57.9,5.0,6.3,1,127,2,0,0,No Job,0.0,Not Placed
STU03877,Sachin Chawla,25,Male,2024,Data Science,67.8,57.3,47.2,41.0,5.3,6.0,3,114,0,0,1,Job,7.42,Tier 2
STU03878,Varun Garg,21,Male,2023,QA,66.7,49.7,44.2,44.6,5.1,6.0,0,47,2,1,0,Job,4.73,Tier 3
STU03879,Krishna Mehta,24,Female,2022,Figma Designer,67.1,46.7,38.7,55.2,4.3,4.3,1,47,3,0,2,No Job,0.0,Not Placed
STU03880,Shreya Garg,25,Male,2023,MERN,54.5,47.1,36.2,46.1,4.7,6.9,4,138,4,0,2,No Job,0.0,Not Placed
STU03881,Rajesh Reddy,24,Male,2023,Figma Designer,54.5,30.5,31.7,39.1,1.2,5.1,1,36,1,0,1,No Job,0.0,Not Placed
STU03882,Divya Yadav,24,Female,2023,QA,70.0,64.9,66.4,58.3,5.1,5.2,0,109,2,1,0,Job,6.63,Tier 2
STU03883,Sandeep Bansal,26,Female,2023,Figma Designer,57.1,27.6,20.6,29.9,3.3,4.2,0,16,0,0,1,No Job,0.0,Not Placed
STU03884,Mihir Batra,26,Female,2024,Cybersecurity,62.4,54.3,47.3,42.5,4.3,3.8,4,75,1,1,0,No Job,0.0,Not Placed
STU03885,Divya Dubey,23,Male,2023,MERN,65.0,48.5,20.7,32.3,4.2,3.5,3,109,0,0,1,No Job,0.0,Not Placed
STU03886,Abhinav Garg,22,Female,2023,Figma Designer,65.3,61.2,66.9,51.3,5.4,5.8,0,99,2,0,1,Job,5.32,Tier 3
STU03887,Vikas Pillai,23,Male,2024,Data Science,67.5,43.6,39.8,35.2,4.6,5.7,5,125,2,1,0,Job,6.41,Tier 2
STU03888,Maya Dutta,27,Male,2023,Data Science,77.3,68.1,69.2,73.9,5.8,5.2,0,139,1,1,0,Job,8.03,Tier 1
STU03889,Shreya Verma,24,Female,2022,MERN,71.2,58.6,55.2,56.1,5.0,7.9,5,159,1,0,0,Internship,1.67,Tier 2
STU03890,Isha Gandhi,21,Female,2023,MERN,54.8,37.8,37.6,34.2,4.4,4.8,3,91,2,1,2,No Job,0.0,Not Placed
STU03891,Rohan Kumar,21,Female,2023,DevOps,63.6,59.9,52.8,52.3,5.6,3.9,4,130,2,1,1,Internship,1.96,Tier 2
STU03892,Tanvi Verma,19,Female,2024,Cybersecurity,48.3,34.0,26.7,28.2,3.6,4.1,0,11,1,0,2,No Job,0.0,Not Placed
STU03893,Divya Kapoor,23,Female,2024,Figma Designer,59.3,63.6,52.1,56.9,5.6,5.1,0,71,1,1,0,Job,3.93,Tier 3
STU03894,Gaurav Sharma,24,Female,2023,Data Science,59.9,37.3,43.1,36.8,4.5,4.0,2,96,0,1,1,No Job,0.0,Not Placed
STU03895,Kavya Arora,26,Female,2022,Figma Designer,55.3,32.2,24.6,36.3,4.0,5.1,1,60,0,0,0,No Job,0.0,Not Placed
STU03896,Vidya Desai,27,Male,2022,Figma Designer,58.3,54.8,36.1,60.3,5.5,5.0,0,91,1,0,0,No Job,0.0,Not Placed
STU03897,Sara Ghosh,25,Male,2024,Data Science,60.6,50.4,55.2,41.2,5.8,4.5,2,92,1,1,1,Job,7.33,Tier 2
STU03898,Rohit Khanna,19,Male,2024,MERN,74.4,59.5,61.1,45.7,6.3,5.7,2,89,4,1,1,Job,6.54,Tier 2
STU03899,Sahil Arora,25,Male,2023,QA,80.3,88.2,99.8,78.5,6.0,6.0,0,150,1,0,0,Internship,2.08,Tier 2
STU03900,Sandeep Joshi,27,Female,2023,Cybersecurity,71.4,76.5,74.6,72.3,6.1,6.6,0,98,0,1,0,Job,7.88,Tier 2
STU03901,Nikita Bansal,22,Female,2024,QA,48.7,25.0,30.9,17.0,5.1,5.7,1,89,0,0,2,No Job,0.0,Not Placed
STU03902,Naman Dutta,25,Male,2024,Cybersecurity,67.8,61.0,80.7,71.4,5.4,5.1,1,147,1,1,0,Job,7.63,Tier 2
STU03903,Kavya Arora,27,Male,2022,DevOps,76.2,60.0,49.9,58.0,4.7,5.5,3,128,3,0,0,Internship,1.16,Tier 2
STU03904,Tushar Garg,19,Male,2024,Data Science,40.0,20.0,20.0,15.0,3.7,2.9,0,0,2,0,1,No Job,0.0,Not Placed
STU03905,Aryan Jain,27,Female,2023,DevOps,70.3,61.0,52.0,49.2,3.7,4.8,2,91,1,0,1,Job,5.95,Tier 2
STU03906,Jatin Verma,22,Male,2022,Data Science,42.0,30.2,23.1,32.2,2.4,1.3,0,48,4,0,0,No Job,0.0,Not Placed
STU03907,Vineeta Chauhan,26,Female,2023,Cybersecurity,56.9,44.3,42.9,43.7,4.4,4.3,0,63,0,0,2,No Job,0.0,Not Placed
STU03908,Rohit Sharma,21,Female,2022,QA,84.5,78.3,83.0,81.1,6.1,7.7,1,151,1,1,0,No Job,0.0,Not Placed
STU03909,Bhavna Iyer,20,Male,2022,DevOps,55.8,30.0,20.6,29.4,4.2,5.3,0,22,0,0,0,No Job,0.0,Not Placed
STU03910,Ankita Pillai,26,Male,2023,Figma Designer,51.2,20.0,20.0,27.4,3.9,3.3,0,34,3,0,1,No Job,0.0,Not Placed
STU03911,Mehak Srivastava,26,Male,2023,DevOps,54.8,58.1,54.6,62.9,5.9,4.0,2,93,0,0,0,Job,6.21,Tier 2
STU03912,Rajesh Rastogi,21,Female,2023,QA,56.5,43.0,20.0,43.4,2.6,4.9,0,39,4,0,1,No Job,0.0,Not Placed
STU03913,Manisha Jain,26,Female,2023,Cybersecurity,70.0,52.9,34.0,34.3,5.2,5.6,1,95,1,1,0,No Job,0.0,Not Placed
STU03914,Amar Joshi,24,Female,2022,Figma Designer,68.0,68.5,43.2,58.4,5.1,4.8,4,139,4,1,2,Job,4.18,Tier 3
STU03915,Farhan Varma,27,Female,2024,Cybersecurity,63.5,30.9,20.0,40.8,1.8,4.4,2,56,1,0,1,No Job,0.0,Not Placed
STU03916,Uday Chawla,24,Male,2023,Data Science,68.3,57.8,52.9,55.7,7.1,4.6,1,108,1,1,0,Job,6.69,Tier 2
STU03917,Nikita Bhatt,26,Male,2023,Figma Designer,63.5,41.1,39.2,26.8,3.2,4.5,0,33,1,0,0,No Job,0.0,Not Placed
STU03918,Anjali Ghosh,20,Female,2024,Cybersecurity,78.9,85.9,78.4,65.9,6.7,6.5,4,170,3,0,0,No Job,0.0,Not Placed
STU03919,Pooja Bansal,19,Female,2023,Data Science,52.5,37.8,24.1,36.5,3.6,3.5,2,33,1,0,0,No Job,0.0,Not Placed
STU03920,Rahul Khanna,20,Female,2023,Cybersecurity,57.5,44.6,25.1,35.5,4.7,4.5,0,81,3,0,0,No Job,0.0,Not Placed
STU03921,Mira Shukla,22,Female,2023,Figma Designer,62.4,52.5,38.2,52.4,3.4,4.0,4,110,3,0,2,No Job,0.0,Not Placed
STU03922,Anil Ghosh,27,Male,2024,DevOps,58.8,54.1,47.9,39.7,5.3,3.5,0,54,1,1,0,Job,6.53,Tier 2
STU03923,Aditya Patel,25,Male,2024,MERN,53.0,23.2,24.2,26.3,4.7,3.1,1,19,3,0,1,No Job,0.0,Not Placed
STU03924,Rajan Gupta,27,Female,2022,QA,66.5,60.0,48.6,59.2,5.7,5.7,1,65,0,0,0,Job,6.03,Tier 2
STU03925,Divya Kapoor,27,Female,2023,QA,65.3,48.4,46.6,55.1,2.9,5.1,5,97,2,0,0,Job,4.86,Tier 3
STU03926,Rajni Kapoor,27,Male,2022,DevOps,73.6,69.1,66.8,64.5,4.9,5.7,4,213,0,1,0,No Job,0.0,Not Placed
STU03927,Anjali Singh,26,Male,2024,Data Science,70.8,59.9,45.5,62.1,6.7,5.9,1,68,2,0,0,Internship,1.37,Tier 2
STU03928,Rajni Trivedi,24,Male,2023,MERN,89.6,80.0,76.6,76.6,7.6,7.8,2,168,4,0,0,Job,7.36,Tier 2
STU03929,Seema Shah,25,Male,2024,Cybersecurity,66.4,61.6,42.7,50.3,4.5,4.9,3,138,0,0,1,No Job,0.0,Not Placed
STU03930,Anushka Garg,20,Male,2023,QA,60.3,51.5,38.4,44.4,5.6,6.8,3,80,0,0,0,No Job,0.0,Not Placed
STU03931,Anish Dutta,19,Other,2023,MERN,69.9,67.9,69.8,50.2,5.4,6.6,1,124,1,0,1,Internship,1.27,Tier 3
STU03932,Karan Verma,23,Female,2024,MERN,40.0,28.3,20.0,28.2,3.3,3.3,0,0,1,0,1,No Job,0.0,Not Placed
STU03933,Vineeta Roy,26,Female,2024,Data Science,62.8,50.0,34.3,50.3,2.7,4.1,0,45,0,0,0,No Job,0.0,Not Placed
STU03934,Khushi Dixit,21,Female,2022,Cybersecurity,70.4,54.9,45.7,50.9,4.5,5.8,2,107,1,0,2,No Job,0.0,Not Placed
STU03935,Ashish Gupta,25,Male,2023,Data Science,64.8,61.4,65.9,58.6,5.1,5.6,2,103,2,1,0,Job,7.94,Tier 2
STU03936,Prateek Rao,23,Other,2023,Data Science,73.4,68.2,52.5,57.6,4.8,5.6,1,120,2,1,0,Job,8.0,Tier 1
STU03937,Aarav Dutta,26,Male,2023,Data Science,75.1,71.5,74.5,65.5,5.7,5.3,3,168,1,1,0,Job,8.23,Tier 1
STU03938,Vaibhav Batra,24,Female,2023,Cybersecurity,64.8,39.9,54.7,44.0,4.5,4.5,1,36,1,0,0,No Job,0.0,Not Placed
STU03939,Komal Gandhi,24,Female,2023,MERN,58.5,39.8,37.3,41.5,3.6,3.2,2,119,0,0,0,No Job,0.0,Not Placed
STU03940,Tanvi Trivedi,25,Male,2023,MERN,60.1,47.2,46.8,53.6,5.5,6.7,0,116,2,1,0,Job,6.46,Tier 2
STU03941,Sanjana Kaur,25,Male,2022,Figma Designer,72.0,42.4,31.5,38.9,4.8,5.1,1,48,0,0,0,No Job,0.0,Not Placed
STU03942,Akash Iyer,22,Male,2023,Data Science,40.0,25.8,20.0,18.7,2.5,2.7,1,9,1,0,2,No Job,0.0,Not Placed
STU03943,Rahul Jain,26,Male,2022,MERN,63.0,58.8,49.9,54.4,6.2,5.5,0,121,1,0,0,Internship,1.5,Tier 2
STU03944,Abhinav Dutta,24,Male,2022,Figma Designer,47.9,32.0,33.5,32.6,4.6,4.4,0,51,0,0,2,No Job,0.0,Not Placed
STU03945,Sahil Dixit,26,Female,2024,DevOps,64.9,50.5,44.3,52.9,5.1,6.6,0,76,1,0,3,No Job,0.0,Not Placed
STU03946,Tanvi Chauhan,25,Female,2022,DevOps,64.9,54.9,54.8,39.0,3.5,5.8,3,135,0,0,0,No Job,0.0,Not Placed
STU03947,Anand Dubey,19,Male,2023,Data Science,85.7,87.2,91.7,89.3,7.9,6.6,0,178,0,1,0,Job,8.84,Tier 1
STU03948,Parth Dutta,22,Male,2023,QA,66.7,65.7,59.9,65.5,6.6,5.3,3,161,0,1,0,Internship,1.33,Tier 3
STU03949,Ravi Arora,25,Female,2023,DevOps,65.8,61.5,69.4,56.7,6.5,6.8,2,118,0,1,0,Job,6.45,Tier 2
STU03950,Anand Dubey,27,Male,2023,QA,80.1,76.3,74.2,71.3,5.8,6.0,2,148,2,1,1,Internship,2.46,Tier 3
STU03951,Mira Sharma,20,Male,2023,MERN,61.1,49.2,32.4,50.6,5.7,3.5,2,133,2,0,1,No Job,0.0,Not Placed
STU03952,Anish Kapoor,23,Female,2022,DevOps,49.8,32.0,20.0,18.1,4.5,3.6,5,140,0,0,2,No Job,0.0,Not Placed
STU03953,Sandeep Chopra,27,Male,2024,QA,40.0,20.0,20.0,31.4,3.8,2.9,1,0,1,0,1,No Job,0.0,Not Placed
STU03954,Kabir Patel,27,Male,2024,Figma Designer,69.7,58.3,70.5,58.6,4.5,6.4,2,90,1,0,0,Internship,1.64,Tier 3
STU03955,Vidya Dutta,24,Male,2022,Data Science,74.0,68.8,67.2,65.5,5.3,5.8,1,111,1,0,2,Job,6.81,Tier 2
STU03956,Anushka Kapoor,25,Male,2023,QA,55.9,45.6,29.6,43.9,2.9,3.7,3,27,0,1,1,No Job,0.0,Not Placed
STU03957,Sanjay Kapoor,27,Male,2023,MERN,61.2,45.8,60.7,43.4,3.5,5.0,0,68,0,0,0,No Job,0.0,Not Placed
STU03958,Vikas Pillai,26,Male,2022,DevOps,47.6,44.1,41.3,36.3,2.8,4.5,1,49,1,0,1,No Job,0.0,Not Placed
STU03959,Karishma Joshi,24,Male,2023,MERN,63.8,45.0,27.8,40.9,3.1,1.9,0,23,0,1,0,No Job,0.0,Not Placed
STU03960,Seema Khanna,24,Female,2023,Cybersecurity,59.7,48.8,39.2,44.6,5.0,5.2,1,44,2,1,0,Job,6.51,Tier 2
STU03961,Amit Desai,25,Female,2022,MERN,62.5,54.6,50.6,57.6,5.0,4.6,1,94,2,0,1,No Job,0.0,Not Placed
STU03962,Aarav Mehta,25,Female,2024,MERN,78.3,80.3,66.8,82.0,5.2,6.0,4,153,0,0,0,No Job,0.0,Not Placed
STU03963,Karan Singh,20,Male,2023,Data Science,65.8,56.0,59.2,49.9,6.8,4.7,4,152,1,0,0,No Job,0.0,Not Placed
STU03964,Palak Verma,27,Male,2023,Data Science,70.9,74.9,72.5,65.5,6.8,4.4,2,103,0,1,0,Job,8.43,Tier 1
STU03965,Sanjay Verma,22,Male,2024,Figma Designer,88.0,93.1,100.0,89.8,6.9,7.9,0,187,2,0,0,Job,6.99,Tier 2
STU03966,Renu Chauhan,27,Female,2022,Figma Designer,65.9,60.7,56.3,53.0,5.3,4.3,1,130,0,1,0,No Job,0.0,Not Placed
STU03967,Ashish Singh,21,Male,2023,QA,56.8,52.5,45.8,42.8,5.1,4.8,0,94,1,0,0,No Job,0.0,Not Placed
STU03968,Deepika Dixit,23,Female,2023,MERN,40.0,20.0,20.0,15.0,1.9,2.6,1,0,0,0,1,No Job,0.0,Not Placed
STU03969,Rajni Kapoor,23,Male,2023,MERN,64.8,64.7,61.4,51.8,5.3,4.3,0,98,2,0,0,Job,6.8,Tier 2
STU03970,Rajan Kapoor,25,Female,2023,Cybersecurity,58.3,48.8,43.2,41.8,4.5,6.1,2,105,0,0,1,Job,6.08,Tier 2
STU03971,Neha Sinha,22,Female,2022,Figma Designer,68.9,56.2,51.3,63.5,5.7,4.9,0,42,1,1,0,No Job,0.0,Not Placed
STU03972,Seema Reddy,22,Male,2022,DevOps,64.6,48.2,40.7,54.9,5.3,4.7,2,73,0,1,0,Job,6.48,Tier 2
STU03973,Nikita Iyer,19,Female,2022,QA,59.1,52.4,34.0,46.2,3.6,4.9,3,122,4,1,0,Job,4.57,Tier 3
STU03974,Nandini Nair,24,Male,2024,Figma Designer,41.6,28.9,25.4,25.6,2.2,3.9,0,12,2,0,0,No Job,0.0,Not Placed
STU03975,Neha Rastogi,22,Female,2022,QA,72.6,66.0,51.9,51.0,5.2,5.2,0,148,0,0,1,Internship,2.36,Tier 2
STU03976,Riya Trivedi,23,Male,2022,MERN,42.5,20.0,20.0,15.0,2.9,1.5,3,27,1,0,1,No Job,0.0,Not Placed
STU03977,Farhan Dixit,27,Male,2024,Data Science,76.7,60.5,61.2,63.1,5.3,7.2,2,101,1,0,0,Job,8.33,Tier 1
STU03978,Vineeta Trivedi,22,Male,2023,DevOps,55.9,28.8,20.0,26.6,2.9,3.6,4,103,0,0,1,Internship,2.36,Tier 3
STU03979,Ishaan Trivedi,19,Female,2023,DevOps,70.7,65.2,57.8,75.7,7.0,5.8,1,144,0,1,0,Job,7.97,Tier 2
STU03980,Divya Malhotra,27,Female,2022,Data Science,57.0,44.4,42.1,42.2,3.5,5.2,0,97,1,0,0,No Job,0.0,Not Placed
STU03981,Ritesh Khanna,23,Male,2023,MERN,69.6,64.7,62.3,59.0,5.8,6.6,1,119,3,0,0,Internship,1.8,Tier 2
STU03982,Tanvi Srivastava,25,Female,2022,QA,66.5,52.4,54.5,57.1,4.9,7.9,4,165,1,0,0,Internship,1.95,Tier 3
STU03983,Sara Patel,21,Male,2023,DevOps,77.1,74.9,67.1,61.7,6.0,6.4,0,142,2,1,0,Internship,1.52,Tier 3
STU03984,Harsha Chawla,22,Male,2024,MERN,90.2,90.4,87.8,84.3,6.4,6.6,4,206,2,1,0,Job,7.7,Tier 2
STU03985,Vanshika Reddy,27,Female,2023,Cybersecurity,77.8,73.2,84.8,71.3,7.5,4.3,1,134,1,1,0,Job,7.53,Tier 2
STU03986,Sanjana Arora,19,Male,2022,Cybersecurity,78.5,60.7,56.4,58.9,5.9,5.7,0,115,0,0,0,Job,7.43,Tier 2
STU03987,Ashu Reddy,23,Female,2023,QA,57.5,38.0,47.6,53.1,5.1,4.4,1,92,0,0,0,No Job,0.0,Not Placed
STU03988,Uday Roy,26,Male,2023,Data Science,67.5,66.7,60.3,65.7,5.3,5.8,0,130,1,0,0,Job,7.69,Tier 2
STU03989,Sandeep Shah,25,Male,2023,QA,72.7,79.7,71.0,59.6,7.0,6.3,1,156,1,0,0,No Job,0.0,Not Placed
STU03990,Mehak Iyer,22,Male,2023,Cybersecurity,60.8,57.1,46.6,45.7,5.6,5.9,0,75,1,0,1,No Job,0.0,Not Placed
STU03991,Vineeta Kumar,25,Female,2023,Data Science,57.5,54.6,47.0,47.8,5.0,5.4,4,102,1,1,2,No Job,0.0,Not Placed
STU03992,Rajni Pillai,19,Female,2023,QA,68.9,49.3,39.1,41.1,3.1,4.5,0,71,2,0,0,No Job,0.0,Not Placed
STU03993,Kunal Dixit,24,Male,2024,MERN,74.2,67.8,72.5,58.5,6.6,6.2,2,148,3,0,0,Job,7.13,Tier 2
STU03994,Sara Dubey,27,Female,2024,MERN,63.2,58.9,64.2,51.3,4.2,5.4,3,133,0,0,3,No Job,0.0,Not Placed
STU03995,Pranav Mehta,21,Female,2022,DevOps,45.8,27.7,32.0,28.7,3.0,5.2,1,42,1,0,0,No Job,0.0,Not Placed
STU03996,Kabir Reddy,22,Male,2024,MERN,68.9,55.5,50.2,56.4,5.6,5.9,2,59,0,1,0,Job,6.6,Tier 2
STU03997,Manish Gandhi,26,Male,2022,MERN,66.6,42.1,43.3,40.2,4.7,5.7,1,124,3,0,0,No Job,0.0,Not Placed
STU03998,Kavya Malhotra,23,Male,2024,QA,71.9,63.5,69.9,49.4,7.2,5.1,0,94,1,0,1,No Job,0.0,Not Placed
STU03999,Priya Trivedi,23,Male,2022,Data Science,58.3,47.2,31.4,30.9,4.6,3.5,0,96,3,0,2,No Job,0.0,Not Placed
STU04000,Asha Iyer,19,Female,2023,Figma Designer,81.8,75.3,73.5,74.8,7.0,5.6,2,226,2,1,0,Job,5.56,Tier 2
STU04001,Uday Pillai,24,Male,2024,DevOps,60.5,52.9,32.3,41.4,4.5,5.9,2,17,0,0,0,No Job,0.0,Not Placed
STU04002,Asha Khanna,20,Male,2022,Data Science,85.6,100.0,94.1,84.7,7.5,9.0,3,192,3,1,3,Internship,1.38,Tier 3
STU04003,Mohit Goyal,19,Male,2024,Data Science,64.5,47.7,56.7,57.3,5.6,4.7,1,94,1,0,0,Internship,1.23,Tier 3
STU04004,Prachi Dutta,24,Male,2023,Cybersecurity,62.2,53.8,57.8,30.5,4.7,3.9,4,129,2,0,2,No Job,0.0,Not Placed
STU04005,Deepika Roy,23,Female,2023,Cybersecurity,68.8,61.8,51.2,62.7,4.9,6.3,2,104,1,0,0,Internship,1.24,Tier 3
STU04006,Mira Chopra,23,Female,2023,Data Science,68.1,69.6,53.3,69.7,6.8,5.1,0,120,2,0,0,Job,7.36,Tier 2
STU04007,Ashu Bhatt,27,Male,2024,MERN,87.5,84.6,97.2,68.0,7.2,5.7,0,193,1,1,0,Job,7.67,Tier 2
STU04008,Divya Pillai,21,Male,2022,QA,79.4,72.7,41.0,48.7,4.1,4.5,1,75,3,0,1,No Job,0.0,Not Placed
STU04009,Mohit Gandhi,19,Male,2023,Data Science,40.4,27.0,20.0,15.0,1.0,3.3,2,54,1,0,0,No Job,0.0,Not Placed
STU04010,Saloni Patel,26,Female,2024,QA,59.2,52.0,47.5,35.7,3.8,6.6,0,24,0,0,2,No Job,0.0,Not Placed
STU04011,Aditya Mehta,23,Male,2024,Cybersecurity,75.2,64.5,51.9,70.8,6.2,7.5,0,121,1,1,0,Job,7.21,Tier 2
STU04012,Vanshika Dutta,23,Male,2024,DevOps,61.0,49.0,38.3,46.4,5.1,4.5,1,66,4,1,0,Job,6.64,Tier 2
STU04013,Abhinav Dubey,26,Male,2023,MERN,66.5,52.7,51.5,60.0,2.4,3.4,5,159,2,1,0,Job,5.89,Tier 2
STU04014,Vikas Nair,26,Male,2024,Data Science,55.4,49.9,25.6,40.5,5.4,4.1,2,109,2,0,0,Internship,1.51,Tier 3
STU04015,Sakshi Gandhi,20,Male,2024,QA,59.8,43.2,20.0,36.3,4.1,4.1,0,45,0,0,0,No Job,0.0,Not Placed
STU04016,Uday Kaur,21,Female,2024,Data Science,75.1,50.7,57.7,62.8,5.4,5.5,0,128,0,1,0,No Job,0.0,Not Placed
STU04017,Riya Arora,19,Female,2022,MERN,60.7,52.4,51.8,26.0,4.9,4.0,3,88,2,0,0,Job,4.88,Tier 3
STU04018,Uday Chawla,21,Male,2023,DevOps,77.4,83.9,87.6,76.2,7.2,6.0,3,191,2,1,0,Job,6.93,Tier 2
STU04019,Divya Mehta,22,Female,2023,MERN,59.6,39.6,20.0,42.1,4.9,4.9,1,73,1,0,1,No Job,0.0,Not Placed
STU04020,Seema Dutta,25,Female,2023,DevOps,49.6,38.3,37.5,40.5,2.8,3.6,0,24,4,1,1,No Job,0.0,Not Placed
STU04021,Aryan Khanna,27,Male,2023,QA,60.6,56.0,50.7,58.4,5.5,4.9,2,126,2,0,0,No Job,0.0,Not Placed
STU04022,Kavya Desai,23,Male,2022,DevOps,46.8,20.0,20.0,20.9,3.5,3.4,1,33,3,0,2,No Job,0.0,Not Placed
STU04023,Ishaan Ghosh,19,Male,2023,Figma Designer,45.4,23.6,20.0,25.2,2.2,3.5,2,0,0,1,1,No Job,0.0,Not Placed
STU04024,Uday Gandhi,20,Female,2022,QA,71.8,65.0,66.5,71.4,5.5,6.0,0,113,2,1,0,No Job,0.0,Not Placed
STU04025,Akshay Dubey,20,Female,2022,MERN,68.9,49.1,51.7,55.4,5.2,5.8,1,95,2,1,1,Internship,1.31,Tier 3
STU04026,Renu Gandhi,27,Male,2023,MERN,58.0,32.6,24.9,15.2,3.1,4.5,1,15,2,0,1,No Job,0.0,Not Placed
STU04027,Khushi Ghosh,25,Male,2024,DevOps,73.2,72.1,52.8,59.2,6.0,5.0,1,137,2,0,0,Job,5.76,Tier 2
STU04028,Vidya Chawla,20,Female,2023,Cybersecurity,58.7,35.2,35.9,48.6,2.9,5.5,5,117,2,0,2,No Job,0.0,Not Placed
STU04029,Kavya Nair,19,Male,2022,MERN,50.9,32.9,28.1,26.7,3.2,2.9,2,79,2,0,0,No Job,0.0,Not Placed
STU04030,Ishaan Shah,23,Female,2022,Figma Designer,74.1,69.0,58.9,69.1,6.1,5.9,3,143,0,0,0,Job,5.96,Tier 2
STU04031,Arjun Sharma,19,Male,2023,Cybersecurity,75.1,70.3,80.8,72.8,6.7,6.3,0,130,2,0,0,Internship,1.65,Tier 3
STU04032,Sanjana Chauhan,27,Female,2024,MERN,87.9,93.4,80.7,80.7,7.4,7.3,1,161,1,1,0,Job,8.21,Tier 1
STU04033,Prachi Batra,21,Female,2023,Cybersecurity,63.7,51.9,67.4,55.7,5.3,6.4,0,90,2,0,0,Internship,2.24,Tier 2
STU04034,Anjali Verma,20,Male,2022,MERN,69.3,57.5,65.1,43.4,4.5,4.4,5,157,2,1,3,Job,5.48,Tier 3
STU04035,Divya Shukla,24,Female,2023,QA,94.3,83.5,77.9,81.8,6.8,8.0,0,133,1,1,0,Job,6.8,Tier 2
STU04036,Deepak Patel,21,Male,2024,DevOps,66.8,52.6,52.9,49.0,4.5,5.3,0,33,2,1,1,No Job,0.0,Not Placed
STU04037,Sanjana Yadav,23,Male,2022,Data Science,64.2,52.8,45.7,51.6,4.2,4.9,0,77,1,0,1,Job,6.99,Tier 2
STU04038,Vinay Mishra,26,Female,2023,Data Science,60.2,40.9,35.6,32.6,5.8,3.9,1,61,2,0,1,No Job,0.0,Not Placed
STU04039,Vaibhav Srivastava,20,Male,2023,QA,64.9,69.3,55.2,75.8,6.3,4.4,1,89,0,1,0,Job,5.71,Tier 2
STU04040,Rohit Khanna,23,Female,2022,DevOps,44.2,27.2,20.0,18.5,2.7,3.0,0,9,0,0,3,No Job,0.0,Not Placed
STU04041,Aryan Pillai,26,Male,2022,Figma Designer,78.8,79.6,63.3,78.1,6.0,6.9,1,138,2,1,0,Job,6.61,Tier 2
STU04042,Palak Batra,19,Female,2023,Data Science,51.9,37.9,36.7,30.5,3.4,2.9,2,110,0,0,0,No Job,0.0,Not Placed
STU04043,Vanshika Goyal,22,Male,2022,MERN,55.7,48.2,47.8,44.3,3.4,4.8,2,90,3,0,1,No Job,0.0,Not Placed
STU04044,Harsha Trivedi,23,Female,2022,Data Science,73.7,60.4,65.3,62.1,6.7,4.4,0,117,0,1,1,Internship,1.43,Tier 3
STU04045,Dev Verma,21,Male,2023,DevOps,85.3,83.3,92.5,78.3,7.5,5.7,2,184,2,1,0,Internship,1.8,Tier 3
STU04046,Ankita Mehta,20,Male,2022,MERN,75.5,50.6,50.2,46.6,3.3,4.4,0,73,2,0,0,Job,5.21,Tier 3
STU04047,Uday Reddy,21,Male,2023,Data Science,48.9,36.8,23.6,33.7,2.4,3.6,4,106,0,0,1,No Job,0.0,Not Placed
STU04048,Sneha Desai,23,Male,2022,Cybersecurity,73.3,66.3,58.6,53.4,5.4,7.4,0,91,3,1,1,Job,7.44,Tier 2
STU04049,Ankita Bhatt,25,Male,2023,DevOps,69.3,58.2,37.9,53.9,4.2,5.6,1,65,2,0,0,No Job,0.0,Not Placed
STU04050,Mohit Nair,20,Male,2024,MERN,58.3,26.7,21.4,25.3,1.6,3.0,0,0,2,0,1,No Job,0.0,Not Placed
STU04051,Nandini Shah,25,Other,2023,DevOps,65.9,60.0,50.3,57.8,6.0,6.7,1,102,0,1,0,Job,7.25,Tier 2
STU04052,Rahul Roy,24,Male,2023,QA,60.4,53.8,47.9,48.3,4.5,5.1,0,40,1,0,0,No Job,0.0,Not Placed
STU04053,Vineeta Roy,25,Female,2022,Data Science,61.5,53.7,50.3,45.8,4.1,3.9,2,83,2,0,0,No Job,0.0,Not Placed
STU04054,Rohit Sinha,25,Female,2023,MERN,80.8,63.3,61.2,48.3,6.0,5.7,1,150,0,0,0,Internship,1.03,Tier 2
STU04055,Vidya Yadav,27,Male,2022,MERN,72.5,64.3,64.3,60.8,7.9,5.4,1,86,3,1,0,Internship,1.48,Tier 2
STU04056,Yash Garg,25,Female,2022,QA,56.5,40.7,53.5,39.4,3.5,5.0,4,124,1,0,2,No Job,0.0,Not Placed
STU04057,Ritesh Trivedi,24,Female,2023,QA,64.6,55.3,51.5,47.8,6.8,4.4,1,155,2,1,2,Job,5.18,Tier 3
STU04058,Karan Batra,26,Male,2024,MERN,50.1,31.5,24.3,28.2,2.8,3.3,0,71,3,1,0,No Job,0.0,Not Placed
STU04059,Mira Reddy,25,Female,2023,MERN,64.5,56.2,55.3,55.5,4.2,5.3,0,68,1,1,0,Job,5.9,Tier 2
STU04060,Rajesh Tiwari,24,Male,2022,Figma Designer,67.5,44.6,41.3,35.1,3.4,4.2,2,79,0,0,0,No Job,0.0,Not Placed
STU04061,Rajni Shukla,22,Female,2024,Figma Designer,71.7,55.7,53.4,39.8,5.7,5.7,0,111,1,0,1,Job,4.56,Tier 3
STU04062,Mehak Dixit,25,Male,2022,Cybersecurity,54.4,41.1,41.7,43.7,4.5,5.0,2,72,1,0,0,No Job,0.0,Not Placed
STU04063,Krishna Ghosh,26,Male,2024,Figma Designer,62.1,60.7,51.6,54.7,4.4,4.0,4,172,1,0,0,Job,4.05,Tier 3
STU04064,Karan Ghosh,26,Female,2023,Cybersecurity,48.4,30.8,20.0,38.4,1.0,4.0,1,27,0,0,0,No Job,0.0,Not Placed
STU04065,Akshay Patel,22,Male,2023,Cybersecurity,49.2,31.2,36.7,27.0,2.1,5.1,0,69,0,0,1,No Job,0.0,Not Placed
STU04066,Saloni Dixit,27,Male,2023,MERN,68.8,61.3,45.2,51.7,5.7,5.0,2,81,1,0,0,No Job,0.0,Not Placed
STU04067,Ankita Batra,21,Male,2024,DevOps,88.0,84.4,85.9,85.8,7.9,7.0,1,171,1,0,0,Job,8.43,Tier 1
STU04068,Suresh Iyer,27,Female,2024,Data Science,69.4,66.9,62.0,57.6,7.1,5.0,0,140,3,1,0,Internship,1.6,Tier 3
STU04069,Sachin Srivastava,21,Male,2023,QA,69.4,62.0,79.9,62.8,4.6,4.9,1,114,1,0,0,Job,5.11,Tier 3
STU04070,Kabir Malhotra,25,Male,2023,Figma Designer,64.4,53.7,36.0,48.7,4.8,6.1,1,35,4,0,3,No Job,0.0,Not Placed
STU04071,Sara Dutta,22,Male,2023,Cybersecurity,62.0,52.1,53.3,45.1,3.1,5.4,2,96,4,0,1,No Job,0.0,Not Placed
STU04072,Tanvi Sharma,23,Female,2023,MERN,68.2,69.8,62.4,59.2,6.9,6.0,2,152,0,1,0,No Job,0.0,Not Placed
STU04073,Uday Bansal,21,Female,2024,Data Science,56.2,37.7,33.9,27.6,4.3,4.1,2,45,0,1,1,No Job,0.0,Not Placed
STU04074,Anil Iyer,20,Male,2022,MERN,77.2,87.5,82.7,77.9,7.1,7.4,1,168,0,1,0,No Job,0.0,Not Placed
STU04075,Krishna Shah,26,Male,2023,MERN,70.9,55.3,60.6,51.5,4.0,4.2,3,123,1,0,3,Job,5.26,Tier 3
STU04076,Parth Roy,25,Male,2024,Cybersecurity,80.8,80.2,85.9,72.3,8.5,8.3,4,200,1,1,0,No Job,0.0,Not Placed
STU04077,Varun Garg,25,Female,2024,Figma Designer,82.7,87.4,85.7,84.1,7.2,7.6,0,123,1,1,0,Job,5.88,Tier 2
STU04078,Akash Patel,26,Female,2022,Data Science,66.4,69.3,61.2,66.8,6.1,5.3,0,57,2,0,0,Internship,1.97,Tier 3
STU04079,Khushi Yadav,19,Male,2022,Data Science,62.9,58.7,60.2,48.6,4.1,5.5,1,130,1,1,0,Internship,0.82,Tier 3
STU04080,Meena Ghosh,26,Female,2024,Cybersecurity,55.1,53.2,34.5,50.7,3.2,4.5,5,114,1,0,0,No Job,0.0,Not Placed
STU04081,Gaurav Trivedi,23,Male,2023,MERN,76.1,66.6,55.8,61.9,6.2,6.1,0,146,2,1,0,Job,6.94,Tier 2
STU04082,Sachin Dutta,26,Male,2023,Figma Designer,68.7,51.3,47.0,41.6,7.2,4.6,1,105,1,0,3,No Job,0.0,Not Placed
STU04083,Rahul Roy,27,Female,2022,MERN,45.3,21.7,31.3,23.6,1.8,4.1,0,0,1,1,2,No Job,0.0,Not Placed
STU04084,Vidya Agarwal,20,Female,2024,MERN,77.0,68.4,66.8,69.4,6.0,6.6,1,138,1,1,0,Internship,1.96,Tier 2
STU04085,Karishma Rastogi,21,Female,2022,MERN,66.4,61.9,64.9,69.6,5.4,5.7,1,86,1,0,0,No Job,0.0,Not Placed
STU04086,Shreya Gupta,24,Male,2022,Data Science,65.4,59.3,34.4,52.1,5.6,5.4,1,95,2,0,0,Internship,2.09,Tier 3
STU04087,Yash Mishra,27,Male,2022,DevOps,74.0,69.7,54.7,61.3,5.6,6.6,0,53,0,0,0,No Job,0.0,Not Placed
STU04088,Seema Shah,26,Female,2024,Data Science,70.0,65.8,54.5,50.9,3.6,4.5,3,132,2,0,1,Job,7.53,Tier 2
STU04089,Lalit Trivedi,24,Female,2024,DevOps,77.7,80.5,77.9,72.4,6.4,8.2,2,160,4,1,0,Job,8.83,Tier 1
STU04090,Karishma Mehta,23,Male,2024,DevOps,50.9,35.6,37.9,28.4,3.4,5.1,5,135,1,0,0,No Job,0.0,Not Placed
STU04091,Maya Singh,21,Male,2023,Data Science,74.4,78.7,64.9,72.2,5.4,7.9,0,137,2,1,0,Internship,2.42,Tier 3
STU04092,Deepak Kaur,22,Female,2024,Data Science,82.9,69.6,71.2,83.1,6.6,9.2,3,227,2,1,0,No Job,0.0,Not Placed
STU04093,Akash Desai,25,Female,2024,DevOps,55.8,52.9,36.6,43.5,4.5,5.3,1,66,1,1,3,No Job,0.0,Not Placed
STU04094,Priya Chawla,25,Female,2024,Cybersecurity,74.3,53.1,48.4,57.3,6.5,4.1,0,100,0,0,0,Internship,2.33,Tier 2
STU04095,Sara Arora,21,Female,2024,Figma Designer,65.3,60.9,54.1,56.7,6.1,5.0,0,122,4,0,0,Job,5.97,Tier 2
STU04096,Maya Kumar,22,Male,2023,Data Science,93.5,100.0,100.0,91.7,7.5,7.0,0,211,2,1,0,Job,10.01,Tier 1
STU04097,Vanshika Rao,21,Female,2023,Data Science,54.5,46.5,37.9,41.9,3.9,5.7,1,44,2,0,0,No Job,0.0,Not Placed
STU04098,Vishal Rao,20,Female,2024,Data Science,41.5,25.1,20.0,22.9,4.3,4.5,3,55,4,0,1,No Job,0.0,Not Placed
STU04099,Vishal Srivastava,24,Male,2024,DevOps,40.0,23.9,20.0,28.7,2.9,4.8,0,0,1,0,1,No Job,0.0,Not Placed
STU04100,Manisha Varma,25,Female,2023,Cybersecurity,59.2,41.1,46.0,46.7,5.7,6.1,4,193,0,0,1,Internship,1.67,Tier 3
STU04101,Tanvi Kumar,22,Female,2022,QA,82.0,73.1,77.5,65.6,5.5,7.8,1,82,1,0,0,No Job,0.0,Not Placed
STU04102,Maya Mehta,23,Male,2023,Cybersecurity,51.1,35.0,20.0,30.8,3.4,2.9,2,105,0,0,1,No Job,0.0,Not Placed
STU04103,Sachin Gandhi,26,Female,2023,Data Science,67.1,54.4,42.3,51.3,4.0,5.0,2,100,3,1,1,Job,7.07,Tier 2
STU04104,Arjun Mishra,27,Female,2022,DevOps,60.7,47.2,33.5,52.3,4.5,3.9,2,60,2,0,0,Job,6.23,Tier 2
STU04105,Priya Goyal,25,Female,2024,Figma Designer,51.5,37.2,21.2,41.3,3.8,2.6,1,16,1,0,0,No Job,0.0,Not Placed
STU04106,Pooja Pillai,19,Female,2023,MERN,68.5,56.5,56.7,71.1,5.8,7.4,1,122,2,0,0,Job,7.72,Tier 2
STU04107,Vikas Pillai,21,Male,2023,DevOps,47.0,27.4,20.0,15.6,3.9,2.4,4,40,1,0,1,No Job,0.0,Not Placed
STU04108,Kabir Bansal,23,Female,2023,Figma Designer,75.4,77.3,60.1,68.0,5.9,5.7,2,147,0,0,0,No Job,0.0,Not Placed
STU04109,Sanjay Kaur,21,Male,2023,Cybersecurity,53.3,57.9,45.6,51.3,2.7,5.2,1,67,0,0,0,No Job,0.0,Not Placed
STU04110,Zara Dutta,19,Female,2022,QA,74.5,78.7,60.1,59.6,5.8,5.5,1,142,1,1,0,Job,6.77,Tier 2
STU04111,Naman Kapoor,20,Male,2023,MERN,69.0,47.7,63.7,58.4,5.1,3.7,0,49,2,0,0,Internship,0.89,Tier 2
STU04112,Nandini Batra,26,Male,2022,MERN,54.0,30.3,20.0,15.0,2.7,3.8,0,0,0,0,2,No Job,0.0,Not Placed
STU04113,Suresh Verma,25,Male,2022,Data Science,74.2,59.4,53.0,55.1,5.2,5.0,5,133,2,1,0,Internship,0.97,Tier 3
STU04114,Harsha Khanna,21,Male,2022,Cybersecurity,60.1,49.4,40.7,34.6,3.9,6.5,2,136,0,0,1,No Job,0.0,Not Placed
STU04115,Mira Joshi,22,Male,2022,Data Science,67.5,77.1,65.2,91.8,7.4,6.6,5,228,1,0,1,Internship,0.96,Tier 3
STU04116,Ruchi Khanna,21,Male,2023,QA,74.7,67.3,72.5,62.9,4.7,6.5,2,156,0,0,2,No Job,0.0,Not Placed
STU04117,Gaurav Goyal,22,Female,2023,QA,75.7,67.5,71.0,75.0,5.2,3.6,0,147,1,0,0,Job,5.58,Tier 2
STU04118,Kajal Kapoor,26,Female,2024,DevOps,68.8,59.3,29.5,49.7,3.2,5.3,1,92,0,0,0,No Job,0.0,Not Placed
STU04119,Ruchi Gupta,27,Female,2023,Data Science,57.0,43.0,25.2,33.4,4.6,4.2,0,100,3,0,1,No Job,0.0,Not Placed
STU04120,Zara Shukla,25,Female,2024,Data Science,72.1,62.3,47.9,61.8,3.6,6.5,3,115,4,0,0,No Job,0.0,Not Placed
STU04121,Rohit Jain,27,Female,2023,QA,69.2,71.5,69.7,64.8,6.4,5.3,0,127,0,0,2,No Job,0.0,Not Placed
STU04122,Harsh Yadav,27,Male,2024,Cybersecurity,62.7,40.5,40.8,28.8,3.7,4.7,2,62,1,0,0,No Job,0.0,Not Placed
STU04123,Ashu Garg,25,Female,2023,Cybersecurity,69.0,53.2,52.4,50.4,5.1,4.5,2,133,2,0,0,No Job,0.0,Not Placed
STU04124,Pankaj Sharma,25,Female,2023,MERN,71.3,63.3,68.9,51.6,5.8,4.3,2,160,0,1,0,Job,6.81,Tier 2
STU04125,Tushar Joshi,26,Male,2022,DevOps,68.5,70.8,78.8,71.2,8.2,6.1,3,165,1,0,0,Job,7.14,Tier 2
STU04126,Mihir Jain,21,Female,2023,QA,61.2,41.4,46.7,34.5,2.6,3.8,2,23,3,0,0,Job,4.58,Tier 3
STU04127,Vinay Verma,26,Male,2023,DevOps,68.8,70.9,58.0,60.7,4.9,4.7,1,101,1,0,1,No Job,0.0,Not Placed
STU04128,Amit Verma,19,Female,2023,Cybersecurity,63.1,49.5,38.9,48.3,3.0,4.5,0,18,2,0,0,No Job,0.0,Not Placed
STU04129,Priya Roy,24,Female,2024,QA,55.5,53.2,41.0,61.9,4.3,4.8,0,54,1,0,2,No Job,0.0,Not Placed
STU04130,Pranav Bhatt,20,Female,2022,Data Science,91.3,90.6,82.5,84.6,6.9,7.9,4,214,2,1,0,Job,8.42,Tier 1
STU04131,Naman Dixit,25,Male,2022,Data Science,70.8,60.9,63.3,53.0,4.5,3.8,0,58,3,0,0,Job,6.82,Tier 2
STU04132,Surbhi Trivedi,21,Male,2023,DevOps,81.3,72.4,67.4,90.0,6.4,6.8,1,87,1,1,0,Internship,1.62,Tier 3
STU04133,Khushi Gandhi,23,Female,2024,Data Science,68.9,48.9,27.8,52.3,3.2,2.6,1,65,2,1,0,No Job,0.0,Not Placed
STU04134,Vaibhav Bhatt,20,Male,2023,QA,66.8,70.3,76.8,78.9,7.7,8.2,1,246,2,0,0,Job,5.92,Tier 2
STU04135,Anish Dixit,19,Male,2023,Cybersecurity,58.5,50.7,53.6,47.2,2.7,5.9,1,72,1,1,0,No Job,0.0,Not Placed
STU04136,Uma Mishra,23,Female,2022,Figma Designer,72.0,66.7,67.9,67.0,7.2,5.9,2,126,1,1,0,Job,5.18,Tier 3
STU04137,Nitin Kapoor,27,Female,2023,Cybersecurity,50.6,37.0,37.1,19.8,5.1,3.5,0,6,1,0,0,No Job,0.0,Not Placed
STU04138,Anand Agarwal,27,Male,2024,Data Science,56.3,39.2,42.2,24.3,2.9,4.0,0,54,1,0,1,Job,5.31,Tier 3
STU04139,Sneha Sinha,25,Male,2024,MERN,56.7,52.8,51.9,57.2,5.2,4.0,3,100,0,0,0,No Job,0.0,Not Placed
STU04140,Rohan Kapoor,27,Male,2022,QA,72.7,76.5,75.2,85.6,9.0,8.3,1,125,0,1,0,Job,5.92,Tier 2
STU04141,Harsh Kapoor,22,Male,2023,Data Science,80.3,89.1,88.6,63.5,6.7,5.5,0,160,1,0,0,Internship,2.18,Tier 3
STU04142,Maya Desai,21,Male,2023,Cybersecurity,60.9,50.4,57.0,46.0,4.3,6.0,2,99,1,0,0,No Job,0.0,Not Placed
STU04143,Ashish Bhatt,22,Female,2022,QA,64.8,57.2,41.4,44.5,5.5,4.3,0,70,2,0,0,No Job,0.0,Not Placed
STU04144,Nikhil Rao,25,Female,2023,MERN,64.6,66.2,52.1,52.3,5.9,6.0,0,108,3,0,1,Job,6.91,Tier 2
STU04145,Mihir Srivastava,26,Female,2023,MERN,49.5,29.5,27.0,34.9,2.8,3.9,0,0,1,0,0,No Job,0.0,Not Placed
STU04146,Karan Varma,20,Male,2022,DevOps,60.5,55.2,58.2,58.8,4.4,6.0,0,65,2,0,0,No Job,0.0,Not Placed
STU04147,Parth Jain,23,Female,2024,QA,59.8,55.6,44.0,45.6,4.9,6.2,3,173,1,0,0,Job,4.71,Tier 3
STU04148,Tushar Reddy,23,Female,2022,MERN,62.9,55.8,51.9,42.9,6.5,4.9,0,63,1,0,0,Job,5.62,Tier 2
STU04149,Ankit Garg,27,Female,2024,Figma Designer,64.9,61.3,64.6,50.8,4.5,5.9,2,114,2,0,2,Job,4.01,Tier 3
STU04150,Swati Patel,21,Male,2024,Cybersecurity,72.2,71.1,64.2,62.4,5.7,7.7,1,116,1,0,1,Job,8.1,Tier 1
STU04151,Krishna Sharma,24,Other,2024,Figma Designer,40.0,20.0,20.0,26.3,3.6,2.8,0,11,1,0,1,No Job,0.0,Not Placed
STU04152,Vikas Dixit,23,Male,2022,Data Science,51.6,39.1,37.1,38.6,3.6,4.9,0,88,4,0,1,Job,6.88,Tier 2
STU04153,Suresh Chauhan,20,Female,2024,Data Science,65.9,45.0,43.2,55.3,5.2,5.3,0,59,2,1,0,No Job,0.0,Not Placed
STU04154,Neha Agarwal,20,Male,2024,QA,55.9,45.1,45.0,52.8,4.7,4.0,1,90,1,0,0,No Job,0.0,Not Placed
STU04155,Rajesh Mishra,22,Female,2022,QA,60.3,57.6,49.1,47.6,6.3,3.8,5,141,2,1,2,No Job,0.0,Not Placed
STU04156,Ayush Nair,22,Female,2023,DevOps,78.8,74.3,72.1,65.7,6.7,5.9,0,126,0,1,0,Job,7.47,Tier 2
STU04157,Sachin Khanna,25,Male,2022,Cybersecurity,68.0,66.9,40.4,55.4,5.5,5.2,1,96,4,0,0,Internship,0.96,Tier 2
STU04158,Avni Singh,19,Male,2024,QA,66.6,75.1,78.6,63.6,6.4,5.5,3,169,2,0,0,No Job,0.0,Not Placed
STU04159,Mohit Malhotra,24,Male,2024,Data Science,65.6,44.5,46.5,43.4,3.8,3.1,3,156,0,0,2,Internship,0.98,Tier 2
STU04160,Gaurav Bhatt,27,Male,2024,DevOps,65.3,47.8,49.3,47.9,2.6,4.2,2,87,3,0,0,No Job,0.0,Not Placed
STU04161,Ayush Iyer,20,Male,2024,QA,63.5,59.4,53.7,47.7,4.8,4.9,1,103,1,1,0,Job,5.23,Tier 3
STU04162,Manish Chauhan,23,Female,2023,MERN,61.9,39.0,37.5,45.9,5.4,5.7,2,100,2,0,1,No Job,0.0,Not Placed
STU04163,Neha Patel,22,Male,2022,MERN,55.5,62.1,54.5,51.1,5.8,5.2,1,89,0,0,1,Internship,1.31,Tier 3
STU04164,Asha Reddy,22,Male,2022,QA,59.5,42.2,35.3,54.8,6.7,3.6,3,73,2,1,0,Internship,2.04,Tier 3
STU04165,Prachi Yadav,26,Male,2022,MERN,68.4,64.1,75.3,65.4,5.1,6.0,1,163,2,1,0,Job,7.75,Tier 2
STU04166,Aditya Trivedi,24,Male,2023,Data Science,74.8,75.3,52.7,66.7,6.1,5.2,3,155,3,0,0,Internship,1.97,Tier 3
STU04167,Ayush Shah,25,Female,2024,Figma Designer,80.8,86.1,63.8,71.2,6.7,6.9,1,132,1,0,0,Internship,2.2,Tier 3
STU04168,Varun Srivastava,27,Female,2024,Cybersecurity,49.2,31.2,20.4,36.3,2.9,5.6,1,87,1,0,3,No Job,0.0,Not Placed
STU04169,Prateek Malhotra,21,Female,2022,QA,76.4,63.5,51.0,63.1,6.4,5.9,2,168,0,1,1,Job,6.16,Tier 2
STU04170,Vinay Singh,20,Male,2023,QA,70.5,84.0,78.7,85.1,7.2,6.5,0,129,1,1,0,Internship,1.5,Tier 2
STU04171,Vinay Joshi,21,Male,2023,Data Science,74.7,73.3,68.0,67.1,6.0,6.6,1,129,1,1,1,No Job,0.0,Not Placed
STU04172,Mihir Verma,26,Male,2023,Data Science,47.8,40.5,44.0,54.4,3.0,5.9,3,55,2,0,0,No Job,0.0,Not Placed
STU04173,Vinay Roy,27,Male,2023,MERN,62.8,51.4,31.1,42.2,4.5,2.6,1,95,2,0,0,No Job,0.0,Not Placed
STU04174,Sanjana Khanna,23,Female,2023,MERN,56.1,45.7,22.6,32.8,3.5,2.9,2,61,2,0,3,No Job,0.0,Not Placed
STU04175,Rajan Gandhi,26,Female,2024,Cybersecurity,75.2,79.1,77.0,76.7,4.9,5.8,2,144,0,0,0,Internship,1.13,Tier 2
STU04176,Yogesh Khanna,25,Male,2024,Cybersecurity,56.2,41.9,26.2,37.2,3.5,4.3,3,94,1,0,0,No Job,0.0,Not Placed
STU04177,Ravi Gupta,27,Male,2024,DevOps,57.2,49.6,30.3,45.2,4.1,5.1,1,96,4,0,0,Job,5.36,Tier 3
STU04178,Pranav Jain,22,Female,2022,Data Science,72.7,67.3,66.5,55.7,6.5,6.1,4,137,2,0,1,Job,8.4,Tier 1
STU04179,Saloni Chawla,21,Female,2022,MERN,71.3,64.7,59.3,61.2,4.2,5.6,5,155,3,0,0,No Job,0.0,Not Placed
STU04180,Parth Trivedi,27,Male,2023,DevOps,68.6,57.0,40.6,57.7,5.9,5.6,0,100,1,0,0,Internship,1.58,Tier 2
STU04181,Komal Joshi,26,Female,2024,DevOps,56.0,44.1,35.7,42.6,4.9,4.2,2,99,2,1,0,No Job,0.0,Not Placed
STU04182,Ravi Gupta,25,Female,2024,Data Science,54.1,35.4,22.5,19.0,3.6,4.0,2,74,2,0,1,No Job,0.0,Not Placed
STU04183,Farhan Arora,19,Male,2023,Cybersecurity,78.1,57.3,66.3,59.0,6.1,3.3,1,96,1,0,0,Job,7.12,Tier 2
STU04184,Parth Sharma,20,Male,2024,Data Science,58.1,35.1,20.0,40.7,5.8,3.6,0,25,1,0,2,No Job,0.0,Not Placed
STU04185,Asha Gupta,27,Male,2023,MERN,62.6,68.7,58.4,42.5,6.5,5.9,0,59,0,0,0,Job,6.34,Tier 2
STU04186,Rahul Sinha,23,Female,2022,Cybersecurity,67.4,49.5,41.8,45.0,3.5,3.1,2,67,3,0,1,No Job,0.0,Not Placed
STU04187,Sakshi Chawla,19,Male,2024,Data Science,58.6,61.3,49.4,50.6,5.4,3.9,0,89,0,0,3,No Job,0.0,Not Placed
STU04188,Sahil Sinha,27,Other,2024,DevOps,77.5,83.6,89.8,67.8,8.1,6.8,1,209,1,1,0,Internship,2.27,Tier 3
STU04189,Kabir Srivastava,19,Female,2022,MERN,73.2,62.8,41.7,50.0,4.6,6.6,0,111,2,0,0,Internship,2.43,Tier 3
STU04190,Lakshmi Batra,26,Male,2023,Data Science,54.5,40.0,25.3,30.0,4.6,4.4,0,51,1,0,2,No Job,0.0,Not Placed
STU04191,Uma Malhotra,23,Male,2023,Data Science,73.0,70.2,59.6,56.1,5.8,4.3,3,144,1,0,0,Internship,1.64,Tier 3
STU04192,Rahul Pillai,24,Female,2022,Figma Designer,66.1,46.1,48.5,51.5,5.4,5.1,0,59,0,0,0,No Job,0.0,Not Placed
STU04193,Riya Batra,19,Male,2024,DevOps,59.8,45.3,36.4,44.5,2.8,5.1,0,17,1,0,0,No Job,0.0,Not Placed
STU04194,Seema Patel,20,Female,2023,Figma Designer,73.9,64.4,57.9,59.1,4.9,5.6,1,118,2,1,0,Job,5.35,Tier 3
STU04195,Ravi Batra,25,Male,2022,DevOps,75.8,73.7,70.3,69.5,5.9,5.9,2,190,1,0,1,Internship,1.41,Tier 3
STU04196,Mehak Kumar,20,Male,2022,DevOps,71.2,67.4,53.0,80.8,6.0,5.6,0,74,1,0,3,No Job,0.0,Not Placed
STU04197,Anushka Bhatt,23,Female,2024,MERN,57.7,59.4,53.0,34.1,5.4,5.2,1,119,1,0,0,Internship,0.96,Tier 3
STU04198,Ashu Trivedi,27,Male,2024,MERN,57.4,36.0,20.0,25.9,1.9,4.5,1,53,3,0,2,No Job,0.0,Not Placed
STU04199,Neha Jain,23,Female,2024,MERN,73.6,69.8,57.9,66.3,6.2,5.8,2,160,3,0,0,Internship,0.91,Tier 3
STU04200,Ankita Iyer,21,Male,2022,MERN,77.3,71.8,52.5,57.6,6.9,4.8,4,204,0,0,0,No Job,0.0,Not Placed
STU04201,Ashish Pillai,24,Female,2024,DevOps,50.9,27.9,20.7,24.1,4.4,3.5,0,0,4,0,0,No Job,0.0,Not Placed
STU04202,Seema Dubey,25,Male,2023,Data Science,60.6,29.0,21.1,28.2,4.7,3.4,3,40,2,0,2,No Job,0.0,Not Placed
STU04203,Tarun Khanna,26,Male,2023,MERN,80.0,84.3,72.7,76.0,7.6,7.0,5,212,0,1,1,Job,8.0,Tier 1
STU04204,Sahil Agarwal,21,Female,2024,MERN,69.6,61.4,50.8,47.8,6.6,6.8,3,116,0,0,0,No Job,0.0,Not Placed
STU04205,Ruchi Rastogi,22,Male,2022,DevOps,51.5,32.7,21.6,35.8,3.0,4.9,4,67,3,1,0,Job,4.83,Tier 3
STU04206,Anil Ghosh,22,Male,2023,Cybersecurity,72.2,72.5,75.3,75.6,6.3,6.2,0,148,2,1,0,No Job,0.0,Not Placed
STU04207,Gaurav Kumar,20,Male,2022,QA,65.4,62.7,68.7,78.7,5.1,6.6,5,208,1,0,0,Job,6.88,Tier 2
STU04208,Nitin Shah,25,Male,2023,MERN,59.2,42.7,38.5,27.3,3.7,3.3,2,88,4,0,0,Job,6.09,Tier 2
STU04209,Sanjay Mishra,22,Female,2022,Data Science,46.2,40.7,36.0,42.9,4.7,4.8,0,46,3,0,3,No Job,0.0,Not Placed
STU04210,Saloni Yadav,22,Male,2024,MERN,68.6,57.4,51.7,47.6,5.6,5.5,2,99,0,1,1,Job,5.82,Tier 2
STU04211,Riya Joshi,26,Female,2023,Figma Designer,73.5,57.2,54.3,53.6,2.9,5.8,2,122,1,1,1,No Job,0.0,Not Placed
STU04212,Prachi Kapoor,24,Male,2023,Data Science,63.1,47.9,44.5,43.6,4.9,4.3,2,100,0,1,0,Job,7.01,Tier 2
STU04213,Maya Yadav,24,Male,2024,Cybersecurity,56.6,40.4,41.3,29.1,3.3,4.2,3,105,1,0,0,No Job,0.0,Not Placed
STU04214,Aarav Dixit,27,Female,2024,DevOps,64.0,55.4,49.3,52.6,4.3,4.3,2,113,1,0,0,Job,6.18,Tier 2
STU04215,Manish Rastogi,22,Male,2023,Data Science,66.5,56.7,57.9,59.6,5.8,5.7,0,75,0,0,1,No Job,0.0,Not Placed
STU04216,Pankaj Sinha,27,Female,2023,MERN,49.5,27.6,29.9,41.2,2.3,4.1,0,22,1,0,3,No Job,0.0,Not Placed
STU04217,Sanjay Iyer,19,Male,2022,MERN,67.7,77.7,69.4,77.0,5.4,7.3,1,125,0,0,0,Job,6.0,Tier 2
STU04218,Yash Rastogi,27,Male,2022,QA,43.9,34.5,27.6,26.4,5.3,3.2,1,23,3,0,0,Job,3.58,Tier 3
STU04219,Farhan Nair,19,Female,2023,DevOps,76.0,65.2,58.9,68.5,6.4,6.4,2,237,3,1,0,Job,7.64,Tier 2
STU04220,Ashu Sinha,25,Male,2022,DevOps,56.8,54.3,44.0,53.1,6.1,5.2,0,86,2,0,0,Job,6.45,Tier 2
STU04221,Maya Patel,24,Female,2023,Cybersecurity,58.8,38.8,43.1,43.8,4.4,4.9,1,87,2,0,0,Job,5.21,Tier 3
STU04222,Sakshi Verma,25,Male,2022,Cybersecurity,70.4,64.3,65.0,64.2,5.6,5.8,0,117,0,0,2,Job,7.4,Tier 2
STU04223,Rajni Rao,27,Female,2023,DevOps,60.5,53.3,33.5,46.8,4.1,5.2,0,75,2,1,0,No Job,0.0,Not Placed
STU04224,Jatin Chawla,22,Male,2023,Data Science,82.7,68.8,81.3,79.5,7.6,5.2,2,160,2,1,0,Job,7.87,Tier 2
STU04225,Kabir Iyer,27,Female,2022,MERN,87.2,98.0,100.0,100.0,8.3,6.4,0,151,4,1,0,Job,7.43,Tier 2
STU04226,Karan Desai,21,Female,2022,Data Science,65.0,55.8,63.2,59.1,5.1,5.3,3,101,2,1,0,Job,6.72,Tier 2
STU04227,Ravi Chopra,27,Male,2023,Cybersecurity,60.5,40.1,46.0,41.6,4.8,5.3,2,149,2,1,0,Job,6.58,Tier 2
STU04228,Mehak Shah,19,Male,2023,Data Science,89.1,91.6,87.2,88.1,7.5,8.1,1,147,1,1,0,Job,7.87,Tier 2
STU04229,Sakshi Bhatt,23,Female,2023,DevOps,52.7,51.3,44.7,56.4,4.0,5.2,1,61,1,1,0,Job,6.45,Tier 2
STU04230,Anushka Nair,23,Male,2024,Data Science,58.3,44.5,35.0,47.9,2.9,5.7,2,126,1,0,2,No Job,0.0,Not Placed
STU04231,Harsh Batra,19,Female,2022,Figma Designer,78.5,75.5,81.1,71.7,6.6,6.1,2,154,3,1,0,No Job,0.0,Not Placed
STU04232,Karishma Joshi,19,Female,2022,MERN,69.8,66.3,63.0,74.5,5.3,4.7,3,162,0,1,0,Internship,2.18,Tier 3
STU04233,Pooja Malhotra,21,Female,2022,MERN,55.5,35.5,20.0,33.8,5.2,5.1,0,49,0,0,0,No Job,0.0,Not Placed
STU04234,Gaurav Dutta,27,Male,2023,Figma Designer,74.8,54.3,58.2,54.8,5.1,5.5,3,100,4,0,0,Job,5.41,Tier 3
STU04235,Pranav Varma,25,Male,2024,MERN,73.8,60.1,39.9,63.1,3.4,4.5,3,112,3,0,0,Job,5.11,Tier 3
STU04236,Rohan Kaur,24,Male,2022,Figma Designer,69.0,66.3,62.9,61.9,5.9,4.4,3,148,2,1,0,Job,5.31,Tier 3
STU04237,Harsha Khanna,27,Male,2023,Data Science,70.2,68.6,72.9,61.8,4.5,3.9,0,90,2,0,0,Job,8.02,Tier 1
STU04238,Manisha Joshi,22,Male,2023,MERN,55.7,43.2,44.0,35.9,3.9,5.0,0,55,0,0,0,No Job,0.0,Not Placed
STU04239,Karan Batra,22,Female,2024,Cybersecurity,59.3,33.4,47.8,39.6,3.2,4.7,2,130,2,0,0,No Job,0.0,Not Placed
STU04240,Ruchi Kumar,21,Male,2024,Figma Designer,50.6,29.0,30.8,19.9,3.2,4.4,4,116,1,1,0,No Job,0.0,Not Placed
STU04241,Shivam Agarwal,23,Female,2023,MERN,60.0,29.0,27.6,24.8,3.7,5.3,0,0,2,0,1,No Job,0.0,Not Placed
STU04242,Amit Rao,23,Female,2023,Figma Designer,74.4,52.1,48.2,44.4,3.3,4.4,2,105,1,1,0,No Job,0.0,Not Placed
STU04243,Ankita Trivedi,25,Female,2024,Cybersecurity,51.5,31.3,40.4,46.5,5.4,5.6,0,107,2,0,1,No Job,0.0,Not Placed
STU04244,Akshay Verma,25,Male,2024,QA,42.5,29.1,20.0,27.3,1.6,3.9,4,88,1,0,0,No Job,0.0,Not Placed
STU04245,Meena Trivedi,24,Female,2023,MERN,50.5,38.9,20.0,44.7,3.9,5.0,2,79,2,0,0,No Job,0.0,Not Placed
STU04246,Uma Dutta,22,Male,2023,Data Science,47.4,43.1,32.9,35.2,1.7,3.7,0,20,0,0,3,No Job,0.0,Not Placed
STU04247,Vaibhav Iyer,25,Male,2023,Figma Designer,64.1,45.1,39.0,46.9,3.1,4.8,0,69,4,0,0,No Job,0.0,Not Placed
STU04248,Pranav Dixit,20,Female,2023,Figma Designer,70.5,67.6,62.4,66.0,5.9,6.4,1,94,2,1,1,Job,4.39,Tier 3
STU04249,Ruchi Pillai,27,Female,2023,DevOps,85.8,86.9,77.0,88.9,7.2,5.3,1,138,1,1,0,Job,8.3,Tier 1
STU04250,Vikas Gupta,25,Male,2022,Data Science,77.0,82.8,71.0,72.4,6.4,6.0,1,116,2,0,0,No Job,0.0,Not Placed
STU04251,Priya Chawla,20,Male,2024,Data Science,68.7,54.9,64.4,57.4,6.2,4.3,3,132,2,1,0,Job,8.02,Tier 1
STU04252,Pankaj Tiwari,20,Male,2023,DevOps,71.5,67.5,53.3,52.5,4.3,5.5,5,169,3,0,0,No Job,0.0,Not Placed
STU04253,Suresh Sinha,24,Female,2024,Data Science,50.3,50.2,47.0,55.6,3.5,4.7,1,129,1,1,1,Internship,1.78,Tier 3
STU04254,Jatin Chauhan,25,Female,2023,MERN,62.0,42.9,38.9,43.8,5.5,6.4,0,105,1,1,0,No Job,0.0,Not Placed
STU04255,Zara Singh,27,Male,2024,MERN,77.1,79.3,65.6,79.6,5.1,8.3,1,124,2,1,0,No Job,0.0,Not Placed
STU04256,Lakshmi Roy,22,Male,2023,Cybersecurity,62.8,66.0,62.6,63.5,4.6,6.2,2,112,2,1,0,Job,8.47,Tier 1
STU04257,Kunal Ghosh,26,Female,2023,Data Science,75.1,51.3,56.5,45.0,5.1,6.9,1,88,1,0,1,No Job,0.0,Not Placed
STU04258,Rohan Chauhan,20,Male,2023,DevOps,46.0,25.9,20.0,24.6,3.2,3.6,0,0,0,0,3,No Job,0.0,Not Placed
STU04259,Meena Shukla,24,Female,2023,DevOps,74.5,68.0,59.0,60.9,6.1,5.3,0,137,1,1,0,Job,7.21,Tier 2
STU04260,Zara Rastogi,22,Male,2024,Cybersecurity,77.6,69.2,56.3,54.4,4.7,6.6,2,180,1,0,1,Job,7.08,Tier 2
STU04261,Prateek Bansal,26,Male,2022,MERN,53.8,46.8,40.0,45.1,4.3,4.3,2,55,0,0,0,Job,4.6,Tier 3
STU04262,Sanjay Kaur,27,Male,2023,MERN,69.0,55.7,49.8,66.7,4.3,5.3,1,110,2,0,0,Job,6.58,Tier 2
STU04263,Renu Bansal,20,Female,2022,Cybersecurity,53.9,42.4,29.0,39.9,5.2,5.6,0,67,3,0,0,No Job,0.0,Not Placed
STU04264,Riya Patel,25,Male,2024,QA,62.9,50.6,39.0,26.0,4.5,4.2,0,8,1,1,0,No Job,0.0,Not Placed
STU04265,Manisha Gupta,25,Male,2022,Cybersecurity,65.8,69.7,67.8,75.2,6.3,7.4,0,79,1,0,0,Job,6.9,Tier 2
STU04266,Amit Gandhi,26,Male,2023,Figma Designer,52.5,46.0,40.9,26.1,3.5,2.2,2,63,1,0,0,No Job,0.0,Not Placed
STU04267,Pranav Batra,23,Female,2022,Cybersecurity,92.1,100.0,100.0,100.0,7.0,6.2,1,148,1,1,0,Internship,1.14,Tier 2
STU04268,Anish Sinha,21,Female,2023,QA,81.2,65.6,53.7,70.3,7.2,5.9,1,103,1,1,0,Job,5.68,Tier 2
STU04269,Seema Gupta,19,Female,2024,Data Science,59.6,50.5,38.7,50.0,3.2,5.4,0,93,3,0,1,Internship,0.93,Tier 2
STU04270,Mihir Chauhan,22,Male,2022,MERN,69.5,55.4,58.1,58.2,7.8,6.1,1,136,1,1,0,Job,6.7,Tier 2
STU04271,Saloni Bhatt,21,Female,2023,DevOps,77.0,65.5,70.7,71.8,5.7,5.9,1,148,0,1,0,No Job,0.0,Not Placed
STU04272,Surbhi Dixit,20,Male,2022,MERN,61.4,35.1,39.9,39.0,2.9,3.3,3,67,2,0,0,No Job,0.0,Not Placed
STU04273,Anil Mishra,24,Male,2023,DevOps,52.8,42.0,38.9,55.4,3.8,5.4,4,86,3,1,0,Job,5.28,Tier 3
STU04274,Rohit Jain,25,Female,2023,MERN,42.0,26.5,20.0,22.1,3.0,3.1,3,46,1,0,3,No Job,0.0,Not Placed
STU04275,Ayush Kumar,25,Male,2023,Cybersecurity,54.2,44.2,36.5,49.4,4.4,4.1,1,71,2,0,0,No Job,0.0,Not Placed
STU04276,Uma Batra,26,Male,2023,DevOps,71.4,63.6,58.3,67.6,7.6,6.5,1,68,0,0,1,Job,7.89,Tier 2
STU04277,Deepika Shah,20,Male,2023,DevOps,70.8,56.1,50.4,63.6,5.4,5.9,3,119,3,0,0,Job,6.26,Tier 2
STU04278,Aditya Batra,24,Female,2022,Figma Designer,69.2,45.9,31.5,46.4,4.7,4.0,0,92,0,1,0,No Job,0.0,Not Placed
STU04279,Uday Srivastava,24,Male,2023,MERN,67.1,65.2,57.2,58.5,6.2,5.8,1,108,3,1,0,Job,6.34,Tier 2
STU04280,Manisha Shah,19,Male,2022,MERN,70.5,48.9,36.7,41.4,2.6,4.7,1,44,1,0,1,No Job,0.0,Not Placed
STU04281,Suresh Verma,20,Female,2024,MERN,49.8,33.1,20.0,23.1,3.1,4.3,1,0,0,0,0,No Job,0.0,Not Placed
STU04282,Shivam Srivastava,27,Female,2024,Figma Designer,65.3,47.8,30.0,38.6,4.0,5.3,1,70,0,0,1,No Job,0.0,Not Placed
STU04283,Rohit Batra,26,Female,2022,DevOps,90.5,97.2,100.0,82.9,6.4,7.3,2,210,4,1,0,Internship,1.74,Tier 3
STU04284,Lalit Garg,22,Male,2022,Cybersecurity,70.0,38.5,39.0,42.5,4.7,5.6,1,133,1,0,0,No Job,0.0,Not Placed
STU04285,Ankit Mishra,24,Male,2022,Data Science,69.7,59.1,61.2,53.8,4.3,5.3,0,40,2,0,0,Job,7.46,Tier 2
STU04286,Amar Gupta,20,Male,2024,DevOps,65.4,62.0,59.7,63.6,5.5,4.6,1,93,1,1,1,Internship,1.49,Tier 2
STU04287,Kabir Srivastava,23,Female,2024,MERN,77.0,60.7,63.1,74.1,7.7,5.5,1,157,2,0,0,Job,7.28,Tier 2
STU04288,Yogesh Shah,20,Female,2023,Cybersecurity,57.2,57.5,51.6,52.0,6.6,4.3,0,53,2,0,0,Job,6.49,Tier 2
STU04289,Sahil Tiwari,23,Female,2023,QA,75.5,73.7,54.3,73.2,6.2,7.3,1,93,2,1,0,Internship,1.06,Tier 2
STU04290,Abhinav Gandhi,25,Male,2022,Cybersecurity,55.9,39.4,56.2,43.4,5.2,3.9,0,70,4,1,0,Job,6.81,Tier 2
STU04291,Mihir Arora,25,Male,2023,Cybersecurity,63.7,50.9,55.1,50.7,6.0,3.8,0,57,1,0,0,Job,6.69,Tier 2
STU04292,Mihir Nair,27,Male,2024,DevOps,60.5,46.2,42.1,44.6,4.8,5.5,3,128,2,0,0,No Job,0.0,Not Placed
STU04293,Krishna Mehta,21,Male,2023,Cybersecurity,67.6,80.9,74.8,82.9,4.5,6.2,2,128,1,1,0,Internship,2.26,Tier 2
STU04294,Bhavna Varma,22,Male,2024,DevOps,51.2,27.7,22.9,31.6,3.4,3.6,1,51,0,0,3,No Job,0.0,Not Placed
STU04295,Naman Bansal,27,Female,2023,Cybersecurity,72.1,56.5,49.3,46.6,4.7,3.8,5,184,1,1,0,Internship,2.08,Tier 2
STU04296,Tarun Dutta,26,Female,2022,MERN,65.0,63.2,60.4,62.6,6.4,4.1,1,124,2,0,0,Job,6.06,Tier 2
STU04297,Seema Bhatt,25,Male,2023,Data Science,80.6,86.4,71.4,66.8,5.7,4.0,0,196,1,1,0,Job,8.55,Tier 1
STU04298,Sandeep Sinha,26,Female,2023,MERN,76.0,64.6,54.2,56.3,5.7,5.0,1,123,1,0,2,Job,6.57,Tier 2
STU04299,Karishma Gandhi,27,Male,2024,DevOps,50.1,35.3,28.4,36.3,4.2,6.4,4,146,2,1,1,No Job,0.0,Not Placed
STU04300,Khushi Yadav,22,Female,2023,MERN,55.1,59.0,60.4,62.7,4.9,6.0,2,109,1,0,0,Job,6.88,Tier 2
STU04301,Ankita Gandhi,23,Female,2023,Cybersecurity,78.9,67.5,66.5,66.6,4.9,6.3,2,140,2,1,0,Job,7.74,Tier 2
STU04302,Renu Reddy,27,Male,2023,Data Science,70.0,62.7,71.0,56.7,4.7,5.8,0,134,3,0,0,No Job,0.0,Not Placed
STU04303,Neha Srivastava,25,Female,2023,MERN,62.6,56.9,45.4,39.2,6.2,3.8,0,68,2,0,0,Job,6.48,Tier 2
STU04304,Sachin Yadav,22,Female,2023,QA,75.6,54.4,42.9,49.2,5.4,4.6,1,99,1,0,1,No Job,0.0,Not Placed
STU04305,Jyoti Bansal,24,Male,2024,DevOps,77.5,69.8,59.3,66.9,6.2,7.2,1,166,2,0,0,Job,7.62,Tier 2
STU04306,Akshay Mehta,19,Male,2023,Cybersecurity,67.8,62.1,55.6,53.5,5.8,5.6,0,88,3,0,0,No Job,0.0,Not Placed
STU04307,Anjali Chawla,19,Male,2022,DevOps,55.4,31.1,39.4,35.8,5.0,2.1,3,50,0,1,1,No Job,0.0,Not Placed
STU04308,Nandini Dixit,27,Male,2024,Figma Designer,59.8,45.9,38.8,41.8,4.5,6.4,0,66,2,0,0,No Job,0.0,Not Placed
STU04309,Vidya Roy,26,Male,2022,Cybersecurity,79.5,68.7,70.2,78.9,7.1,6.6,0,157,0,0,0,Job,8.36,Tier 1
STU04310,Prateek Chopra,19,Female,2022,Data Science,50.7,30.2,29.9,34.5,2.8,3.2,0,34,4,0,0,No Job,0.0,Not Placed
STU04311,Harsha Dubey,20,Male,2023,MERN,67.9,69.7,64.6,76.5,8.1,6.2,1,133,0,1,0,Internship,2.26,Tier 3
STU04312,Vinay Chawla,22,Female,2022,Data Science,59.3,51.0,60.3,61.3,5.1,4.8,1,68,1,0,2,Job,7.18,Tier 2
STU04313,Vinay Arora,19,Female,2024,Figma Designer,51.4,31.3,23.9,33.6,4.4,3.2,1,24,4,0,0,No Job,0.0,Not Placed
STU04314,Rajan Tiwari,20,Female,2023,Data Science,85.1,74.2,69.6,66.8,7.1,6.5,3,175,0,1,0,Internship,2.0,Tier 3
STU04315,Parth Rastogi,23,Female,2023,MERN,49.6,33.6,33.5,37.1,4.3,3.7,0,54,2,0,1,No Job,0.0,Not Placed
STU04316,Avni Roy,26,Female,2022,MERN,62.8,57.6,34.6,58.7,6.1,4.5,2,113,2,0,0,No Job,0.0,Not Placed
STU04317,Meena Goyal,24,Female,2022,QA,43.5,21.3,20.0,22.2,1.6,3.5,1,31,0,0,2,No Job,0.0,Not Placed
STU04318,Dev Dutta,24,Male,2023,MERN,82.6,82.7,74.5,62.3,6.3,6.9,1,144,2,0,0,Job,7.35,Tier 2
STU04319,Rajesh Sinha,22,Male,2023,Figma Designer,62.6,50.1,47.2,43.1,5.4,5.5,4,153,2,0,0,Internship,1.66,Tier 2
STU04320,Ashish Yadav,20,Female,2024,Data Science,55.0,40.1,44.8,51.1,3.9,5.2,2,58,4,0,1,Job,6.41,Tier 2
STU04321,Anjali Chauhan,21,Female,2022,Data Science,73.8,53.0,55.2,40.5,6.3,5.5,1,121,0,0,1,Job,7.29,Tier 2
STU04322,Deepak Mishra,24,Other,2023,MERN,67.9,68.6,61.6,68.2,6.4,4.5,0,146,3,1,0,Job,6.7,Tier 2
STU04323,Vineeta Chauhan,24,Female,2022,QA,60.1,49.6,57.2,52.1,6.7,6.1,0,124,2,0,0,No Job,0.0,Not Placed
STU04324,Karan Arora,23,Female,2023,QA,66.9,74.8,68.3,66.7,5.9,6.9,0,126,2,1,0,Job,5.21,Tier 3
STU04325,Sanjay Joshi,24,Male,2023,Data Science,70.7,66.2,62.5,50.4,5.0,5.4,2,73,2,0,0,Internship,1.14,Tier 2
STU04326,Shivam Ghosh,24,Female,2022,Data Science,65.6,53.4,56.8,45.1,5.4,5.1,0,156,2,0,1,No Job,0.0,Not Placed
STU04327,Yogesh Patel,19,Female,2023,QA,52.7,26.3,22.6,35.9,4.8,3.9,1,106,3,0,0,No Job,0.0,Not Placed
STU04328,Rajni Shukla,24,Male,2022,Data Science,78.2,78.3,79.3,68.4,5.1,7.0,1,182,0,1,0,Internship,2.18,Tier 3
STU04329,Maya Reddy,23,Male,2023,Data Science,81.2,66.3,68.7,73.6,5.8,4.2,4,156,1,0,0,No Job,0.0,Not Placed
STU04330,Bhavna Bhatt,26,Male,2023,Data Science,56.9,56.2,58.1,61.7,5.8,6.1,1,122,3,0,0,No Job,0.0,Not Placed
STU04331,Vaibhav Iyer,27,Female,2022,Data Science,79.4,80.7,69.7,68.7,6.0,6.8,4,183,1,0,0,Job,7.95,Tier 2
STU04332,Karan Shukla,24,Male,2024,MERN,64.9,44.5,38.4,39.4,3.9,2.2,1,45,1,0,1,No Job,0.0,Not Placed
STU04333,Sourabh Rao,22,Female,2023,Data Science,75.0,64.9,61.3,51.0,4.5,7.0,1,74,1,0,0,Job,7.18,Tier 2
STU04334,Pooja Dixit,21,Male,2024,MERN,74.6,78.5,69.8,70.0,4.9,8.4,1,163,1,0,0,Internship,1.68,Tier 3
STU04335,Ruchi Trivedi,19,Male,2022,QA,65.2,53.6,53.3,38.7,4.7,7.1,0,113,2,1,0,Job,4.73,Tier 3
STU04336,Manisha Verma,25,Female,2024,MERN,67.7,62.0,52.0,53.2,3.6,6.0,3,161,3,1,0,No Job,0.0,Not Placed
STU04337,Sakshi Khanna,23,Male,2022,Cybersecurity,64.6,56.9,48.4,57.7,5.2,7.0,2,98,1,0,2,No Job,0.0,Not Placed
STU04338,Swati Goyal,22,Male,2023,Data Science,75.3,68.0,63.7,59.9,4.5,5.4,1,97,0,1,0,Job,8.75,Tier 1
STU04339,Mohit Singh,27,Male,2024,Cybersecurity,40.0,22.9,20.0,27.5,3.5,5.4,2,53,0,0,1,No Job,0.0,Not Placed
STU04340,Jyoti Roy,25,Female,2022,MERN,69.6,66.4,59.2,65.6,4.6,5.5,1,124,2,1,0,Job,6.24,Tier 2
STU04341,Gaurav Arora,26,Male,2022,QA,68.5,53.5,53.7,60.9,6.6,3.8,1,120,0,1,0,Internship,1.9,Tier 3
STU04342,Sourabh Gandhi,22,Male,2024,Data Science,75.0,61.1,49.2,72.1,5.0,4.9,1,99,0,0,0,Job,8.2,Tier 1
STU04343,Khushi Goyal,26,Female,2023,Figma Designer,87.7,82.7,78.3,85.2,7.5,7.2,5,249,4,0,0,Job,7.22,Tier 2
STU04344,Nikita Bhatt,22,Male,2023,MERN,59.8,46.6,42.1,43.3,4.5,4.8,2,120,2,0,0,Internship,1.43,Tier 3
STU04345,Sneha Sinha,19,Male,2022,MERN,77.7,72.2,92.5,73.9,7.8,5.8,4,225,0,1,0,Internship,1.54,Tier 2
STU04346,Lakshmi Joshi,26,Male,2023,Figma Designer,67.6,47.2,35.7,42.8,4.6,6.0,1,67,2,0,1,No Job,0.0,Not Placed
STU04347,Deepika Mishra,19,Male,2022,DevOps,43.9,30.6,23.1,24.9,4.5,4.9,1,23,1,0,1,No Job,0.0,Not Placed
STU04348,Sourabh Yadav,21,Male,2024,MERN,73.7,73.3,74.8,76.4,6.9,6.1,0,175,2,0,0,Internship,0.82,Tier 2
STU04349,Farhan Mehta,25,Female,2023,Figma Designer,75.1,61.4,50.2,62.9,6.8,4.6,0,114,1,0,0,Internship,0.98,Tier 3
STU04350,Amit Trivedi,21,Other,2024,MERN,63.2,53.7,47.2,43.7,4.4,5.9,0,78,0,0,1,No Job,0.0,Not Placed
STU04351,Manish Singh,26,Male,2022,Data Science,57.9,37.9,28.0,46.0,5.1,4.2,4,128,1,1,0,No Job,0.0,Not Placed
STU04352,Rahul Khanna,23,Female,2024,Figma Designer,61.1,54.5,44.3,45.5,6.4,4.5,1,77,2,0,0,No Job,0.0,Not Placed
STU04353,Sneha Roy,21,Male,2023,MERN,67.4,60.8,65.9,46.0,5.4,4.4,0,114,4,0,0,Job,5.56,Tier 2
STU04354,Mira Ghosh,23,Female,2024,QA,87.8,86.2,83.5,84.4,6.0,7.8,1,153,3,1,0,Job,6.06,Tier 2
STU04355,Surbhi Mehta,23,Male,2022,Data Science,44.9,32.4,26.2,38.8,2.5,2.5,2,44,0,0,0,No Job,0.0,Not Placed
STU04356,Manisha Rao,26,Male,2024,Cybersecurity,60.1,44.1,57.1,38.4,3.5,4.3,1,90,0,0,0,Internship,1.02,Tier 3
STU04357,Asha Desai,27,Male,2023,DevOps,67.3,33.9,49.1,39.0,3.5,4.5,4,109,1,0,0,Job,6.32,Tier 2
STU04358,Pooja Patel,24,Male,2022,Figma Designer,60.4,54.2,37.8,40.8,3.8,4.3,3,91,0,0,0,No Job,0.0,Not Placed
STU04359,Mohit Sinha,21,Female,2023,DevOps,52.7,39.7,23.4,35.8,2.8,2.6,1,58,1,0,1,No Job,0.0,Not Placed
STU04360,Akash Bansal,20,Female,2022,Data Science,80.6,67.1,58.9,58.8,7.2,6.3,0,170,1,0,0,Job,9.34,Tier 1
STU04361,Pooja Patel,21,Male,2023,Cybersecurity,47.9,47.9,30.9,38.1,3.3,4.8,2,94,2,0,0,Job,6.06,Tier 2
STU04362,Anjali Reddy,27,Female,2023,Data Science,72.5,63.1,50.6,53.3,5.8,5.6,1,69,0,1,0,No Job,0.0,Not Placed
STU04363,Uma Dubey,25,Male,2023,QA,53.9,45.7,42.2,47.3,4.6,1.8,2,57,0,0,2,No Job,0.0,Not Placed
STU04364,Farhan Reddy,27,Female,2023,QA,86.9,76.7,77.3,69.0,6.4,6.9,0,89,3,1,0,Job,6.49,Tier 2
STU04365,Ayush Sinha,24,Male,2023,DevOps,53.3,48.4,47.7,40.8,5.2,5.2,0,43,1,0,1,No Job,0.0,Not Placed
STU04366,Suresh Singh,26,Male,2022,QA,40.0,20.0,20.0,18.8,1.8,1.4,1,0,4,0,2,No Job,0.0,Not Placed
STU04367,Lalit Arora,27,Male,2024,Data Science,75.8,75.3,68.4,59.3,4.8,5.9,0,128,0,0,0,Internship,1.35,Tier 2
STU04368,Simran Sharma,21,Male,2024,DevOps,67.4,60.9,42.0,48.2,2.8,3.5,0,67,2,0,3,No Job,0.0,Not Placed
STU04369,Ritesh Iyer,25,Male,2023,MERN,75.2,79.8,91.1,69.2,6.2,7.5,3,145,0,1,0,Job,7.2,Tier 2
STU04370,Prachi Shah,27,Female,2022,Cybersecurity,71.7,68.6,64.5,68.9,6.3,7.5,4,152,2,1,0,Job,7.15,Tier 2
STU04371,Jyoti Rao,20,Female,2023,Data Science,64.3,45.5,39.7,51.2,4.8,5.7,0,65,1,0,1,No Job,0.0,Not Placed
STU04372,Gaurav Sinha,25,Female,2024,QA,64.9,66.6,63.2,56.0,5.7,7.1,2,135,1,1,0,Job,4.9,Tier 3
STU04373,Aarav Malhotra,23,Female,2023,Data Science,68.8,58.0,45.5,55.8,5.9,5.7,0,84,2,0,0,No Job,0.0,Not Placed
STU04374,Krishna Singh,26,Female,2023,Cybersecurity,51.4,33.4,28.1,25.3,4.7,3.9,1,0,0,0,0,No Job,0.0,Not Placed
STU04375,Sandeep Bansal,22,Female,2022,Data Science,83.4,67.6,74.9,64.0,7.2,7.2,1,166,1,1,0,Internship,0.82,Tier 2
STU04376,Parth Arora,19,Female,2024,QA,67.8,40.7,36.5,51.3,5.0,4.2,1,45,3,1,0,No Job,0.0,Not Placed
STU04377,Sakshi Verma,26,Male,2023,Data Science,67.4,56.8,48.5,60.0,4.7,4.2,1,110,1,0,0,Job,7.22,Tier 2
STU04378,Pooja Dixit,24,Female,2022,DevOps,72.3,53.0,43.9,53.3,3.7,5.1,3,146,4,0,1,Internship,1.32,Tier 3
STU04379,Rahul Desai,26,Female,2022,MERN,60.7,51.8,53.0,54.0,4.2,4.6,0,121,0,0,0,No Job,0.0,Not Placed
STU04380,Abhinav Roy,21,Male,2023,Cybersecurity,62.7,67.5,61.7,52.0,5.5,5.1,1,135,2,0,3,No Job,0.0,Not Placed
STU04381,Nitin Singh,26,Male,2023,MERN,57.6,47.5,44.6,54.4,3.2,6.5,0,130,0,0,0,Job,5.9,Tier 2
STU04382,Palak Rao,26,Female,2023,Cybersecurity,59.4,48.0,46.5,54.2,3.8,4.0,1,124,2,0,1,No Job,0.0,Not Placed
STU04383,Anish Dutta,19,Male,2024,MERN,63.4,48.7,47.1,49.8,5.6,3.4,0,62,0,0,0,No Job,0.0,Not Placed
STU04384,Kabir Kapoor,22,Male,2022,QA,85.1,100.0,89.0,82.9,6.9,5.5,0,143,3,1,0,Job,6.59,Tier 2
STU04385,Maya Chauhan,25,Male,2024,Data Science,61.7,51.2,56.7,42.2,5.4,5.4,1,149,2,0,0,Job,7.32,Tier 2
STU04386,Yash Bansal,19,Male,2023,MERN,86.4,78.9,78.4,80.8,8.2,8.3,0,177,3,0,0,Job,7.5,Tier 2
STU04387,Renu Bhatt,21,Male,2023,DevOps,41.5,31.4,23.1,38.3,3.9,2.4,0,89,2,0,1,No Job,0.0,Not Placed
STU04388,Vineeta Mehta,21,Male,2024,Data Science,55.3,50.4,41.0,51.2,4.3,5.1,2,86,2,0,2,No Job,0.0,Not Placed
STU04389,Palak Kapoor,24,Male,2023,Data Science,63.1,45.5,40.1,41.6,4.9,5.9,3,81,3,1,0,Job,6.46,Tier 2
STU04390,Vinay Mehta,23,Female,2023,Figma Designer,69.7,60.3,60.8,48.7,7.4,4.3,3,112,1,1,1,No Job,0.0,Not Placed
STU04391,Uma Verma,25,Male,2024,Figma Designer,62.4,45.6,35.6,36.0,4.2,3.6,5,128,2,1,0,No Job,0.0,Not Placed
STU04392,Divya Chopra,21,Male,2023,Cybersecurity,69.3,55.6,59.7,44.3,4.7,6.8,0,63,0,0,0,Job,6.92,Tier 2
STU04393,Akshay Ghosh,19,Male,2023,MERN,68.1,68.3,48.8,61.6,5.7,6.6,0,48,1,0,2,No Job,0.0,Not Placed
STU04394,Aryan Agarwal,21,Male,2024,MERN,74.3,59.9,63.1,64.3,6.8,5.7,2,149,0,1,0,Internship,2.46,Tier 3
STU04395,Aryan Shukla,26,Other,2023,Cybersecurity,40.3,29.8,21.5,32.9,3.3,4.2,3,81,0,1,1,No Job,0.0,Not Placed
STU04396,Aditya Rao,23,Female,2023,Data Science,72.8,73.5,66.3,68.8,6.2,6.1,0,81,4,0,0,Internship,1.78,Tier 3
STU04397,Ankit Goyal,21,Male,2024,Figma Designer,65.5,66.4,71.6,60.6,5.8,6.8,1,136,4,0,0,Job,5.3,Tier 3
STU04398,Naman Varma,26,Male,2023,MERN,59.0,32.1,26.1,28.3,4.5,4.2,5,108,0,0,1,No Job,0.0,Not Placed
STU04399,Ayush Arora,24,Female,2022,Figma Designer,48.9,32.3,38.7,45.8,2.3,3.8,0,60,3,0,0,No Job,0.0,Not Placed
STU04400,Mohit Mishra,21,Male,2024,DevOps,67.7,62.1,56.5,59.6,6.6,5.0,1,153,3,1,0,Job,6.39,Tier 2
STU04401,Karan Mehta,23,Male,2022,QA,51.6,28.1,31.7,45.3,4.4,5.7,2,55,4,0,0,No Job,0.0,Not Placed
STU04402,Nikhil Singh,19,Male,2024,Data Science,78.6,73.7,65.0,76.0,4.7,6.8,1,104,1,1,0,Job,8.19,Tier 1
STU04403,Lalit Malhotra,24,Other,2024,Figma Designer,64.1,47.2,56.0,47.0,3.0,5.3,2,118,3,0,1,No Job,0.0,Not Placed
STU04404,Anjali Chopra,27,Male,2023,MERN,42.4,32.6,37.2,29.1,3.5,4.6,0,23,2,1,2,No Job,0.0,Not Placed
STU04405,Anand Reddy,25,Male,2022,Cybersecurity,55.9,37.0,20.4,28.7,1.9,4.6,0,49,2,0,3,No Job,0.0,Not Placed
STU04406,Rajesh Singh,26,Male,2022,QA,48.4,32.8,34.2,37.8,4.5,2.6,1,18,0,0,1,No Job,0.0,Not Placed
STU04407,Ayush Chopra,24,Male,2023,Data Science,64.1,48.2,36.2,58.6,6.9,4.7,5,170,1,1,1,Job,7.46,Tier 2
STU04408,Parth Kapoor,23,Female,2024,DevOps,61.9,54.7,48.0,49.1,3.7,4.0,1,72,2,0,0,No Job,0.0,Not Placed
STU04409,Pooja Joshi,24,Male,2023,DevOps,65.8,61.5,58.2,64.2,4.7,4.9,4,158,3,0,0,Job,5.75,Tier 2
STU04410,Anand Rao,25,Female,2022,MERN,82.2,71.9,70.2,68.5,6.0,7.8,3,188,0,0,0,Internship,2.0,Tier 3
STU04411,Zara Patel,27,Male,2023,DevOps,71.3,64.2,61.0,44.5,5.0,7.8,2,109,1,0,2,Job,6.58,Tier 2
STU04412,Yash Desai,26,Male,2024,MERN,83.5,81.8,81.1,70.0,6.7,5.6,1,172,0,1,0,Job,6.51,Tier 2
STU04413,Arjun Pillai,23,Male,2023,MERN,49.5,36.2,22.0,43.4,3.2,3.9,0,82,0,1,2,No Job,0.0,Not Placed
STU04414,Divya Dixit,25,Female,2024,Cybersecurity,58.6,30.0,32.4,35.4,4.4,3.5,1,54,0,0,0,No Job,0.0,Not Placed
STU04415,Geeta Goyal,26,Male,2023,Cybersecurity,76.3,74.6,78.9,66.6,6.6,3.5,0,129,3,0,3,Job,7.63,Tier 2
STU04416,Kabir Joshi,19,Male,2024,MERN,79.7,59.9,65.9,56.7,6.9,8.1,1,125,1,1,0,Job,6.65,Tier 2
STU04417,Vinay Shukla,26,Female,2023,Figma Designer,74.9,54.2,50.6,46.7,5.3,4.3,3,107,1,1,0,Internship,1.99,Tier 3
STU04418,Sanjay Chawla,25,Male,2022,QA,73.9,69.6,65.5,61.7,7.1,5.6,0,137,0,0,0,Job,6.98,Tier 2
STU04419,Deepak Tiwari,20,Female,2024,DevOps,40.0,28.2,20.0,16.8,2.1,3.2,3,0,2,0,0,No Job,0.0,Not Placed
STU04420,Vanshika Patel,20,Male,2023,DevOps,55.8,42.1,46.2,41.2,3.2,4.8,1,18,1,0,0,No Job,0.0,Not Placed
STU04421,Sachin Singh,24,Male,2022,MERN,72.1,68.3,56.7,60.1,7.4,6.4,1,140,2,0,2,Internship,1.3,Tier 3
STU04422,Gaurav Singh,21,Female,2024,Cybersecurity,61.3,49.1,47.4,49.9,3.7,5.3,1,69,0,0,0,Job,6.89,Tier 2
STU04423,Harsha Garg,19,Male,2023,Cybersecurity,65.6,60.2,68.4,61.4,5.4,4.6,2,136,1,1,0,Job,8.06,Tier 1
STU04424,Swati Desai,26,Female,2022,Data Science,80.7,89.9,94.3,89.1,7.4,7.8,1,180,1,1,0,Internship,1.65,Tier 3
STU04425,Simran Kumar,25,Male,2023,Cybersecurity,65.1,63.6,70.2,65.8,7.5,7.4,2,164,2,1,0,Job,6.78,Tier 2
STU04426,Rohit Mehta,22,Male,2024,MERN,61.2,50.3,31.4,50.4,4.1,4.4,1,68,0,0,1,No Job,0.0,Not Placed
STU04427,Geeta Varma,19,Female,2023,Data Science,45.7,30.2,20.0,29.0,3.1,3.5,2,34,1,0,2,No Job,0.0,Not Placed
STU04428,Sneha Nair,20,Female,2022,Cybersecurity,75.2,68.6,66.8,72.8,6.8,6.3,0,98,0,1,0,Job,7.34,Tier 2
STU04429,Rajni Khanna,27,Male,2023,Cybersecurity,43.7,21.2,20.0,28.5,2.0,3.7,2,71,0,0,0,No Job,0.0,Not Placed
STU04430,Sonam Bhatt,22,Male,2023,MERN,64.0,41.5,30.9,42.9,4.4,4.5,1,25,1,0,0,No Job,0.0,Not Placed
STU04431,Komal Chawla,21,Male,2024,DevOps,54.1,34.7,35.4,36.6,3.8,4.7,2,117,3,0,2,No Job,0.0,Not Placed
STU04432,Komal Sharma,26,Female,2022,Figma Designer,65.8,46.1,44.9,43.5,5.0,4.2,0,49,3,0,0,No Job,0.0,Not Placed
STU04433,Varun Mishra,22,Female,2023,Cybersecurity,71.1,51.8,39.6,60.1,5.3,4.3,1,72,1,0,1,Job,6.99,Tier 2
STU04434,Nikhil Arora,25,Male,2022,Cybersecurity,56.7,45.1,33.7,31.3,4.9,4.7,4,89,1,0,0,No Job,0.0,Not Placed
STU04435,Dev Desai,23,Male,2023,Data Science,81.6,70.8,74.3,68.9,6.2,5.9,1,124,1,0,0,Job,8.07,Tier 1
STU04436,Farhan Agarwal,23,Male,2024,Data Science,82.3,81.3,86.9,69.0,6.7,6.9,1,163,2,1,0,No Job,0.0,Not Placed
STU04437,Sara Dixit,24,Male,2022,MERN,67.4,48.8,43.0,54.3,6.4,4.9,0,40,0,0,0,Job,7.16,Tier 2
STU04438,Komal Malhotra,22,Female,2023,DevOps,71.9,70.2,72.0,74.0,5.0,5.6,1,119,0,0,0,No Job,0.0,Not Placed
STU04439,Mohit Bansal,20,Male,2023,QA,56.8,41.4,37.5,40.5,4.8,4.0,3,127,4,1,1,No Job,0.0,Not Placed
STU04440,Amar Chauhan,24,Male,2024,MERN,41.5,42.6,35.9,57.2,5.4,2.6,1,50,1,0,2,No Job,0.0,Not Placed
STU04441,Mira Arora,23,Male,2023,MERN,75.4,69.3,64.5,63.0,6.2,6.2,1,111,1,1,0,Job,7.08,Tier 2
STU04442,Nikhil Iyer,21,Male,2023,MERN,59.4,61.0,55.1,59.9,4.1,4.6,2,155,0,0,0,Internship,0.82,Tier 2
STU04443,Sara Arora,22,Male,2024,MERN,83.0,58.5,60.1,61.2,4.9,6.0,1,96,1,0,2,No Job,0.0,Not Placed
STU04444,Riya Kaur,21,Female,2024,Figma Designer,85.2,93.3,90.2,85.4,7.0,7.0,0,123,3,1,0,Internship,1.07,Tier 2
STU04445,Kajal Joshi,21,Female,2024,Cybersecurity,69.3,69.7,68.1,61.8,7.1,6.2,0,71,3,1,0,Job,7.57,Tier 2
STU04446,Vaibhav Kumar,22,Male,2023,Data Science,93.5,91.7,99.7,90.2,6.5,7.8,0,178,2,1,0,Job,9.11,Tier 1
STU04447,Yash Joshi,20,Female,2024,Cybersecurity,57.6,49.5,50.4,63.8,5.5,5.9,0,105,3,1,0,Job,6.21,Tier 2
STU04448,Prachi Agarwal,22,Female,2022,Cybersecurity,77.2,85.2,82.3,78.0,5.5,7.3,0,107,1,1,0,Job,8.32,Tier 1
STU04449,Sahil Agarwal,20,Male,2022,Cybersecurity,62.4,58.9,46.7,57.2,4.5,4.8,2,99,0,0,0,Job,7.08,Tier 2
STU04450,Vinay Pillai,26,Male,2023,Data Science,57.3,36.7,34.6,22.6,4.7,4.6,0,77,1,0,0,Job,5.23,Tier 3
STU04451,Varun Bansal,23,Male,2023,MERN,67.5,60.8,55.3,61.9,6.5,6.9,4,167,3,1,2,Job,6.81,Tier 2
STU04452,Lalit Dubey,25,Male,2024,Data Science,60.4,59.2,55.3,68.9,5.3,5.0,1,104,2,1,0,Job,7.68,Tier 2
STU04453,Seema Kaur,22,Female,2022,QA,86.4,85.6,88.6,80.5,8.4,7.9,1,175,1,1,0,Job,6.15,Tier 2
STU04454,Pooja Verma,24,Male,2024,Cybersecurity,74.4,67.5,56.7,58.1,5.7,6.0,0,134,1,0,0,Job,7.15,Tier 2
STU04455,Lakshmi Mehta,22,Female,2024,DevOps,75.8,67.3,62.0,78.3,6.3,6.7,0,137,4,0,0,Internship,1.43,Tier 3
STU04456,Rohit Agarwal,24,Female,2023,MERN,43.9,26.4,21.1,21.9,3.0,4.2,3,74,0,0,0,No Job,0.0,Not Placed
STU04457,Deepika Dixit,19,Male,2024,Data Science,72.9,78.3,65.8,61.9,6.3,7.0,2,119,1,1,0,Job,7.73,Tier 2
STU04458,Jyoti Kumar,24,Female,2022,Data Science,60.2,51.8,45.0,55.2,5.3,3.6,0,142,1,0,0,Job,7.2,Tier 2
STU04459,Gaurav Sharma,24,Male,2022,Figma Designer,51.6,49.0,40.7,58.3,5.5,5.0,2,46,2,0,1,No Job,0.0,Not Placed
STU04460,Sachin Srivastava,20,Male,2024,Data Science,81.5,69.3,61.5,78.2,5.3,7.2,0,144,3,1,0,Job,7.61,Tier 2
STU04461,Aryan Gupta,27,Female,2023,Data Science,55.4,25.2,23.4,29.3,3.3,5.1,2,65,0,0,2,No Job,0.0,Not Placed
STU04462,Mohit Ghosh,24,Male,2022,Figma Designer,68.5,64.2,55.2,68.1,5.2,5.9,4,156,1,0,0,Job,4.24,Tier 3
STU04463,Aryan Ghosh,25,Male,2023,DevOps,61.9,41.8,28.8,39.9,5.5,5.3,2,118,3,0,1,No Job,0.0,Not Placed
STU04464,Tanvi Dubey,20,Female,2024,QA,72.4,61.1,53.3,53.3,4.5,5.3,3,115,1,1,2,Job,5.55,Tier 2
STU04465,Prachi Ghosh,20,Female,2023,Data Science,47.5,31.9,29.1,52.5,4.4,4.1,2,105,1,0,2,No Job,0.0,Not Placed
STU04466,Shreya Batra,20,Male,2023,DevOps,65.7,40.9,51.0,55.1,4.8,5.0,0,58,1,0,0,No Job,0.0,Not Placed
STU04467,Krishna Bhatt,27,Male,2023,MERN,74.9,59.7,57.4,51.5,5.5,5.2,2,127,2,1,1,Job,6.35,Tier 2
STU04468,Tarun Gandhi,21,Male,2024,QA,53.7,36.1,36.7,43.1,3.7,4.5,1,49,1,0,2,No Job,0.0,Not Placed
STU04469,Anish Dubey,22,Female,2022,Data Science,84.5,73.1,73.3,77.9,5.7,8.3,3,153,2,1,0,No Job,0.0,Not Placed
STU04470,Sakshi Roy,19,Male,2022,MERN,73.6,76.4,51.2,64.7,5.2,6.1,1,106,2,1,2,Job,6.37,Tier 2
STU04471,Vaibhav Tiwari,19,Female,2023,QA,55.6,42.2,24.4,38.4,2.8,4.2,0,0,0,0,1,No Job,0.0,Not Placed
STU04472,Vidya Khanna,22,Female,2023,DevOps,80.7,91.1,87.2,70.1,5.9,6.6,0,133,4,0,0,Job,8.76,Tier 1
STU04473,Rajesh Sinha,20,Female,2023,DevOps,63.5,64.0,76.8,63.0,5.6,6.4,1,100,4,0,0,Job,7.31,Tier 2
STU04474,Aditya Dutta,26,Female,2022,Data Science,76.0,69.6,59.1,53.4,4.5,5.4,1,52,0,1,1,No Job,0.0,Not Placed
STU04475,Amit Mehta,22,Female,2022,Data Science,47.8,37.0,35.0,29.5,5.1,4.0,3,71,1,0,2,No Job,0.0,Not Placed
STU04476,Isha Shukla,21,Male,2022,Cybersecurity,51.4,38.8,30.2,30.8,4.6,4.4,0,19,1,0,0,Job,5.73,Tier 2
STU04477,Manisha Ghosh,21,Male,2022,Cybersecurity,42.9,22.5,20.0,30.7,1.8,3.9,2,76,0,0,1,No Job,0.0,Not Placed
STU04478,Abhinav Tiwari,24,Female,2023,Figma Designer,66.9,55.8,57.3,61.8,5.6,4.6,1,76,1,0,1,Internship,0.84,Tier 3
STU04479,Rajesh Rastogi,24,Female,2023,Cybersecurity,80.2,77.7,63.4,77.3,4.6,5.7,1,153,0,0,1,Internship,1.67,Tier 3
STU04480,Akash Joshi,24,Female,2023,DevOps,57.3,44.9,25.7,41.3,5.3,5.6,1,102,0,0,1,No Job,0.0,Not Placed
STU04481,Zara Sharma,24,Male,2023,QA,63.1,48.8,53.2,48.0,4.6,4.9,1,109,0,1,1,No Job,0.0,Not Placed
STU04482,Ishaan Nair,26,Female,2022,Data Science,73.1,62.4,60.5,67.3,7.2,5.4,0,86,2,1,0,Job,7.54,Tier 2
STU04483,Rohit Agarwal,26,Male,2023,DevOps,50.6,34.2,21.1,41.5,4.3,4.7,0,104,0,1,3,No Job,0.0,Not Placed
STU04484,Nitin Shah,27,Other,2022,MERN,67.4,57.3,66.2,69.3,5.9,5.3,0,125,2,1,1,No Job,0.0,Not Placed
STU04485,Yash Pillai,19,Male,2022,Data Science,82.5,81.6,90.2,84.4,7.6,6.3,2,213,1,1,0,No Job,0.0,Not Placed
STU04486,Mohit Sharma,26,Female,2022,QA,73.9,60.2,66.3,62.5,3.4,6.8,2,119,0,0,0,Job,4.89,Tier 3
STU04487,Naman Malhotra,23,Male,2024,DevOps,44.4,41.1,37.0,42.1,4.2,3.7,2,60,4,0,3,No Job,0.0,Not Placed
STU04488,Sachin Jain,21,Female,2023,DevOps,62.1,44.4,52.8,35.5,4.1,5.3,4,102,2,0,0,Internship,2.07,Tier 3
STU04489,Prachi Bhatt,21,Male,2024,MERN,80.1,72.2,69.0,75.6,5.9,5.8,1,91,0,1,0,No Job,0.0,Not Placed
STU04490,Mehak Kaur,24,Female,2023,DevOps,72.5,77.7,54.0,69.6,6.1,5.3,2,165,1,0,2,No Job,0.0,Not Placed
STU04491,Seema Varma,26,Female,2023,Data Science,59.9,40.6,23.4,39.1,5.0,3.8,2,85,1,0,0,Job,5.78,Tier 2
STU04492,Vinay Shukla,20,Female,2024,Cybersecurity,67.0,61.6,65.1,63.3,6.5,5.6,4,141,0,0,0,Job,6.72,Tier 2
STU04493,Mira Sharma,27,Female,2022,DevOps,72.9,57.0,52.0,56.8,3.8,6.0,2,99,4,0,0,Internship,2.45,Tier 3
STU04494,Kabir Batra,23,Male,2022,QA,65.2,40.8,38.2,61.3,3.2,5.0,0,95,3,0,1,No Job,0.0,Not Placed
STU04495,Kabir Iyer,23,Male,2024,Data Science,70.9,66.6,49.5,59.1,5.8,7.1,2,158,1,0,0,Internship,2.39,Tier 3
STU04496,Meena Goyal,19,Female,2023,Data Science,86.5,86.8,78.2,89.0,7.6,6.5,1,140,3,1,0,Job,7.73,Tier 2
STU04497,Khushi Iyer,24,Male,2022,Cybersecurity,50.1,39.8,32.8,42.3,4.7,4.5,0,33,0,0,0,No Job,0.0,Not Placed
STU04498,Bhavna Arora,23,Female,2022,QA,62.0,49.1,48.5,49.9,6.3,4.6,0,100,0,1,2,No Job,0.0,Not Placed
STU04499,Ayush Sharma,25,Female,2024,DevOps,69.0,67.0,45.8,62.9,4.4,5.7,3,142,1,0,0,Job,6.3,Tier 2
STU04500,Kunal Sinha,25,Male,2024,Cybersecurity,77.9,68.9,65.1,65.5,5.8,6.7,1,91,1,0,0,Job,8.49,Tier 1
STU04501,Manish Sinha,22,Male,2023,Figma Designer,60.6,47.2,58.9,53.6,4.0,6.0,1,67,0,0,2,No Job,0.0,Not Placed
STU04502,Geeta Mehta,23,Male,2022,Figma Designer,64.4,41.8,42.4,43.5,5.5,5.4,0,42,2,0,1,No Job,0.0,Not Placed
STU04503,Sanjana Gupta,26,Male,2024,QA,62.0,41.7,34.0,44.6,5.3,4.6,0,16,2,0,0,No Job,0.0,Not Placed
STU04504,Sachin Rao,20,Female,2023,Cybersecurity,64.8,70.0,60.8,67.8,5.5,6.1,3,147,1,0,0,Job,7.33,Tier 2
STU04505,Ravi Rao,19,Female,2023,MERN,60.3,53.9,55.6,50.3,4.5,6.1,1,59,0,1,2,No Job,0.0,Not Placed
STU04506,Rohan Shukla,24,Male,2023,QA,66.9,62.5,56.5,60.9,4.8,6.9,1,163,1,1,0,Internship,2.01,Tier 2
STU04507,Abhinav Garg,22,Male,2023,MERN,46.1,25.1,20.3,33.2,3.3,3.6,0,0,0,0,0,No Job,0.0,Not Placed
STU04508,Nikita Reddy,21,Female,2023,Figma Designer,73.5,77.7,69.7,64.3,5.4,5.7,0,86,0,1,0,No Job,0.0,Not Placed
STU04509,Tarun Sinha,25,Male,2024,Data Science,69.6,80.3,74.6,82.9,7.3,7.9,0,166,1,1,0,Internship,1.89,Tier 3
STU04510,Nikhil Joshi,26,Male,2024,DevOps,63.6,47.2,38.1,51.7,5.2,5.4,0,92,0,0,1,Job,5.88,Tier 2
STU04511,Abhinav Tiwari,22,Male,2023,DevOps,73.5,65.7,62.6,70.2,5.5,5.8,1,102,0,1,1,Job,6.93,Tier 2
STU04512,Saloni Shukla,24,Female,2022,MERN,78.7,70.9,71.1,71.6,6.9,5.5,0,127,2,0,0,Job,6.64,Tier 2
STU04513,Sakshi Goyal,20,Male,2022,Data Science,59.6,44.9,50.0,44.3,3.2,4.9,2,140,1,1,1,Internship,2.39,Tier 3
STU04514,Akash Dutta,26,Male,2023,Cybersecurity,76.3,58.8,42.1,53.0,5.7,5.1,2,128,2,1,3,No Job,0.0,Not Placed
STU04515,Geeta Chawla,24,Female,2023,QA,70.0,61.1,65.1,54.7,5.6,4.9,3,169,1,1,0,Job,5.66,Tier 2
STU04516,Anushka Dutta,27,Male,2023,Cybersecurity,75.0,46.7,45.4,36.0,4.2,3.9,1,37,1,0,2,No Job,0.0,Not Placed
STU04517,Tarun Bhatt,24,Female,2022,MERN,61.9,57.2,62.9,55.4,5.8,5.9,0,96,1,0,0,No Job,0.0,Not Placed
STU04518,Sahil Trivedi,24,Male,2022,Cybersecurity,47.0,25.2,20.0,22.6,3.8,2.9,1,7,1,0,1,No Job,0.0,Not Placed
STU04519,Ishaan Dixit,20,Male,2023,MERN,58.2,47.9,39.9,47.8,4.4,4.7,0,61,1,0,1,No Job,0.0,Not Placed
STU04520,Krishna Gupta,23,Male,2023,Data Science,75.6,74.0,68.5,72.3,7.2,6.5,0,133,0,0,0,Job,7.85,Tier 2
STU04521,Rahul Yadav,27,Male,2023,Cybersecurity,74.0,50.3,52.9,59.4,5.1,4.8,2,92,1,0,0,Internship,1.53,Tier 3
STU04522,Vidya Desai,19,Male,2023,QA,61.6,39.8,32.1,46.9,3.4,5.5,3,98,2,1,0,No Job,0.0,Not Placed
STU04523,Maya Reddy,22,Male,2024,DevOps,51.1,28.3,25.7,44.0,3.8,4.2,0,54,4,0,1,No Job,0.0,Not Placed
STU04524,Tushar Sharma,21,Male,2024,DevOps,92.1,95.1,96.5,86.1,7.7,8.3,3,213,2,1,0,Internship,2.48,Tier 3
STU04525,Ashu Desai,19,Male,2023,MERN,59.5,47.8,44.0,51.7,3.8,4.9,1,97,2,0,0,No Job,0.0,Not Placed
STU04526,Pankaj Patel,19,Female,2022,DevOps,58.5,57.8,43.1,50.5,5.8,4.6,1,70,1,1,1,No Job,0.0,Not Placed
STU04527,Zara Garg,19,Female,2023,Data Science,66.5,57.4,67.5,62.0,6.9,5.4,3,185,4,0,0,Job,8.27,Tier 1
STU04528,Dev Ghosh,19,Female,2023,Figma Designer,56.7,42.5,20.0,37.2,2.9,2.9,1,61,2,0,1,No Job,0.0,Not Placed
STU04529,Amar Trivedi,20,Male,2022,QA,67.6,61.6,66.3,67.1,6.3,3.8,3,153,2,0,0,Job,5.79,Tier 2
STU04530,Geeta Ghosh,23,Female,2024,Cybersecurity,58.9,61.5,43.0,56.9,5.7,6.0,2,102,1,1,0,Internship,0.82,Tier 3
STU04531,Sonam Batra,20,Male,2023,DevOps,57.2,39.1,34.9,26.3,3.8,4.9,1,52,1,0,0,No Job,0.0,Not Placed
STU04532,Sakshi Verma,22,Male,2023,QA,65.8,53.7,54.9,40.8,6.0,6.4,2,109,2,1,0,Internship,2.1,Tier 3
STU04533,Vaibhav Goyal,27,Male,2023,DevOps,67.4,59.6,48.3,58.1,6.8,5.4,2,94,3,0,0,Job,6.52,Tier 2
STU04534,Ritesh Garg,21,Female,2022,MERN,45.5,36.6,38.4,39.0,4.4,3.5,1,66,4,1,0,No Job,0.0,Not Placed
STU04535,Aditya Trivedi,20,Female,2022,Data Science,72.1,68.5,53.2,57.9,5.3,6.3,0,105,1,0,0,Job,8.15,Tier 1
STU04536,Pooja Singh,22,Female,2023,Cybersecurity,63.0,72.8,56.1,63.3,5.5,7.0,0,145,2,1,0,Job,7.39,Tier 2
STU04537,Lakshmi Trivedi,27,Male,2022,Figma Designer,55.6,48.6,31.3,46.9,3.3,5.7,1,35,2,0,1,No Job,0.0,Not Placed
STU04538,Sakshi Joshi,22,Female,2022,Data Science,75.0,60.2,55.3,57.4,5.9,5.4,1,52,1,1,0,Job,6.92,Tier 2
STU04539,Nikhil Malhotra,23,Male,2024,Data Science,77.3,53.7,48.3,58.3,6.4,6.3,0,128,0,0,1,Job,7.16,Tier 2
STU04540,Neha Singh,22,Male,2023,DevOps,62.0,42.2,41.5,41.5,3.5,5.3,0,47,1,0,1,No Job,0.0,Not Placed
STU04541,Rohit Batra,26,Male,2022,QA,73.0,56.5,49.7,58.4,5.5,5.0,0,71,1,0,3,No Job,0.0,Not Placed
STU04542,Rohan Reddy,22,Male,2023,MERN,73.3,69.8,59.7,63.8,6.8,5.0,0,53,0,0,0,No Job,0.0,Not Placed
STU04543,Sneha Shukla,20,Male,2023,MERN,61.9,45.2,30.8,44.2,2.8,5.8,1,56,1,0,0,Job,4.29,Tier 3
STU04544,Anand Verma,22,Female,2023,Cybersecurity,77.5,61.2,53.7,70.6,5.3,6.8,0,113,1,0,2,No Job,0.0,Not Placed
STU04545,Tanvi Verma,20,Male,2022,DevOps,65.0,36.6,47.9,28.4,3.0,4.3,0,24,1,0,0,No Job,0.0,Not Placed
STU04546,Akshay Bhatt,27,Male,2023,Data Science,62.7,54.8,33.1,49.2,4.5,5.1,0,33,2,0,1,No Job,0.0,Not Placed
STU04547,Harsha Yadav,26,Male,2022,Data Science,51.3,31.2,20.0,20.8,2.7,4.5,4,41,1,0,2,No Job,0.0,Not Placed
STU04548,Anil Trivedi,27,Female,2023,Cybersecurity,44.6,20.0,20.0,24.3,2.0,4.1,0,49,1,0,1,No Job,0.0,Not Placed
STU04549,Ishaan Reddy,22,Male,2023,DevOps,58.8,54.2,58.5,54.9,6.3,4.5,1,73,1,1,0,No Job,0.0,Not Placed
STU04550,Prateek Pillai,19,Male,2022,Figma Designer,46.5,24.2,20.5,24.8,1.8,2.4,2,0,2,0,0,No Job,0.0,Not Placed
STU04551,Zara Dutta,21,Male,2022,Cybersecurity,75.4,68.4,61.7,48.7,5.7,5.4,0,31,2,0,3,No Job,0.0,Not Placed
STU04552,Geeta Bansal,25,Female,2023,Data Science,58.4,44.2,54.1,50.6,4.9,5.5,4,113,1,1,2,Internship,1.69,Tier 3
STU04553,Shreya Pillai,19,Male,2023,DevOps,77.4,89.6,81.6,92.8,6.8,8.7,0,181,1,1,0,Job,7.56,Tier 2
STU04554,Anil Mehta,26,Male,2022,MERN,81.9,76.9,57.5,62.1,5.6,4.5,3,176,2,0,0,Job,6.22,Tier 2
STU04555,Abhinav Bansal,27,Male,2022,Data Science,68.6,63.1,61.4,56.5,5.4,6.7,1,105,3,1,0,Job,7.62,Tier 2
STU04556,Lalit Batra,26,Male,2024,Figma Designer,47.9,43.7,40.6,38.7,5.2,3.4,1,32,3,0,0,No Job,0.0,Not Placed
STU04557,Dev Gandhi,23,Male,2022,QA,50.6,47.3,41.3,50.4,5.2,4.9,1,62,1,0,2,No Job,0.0,Not Placed
STU04558,Vaibhav Verma,27,Female,2024,MERN,63.4,45.7,39.1,40.0,4.9,3.1,5,131,0,1,2,Job,4.86,Tier 3
STU04559,Jyoti Khanna,22,Female,2022,MERN,61.8,45.0,53.2,47.1,6.3,6.4,2,123,3,0,0,Job,4.83,Tier 3
STU04560,Anil Arora,27,Female,2022,Data Science,62.0,43.3,38.0,48.8,4.9,4.9,3,104,4,0,0,Internship,2.2,Tier 3
STU04561,Palak Tiwari,19,Female,2023,MERN,69.4,53.1,58.5,53.0,5.0,6.1,0,139,0,0,1,No Job,0.0,Not Placed
STU04562,Kunal Rao,21,Male,2022,DevOps,62.4,52.1,43.7,54.7,4.0,5.6,3,82,2,1,2,No Job,0.0,Not Placed
STU04563,Vikas Arora,22,Female,2022,DevOps,86.8,86.7,72.1,70.9,8.2,6.1,0,91,1,0,2,Job,7.08,Tier 2
STU04564,Surbhi Iyer,19,Female,2022,Figma Designer,55.7,36.3,25.3,37.4,4.8,2.8,0,42,1,0,0,No Job,0.0,Not Placed
STU04565,Rohit Bhatt,24,Female,2024,Data Science,79.5,67.0,66.9,70.9,6.1,4.4,0,107,2,0,0,Job,7.65,Tier 2
STU04566,Nikhil Trivedi,22,Male,2023,Cybersecurity,85.0,84.7,70.3,89.0,7.5,7.6,4,237,1,1,0,Internship,2.13,Tier 3
STU04567,Kunal Dixit,22,Male,2023,QA,75.8,92.9,81.8,80.9,7.2,6.7,1,165,2,0,0,Job,7.06,Tier 2
STU04568,Nandini Varma,19,Other,2024,DevOps,68.3,43.3,31.2,33.7,6.1,5.4,0,39,4,0,0,Job,5.09,Tier 3
STU04569,Shivam Roy,23,Female,2024,Data Science,89.3,85.3,67.1,84.6,5.7,6.4,1,174,0,1,0,Job,8.23,Tier 1
STU04570,Uday Pillai,27,Female,2023,MERN,41.9,20.0,20.0,16.4,3.1,3.6,1,0,2,0,1,No Job,0.0,Not Placed
STU04571,Rajesh Chauhan,24,Other,2023,MERN,50.3,20.0,20.6,28.3,4.2,4.5,0,73,1,0,1,No Job,0.0,Not Placed
STU04572,Naman Bansal,26,Female,2022,Figma Designer,78.4,64.6,62.1,67.2,5.1,6.6,1,126,1,0,1,No Job,0.0,Not Placed
STU04573,Ankit Bansal,22,Male,2022,Figma Designer,68.3,66.8,55.8,56.1,4.8,5.4,0,49,2,0,0,Job,4.54,Tier 3
STU04574,Divya Kumar,27,Male,2022,Figma Designer,76.8,64.0,65.3,52.9,4.4,5.9,4,156,3,1,0,Job,4.58,Tier 3
STU04575,Mira Chauhan,25,Female,2022,QA,55.3,48.4,43.2,49.6,3.5,5.5,3,47,2,0,2,No Job,0.0,Not Placed
STU04576,Krishna Trivedi,25,Male,2022,MERN,64.8,51.9,26.4,29.6,4.4,4.3,0,15,2,0,1,No Job,0.0,Not Placed
STU04577,Riya Sharma,26,Other,2024,Figma Designer,49.1,30.1,20.0,18.5,2.7,1.8,4,51,1,0,0,No Job,0.0,Not Placed
STU04578,Pranav Dubey,20,Male,2024,Figma Designer,60.9,39.2,23.4,43.1,4.5,2.4,2,133,1,0,1,No Job,0.0,Not Placed
STU04579,Vaibhav Roy,24,Female,2022,MERN,79.6,72.9,62.3,67.9,6.5,5.3,1,116,0,0,0,Job,6.71,Tier 2
STU04580,Shreya Iyer,25,Female,2022,MERN,78.5,73.6,63.0,70.1,6.0,6.9,1,127,2,1,1,Internship,1.93,Tier 2
STU04581,Sanjana Sharma,21,Male,2022,DevOps,67.7,65.5,55.9,55.6,4.5,5.5,4,123,2,1,0,Job,6.61,Tier 2
STU04582,Vanshika Verma,26,Male,2022,Data Science,77.3,61.7,68.4,65.4,5.8,6.8,0,140,1,0,1,Job,7.37,Tier 2
STU04583,Bhavna Pillai,19,Female,2022,Data Science,86.9,79.2,69.0,72.1,4.8,7.6,1,173,3,0,0,No Job,0.0,Not Placed
STU04584,Zara Varma,19,Male,2024,Figma Designer,78.1,80.3,63.9,61.5,7.8,5.4,2,143,3,1,2,Job,6.47,Tier 2
STU04585,Harsh Chopra,21,Female,2022,Figma Designer,65.4,69.9,78.0,55.3,4.1,7.1,2,128,1,1,0,Job,5.33,Tier 3
STU04586,Tanvi Desai,24,Male,2022,Data Science,76.5,70.3,74.1,70.6,5.3,5.3,1,111,2,1,0,Internship,0.91,Tier 3
STU04587,Avni Srivastava,25,Male,2022,MERN,65.3,50.1,59.7,54.4,5.1,7.1,4,156,2,1,1,Internship,2.07,Tier 2
STU04588,Dev Jain,20,Male,2024,QA,69.9,60.0,55.6,64.1,4.5,6.1,0,79,2,0,0,Job,5.86,Tier 2
STU04589,Akshay Dubey,24,Male,2024,Cybersecurity,53.4,34.0,37.4,41.9,2.4,5.7,1,50,0,0,3,No Job,0.0,Not Placed
STU04590,Ruchi Chopra,23,Male,2024,MERN,71.1,60.4,55.9,57.6,5.5,6.1,0,123,2,1,0,Job,6.65,Tier 2
STU04591,Saloni Khanna,24,Female,2023,QA,55.8,48.2,45.3,33.4,3.8,4.5,1,47,0,0,0,No Job,0.0,Not Placed
STU04592,Farhan Srivastava,19,Male,2022,Figma Designer,86.0,66.3,77.2,65.3,6.0,6.6,5,205,2,1,0,Internship,1.05,Tier 3
STU04593,Surbhi Mehta,25,Female,2022,Figma Designer,74.9,68.3,69.2,59.6,5.5,5.0,2,119,1,1,0,No Job,0.0,Not Placed
STU04594,Farhan Jain,26,Female,2023,MERN,57.9,49.5,37.9,57.0,3.3,5.0,1,77,0,0,1,No Job,0.0,Not Placed
STU04595,Meena Trivedi,25,Female,2024,Data Science,72.1,60.7,61.8,60.8,6.5,6.0,5,179,2,1,1,No Job,0.0,Not Placed
STU04596,Geeta Sinha,27,Male,2022,Figma Designer,79.3,76.3,65.3,77.9,5.5,6.8,0,115,3,0,0,Internship,2.45,Tier 2
STU04597,Nitin Tiwari,19,Female,2023,Data Science,47.3,44.5,38.9,40.7,4.4,4.1,0,74,2,0,2,No Job,0.0,Not Placed
STU04598,Isha Jain,27,Male,2023,Cybersecurity,65.2,54.6,48.9,48.5,4.5,4.2,3,140,0,0,1,No Job,0.0,Not Placed
STU04599,Uday Jain,21,Male,2022,Data Science,45.0,47.7,23.7,35.9,3.7,4.2,1,13,1,0,1,No Job,0.0,Not Placed
STU04600,Swati Goyal,20,Female,2023,MERN,73.8,58.5,53.9,56.3,4.6,4.4,0,12,2,1,1,No Job,0.0,Not Placed
STU04601,Deepak Chawla,24,Male,2023,MERN,76.1,81.5,79.7,67.5,7.4,5.7,1,178,0,0,0,No Job,0.0,Not Placed
STU04602,Divya Rastogi,23,Female,2022,Data Science,71.3,69.7,59.1,56.2,6.0,4.1,0,76,1,0,0,Job,7.25,Tier 2
STU04603,Ankita Chopra,22,Female,2023,Figma Designer,63.9,64.6,61.2,62.0,6.6,5.7,1,119,0,0,0,No Job,0.0,Not Placed
STU04604,Akshay Trivedi,22,Male,2024,Data Science,63.0,58.2,48.0,48.4,4.1,4.8,2,122,1,0,2,No Job,0.0,Not Placed
STU04605,Sneha Bhatt,26,Male,2022,Figma Designer,66.5,68.5,68.0,59.5,6.0,5.6,0,91,2,0,0,Job,5.31,Tier 3
STU04606,Maya Mehta,21,Female,2023,Figma Designer,62.6,62.0,45.4,50.7,4.2,5.5,5,154,2,0,0,Internship,1.8,Tier 2
STU04607,Akshay Kaur,19,Female,2022,MERN,78.4,62.8,67.1,64.9,5.5,5.9,3,155,2,1,0,Job,6.54,Tier 2
STU04608,Ruchi Gandhi,23,Female,2023,Cybersecurity,77.4,70.7,60.1,67.8,5.0,5.8,1,157,1,0,0,Job,8.1,Tier 1
STU04609,Gaurav Reddy,26,Male,2024,MERN,57.8,54.3,28.6,49.0,3.2,5.1,0,38,0,0,0,No Job,0.0,Not Placed
STU04610,Vikram Khanna,21,Male,2023,QA,56.0,32.3,34.6,36.3,4.4,4.0,0,43,3,0,2,No Job,0.0,Not Placed
STU04611,Swati Varma,20,Male,2022,DevOps,54.6,41.3,21.2,35.1,4.4,4.5,2,77,2,0,1,No Job,0.0,Not Placed
STU04612,Ashu Pillai,19,Male,2024,MERN,87.4,98.3,83.6,81.3,6.6,7.2,0,161,2,0,0,Job,7.88,Tier 2
STU04613,Divya Goyal,22,Male,2024,MERN,73.1,73.9,72.1,65.3,7.5,7.2,1,138,1,0,0,Internship,1.42,Tier 3
STU04614,Rohit Sinha,20,Male,2023,Cybersecurity,62.3,54.5,60.4,64.0,4.2,4.4,1,55,1,1,0,Job,7.73,Tier 2
STU04615,Isha Mehta,26,Male,2023,Figma Designer,100.0,100.0,99.9,100.0,8.3,8.0,3,236,3,1,0,Job,6.53,Tier 2
STU04616,Manisha Agarwal,27,Female,2022,Data Science,55.4,43.0,42.2,36.5,5.6,3.8,3,6,2,1,1,No Job,0.0,Not Placed
STU04617,Yogesh Singh,19,Female,2024,DevOps,54.5,45.8,33.3,49.4,6.1,5.6,2,129,1,0,0,No Job,0.0,Not Placed
STU04618,Abhinav Chauhan,20,Male,2023,MERN,76.7,63.9,71.7,67.1,5.9,5.8,2,130,4,1,0,Job,7.44,Tier 2
STU04619,Lalit Singh,24,Female,2023,QA,64.5,49.8,53.3,41.4,6.2,5.3,1,107,1,0,1,Job,5.09,Tier 3
STU04620,Vidya Kumar,25,Female,2022,Data Science,54.3,37.2,26.3,34.3,3.4,5.8,2,96,1,0,0,No Job,0.0,Not Placed
STU04621,Ashu Mishra,20,Male,2023,Cybersecurity,66.9,53.5,54.0,39.1,5.9,5.2,3,161,2,0,0,Internship,2.26,Tier 2
STU04622,Khushi Chopra,26,Male,2024,Data Science,99.6,95.8,98.3,98.5,9.8,8.9,1,246,1,1,0,Job,10.19,Tier 1
STU04623,Sneha Dixit,27,Male,2024,Cybersecurity,68.6,46.5,43.8,41.2,3.7,4.0,3,80,1,0,1,No Job,0.0,Not Placed
STU04624,Ashish Patel,26,Male,2022,QA,57.4,38.1,24.5,39.4,4.8,4.4,5,137,3,0,0,No Job,0.0,Not Placed
STU04625,Nikhil Chauhan,27,Male,2023,QA,55.2,48.8,47.0,33.3,3.6,3.8,0,37,0,0,0,No Job,0.0,Not Placed
STU04626,Rohan Kaur,24,Male,2023,QA,52.6,42.6,26.9,43.0,4.0,3.9,5,138,0,0,0,No Job,0.0,Not Placed
STU04627,Amar Mehta,25,Female,2024,DevOps,86.0,67.2,71.3,71.8,6.9,5.4,0,126,4,0,1,Job,7.22,Tier 2
STU04628,Karishma Dutta,24,Female,2024,Figma Designer,76.7,85.5,74.9,81.2,7.4,7.4,4,180,3,1,0,Job,5.53,Tier 2
STU04629,Tarun Garg,25,Male,2024,DevOps,49.8,53.1,36.2,29.9,2.3,3.5,3,90,2,0,2,No Job,0.0,Not Placed
STU04630,Bhavna Khanna,21,Female,2024,Figma Designer,75.8,64.6,56.6,56.7,5.4,5.2,4,153,1,0,3,Job,5.33,Tier 3
STU04631,Manisha Chawla,22,Female,2022,DevOps,74.4,69.6,74.6,69.6,4.9,5.4,1,155,1,1,0,Internship,1.57,Tier 2
STU04632,Vanshika Malhotra,27,Male,2024,DevOps,61.5,53.2,41.2,42.1,2.7,3.1,0,53,3,0,0,No Job,0.0,Not Placed
STU04633,Ankit Kapoor,21,Female,2023,MERN,76.5,66.2,60.6,76.2,5.7,5.4,0,114,4,1,0,Internship,1.91,Tier 3
STU04634,Varun Dixit,20,Male,2022,DevOps,68.7,72.2,53.1,54.5,5.8,5.4,0,110,0,0,0,No Job,0.0,Not Placed
STU04635,Naman Desai,25,Female,2022,Data Science,81.2,65.0,70.4,65.7,7.2,5.4,0,113,1,0,0,Job,8.81,Tier 1
STU04636,Ruchi Arora,24,Male,2022,QA,40.0,20.0,20.0,15.0,1.0,3.2,4,7,1,0,1,No Job,0.0,Not Placed
STU04637,Dev Gandhi,21,Male,2024,Cybersecurity,77.7,58.7,52.5,54.8,4.3,5.4,0,127,2,0,2,Job,6.89,Tier 2
STU04638,Tanvi Roy,24,Female,2023,Figma Designer,72.1,60.8,62.8,55.8,7.3,5.4,2,174,1,1,2,Job,5.6,Tier 2
STU04639,Jyoti Singh,25,Female,2024,Data Science,80.7,69.1,70.5,54.8,5.6,6.4,1,132,0,0,0,Job,8.36,Tier 1
STU04640,Aditya Trivedi,24,Male,2023,MERN,76.0,72.2,71.0,70.0,4.7,6.0,0,98,0,1,0,No Job,0.0,Not Placed
STU04641,Nikita Chauhan,19,Female,2023,QA,40.9,36.4,20.8,43.6,5.1,4.6,0,0,1,0,3,No Job,0.0,Not Placed
STU04642,Manisha Jain,19,Female,2022,MERN,80.6,82.6,75.0,72.7,6.6,5.4,4,207,2,1,0,Job,7.49,Tier 2
STU04643,Prateek Iyer,27,Male,2023,DevOps,59.8,53.0,63.3,61.6,5.5,7.3,3,123,2,1,0,Internship,2.25,Tier 2
STU04644,Vaibhav Desai,24,Male,2023,QA,68.2,59.8,51.2,52.5,4.4,5.0,1,103,2,0,0,Job,4.61,Tier 3
STU04645,Riya Bhatt,20,Male,2022,DevOps,66.7,55.4,37.5,51.3,4.2,6.0,0,79,2,0,0,Job,6.43,Tier 2
STU04646,Prateek Dubey,19,Male,2024,Data Science,75.0,76.7,91.7,73.6,7.0,6.0,0,144,1,1,0,Job,8.95,Tier 1
STU04647,Sourabh Batra,20,Female,2023,Figma Designer,73.3,65.6,68.9,67.9,6.2,5.9,2,132,2,0,0,Job,5.78,Tier 2
STU04648,Rahul Agarwal,26,Female,2022,Data Science,63.7,66.3,43.7,58.9,5.6,5.0,2,117,0,0,1,Internship,1.99,Tier 2
STU04649,Simran Nair,23,Female,2024,Figma Designer,55.5,39.3,28.9,33.3,2.4,4.7,4,66,0,1,0,No Job,0.0,Not Placed
STU04650,Parth Patel,25,Female,2022,Data Science,47.2,49.7,56.2,53.4,6.1,6.3,0,101,1,0,0,No Job,0.0,Not Placed
STU04651,Sakshi Dutta,25,Male,2023,Cybersecurity,49.0,44.6,38.5,49.5,3.8,4.4,2,61,1,0,0,No Job,0.0,Not Placed
STU04652,Rohit Tiwari,20,Male,2023,Data Science,42.8,30.4,20.0,33.6,3.2,3.0,1,16,0,0,1,No Job,0.0,Not Placed
STU04653,Abhinav Shukla,22,Female,2022,Cybersecurity,60.4,53.1,38.5,52.8,6.0,5.5,0,61,3,0,0,No Job,0.0,Not Placed
STU04654,Lakshmi Goyal,20,Female,2023,Data Science,44.3,23.3,20.0,17.3,2.6,1.5,0,19,1,0,2,No Job,0.0,Not Placed
STU04655,Manisha Kumar,25,Male,2023,QA,54.7,45.0,34.9,36.0,4.7,4.2,1,73,1,1,0,No Job,0.0,Not Placed
STU04656,Tarun Kaur,23,Male,2023,DevOps,63.7,47.4,48.0,43.0,4.8,3.0,1,30,0,0,1,No Job,0.0,Not Placed
STU04657,Tushar Dubey,19,Female,2022,Data Science,40.0,22.4,20.0,23.3,3.0,4.6,0,37,1,0,0,No Job,0.0,Not Placed
STU04658,Nikhil Patel,20,Male,2022,Cybersecurity,87.1,76.7,74.8,75.8,6.3,7.0,1,175,3,1,0,No Job,0.0,Not Placed
STU04659,Jyoti Ghosh,24,Male,2022,DevOps,60.2,46.9,39.5,35.2,4.4,5.6,1,86,0,0,0,No Job,0.0,Not Placed
STU04660,Nitin Rao,22,Female,2024,Data Science,40.2,20.0,20.0,15.8,1.5,2.2,1,0,0,0,1,No Job,0.0,Not Placed
STU04661,Komal Tiwari,25,Other,2022,Data Science,77.0,68.2,63.1,61.6,6.1,4.8,1,113,3,0,0,No Job,0.0,Not Placed
STU04662,Krishna Goyal,20,Female,2023,MERN,93.1,84.1,97.0,75.1,7.3,7.8,2,151,3,0,0,No Job,0.0,Not Placed
STU04663,Renu Rastogi,20,Female,2024,Data Science,63.3,54.9,61.7,57.6,5.5,7.6,0,101,2,0,0,Job,6.73,Tier 2
STU04664,Pooja Arora,24,Male,2024,Data Science,75.3,64.0,57.7,56.9,7.0,6.4,3,142,2,0,0,Job,7.99,Tier 2
STU04665,Deepika Khanna,26,Female,2024,MERN,64.2,70.8,61.2,59.3,5.7,6.9,5,171,0,1,1,No Job,0.0,Not Placed
STU04666,Pranav Singh,19,Male,2024,Cybersecurity,76.3,77.0,61.0,70.9,5.4,5.9,0,139,2,0,1,Internship,2.45,Tier 3
STU04667,Harsha Srivastava,23,Other,2023,DevOps,63.8,45.5,25.9,41.2,4.5,4.4,2,97,2,1,2,No Job,0.0,Not Placed
STU04668,Divya Patel,19,Male,2023,Data Science,51.1,37.7,30.0,47.4,6.1,6.0,0,20,0,0,2,No Job,0.0,Not Placed
STU04669,Prateek Garg,24,Female,2022,Figma Designer,57.9,38.2,34.9,29.8,2.7,4.1,1,44,2,0,1,No Job,0.0,Not Placed
STU04670,Dev Agarwal,25,Female,2022,Figma Designer,57.6,54.9,43.3,33.3,6.7,6.2,0,82,2,0,0,Job,5.25,Tier 3
STU04671,Mira Bansal,24,Male,2023,MERN,67.0,62.9,68.6,64.9,6.2,5.7,0,78,1,1,3,Job,6.09,Tier 2
STU04672,Shreya Iyer,27,Female,2022,Data Science,63.3,62.0,68.5,63.2,5.8,5.6,1,141,1,0,1,Internship,1.1,Tier 2
STU04673,Anil Singh,21,Male,2024,Figma Designer,60.8,53.0,40.7,53.9,4.2,4.6,1,96,1,0,1,No Job,0.0,Not Placed
STU04674,Sara Kapoor,26,Male,2022,DevOps,69.0,49.1,46.2,51.1,4.4,5.4,1,58,0,0,0,No Job,0.0,Not Placed
STU04675,Prachi Kapoor,21,Male,2022,MERN,55.6,45.3,53.1,57.4,3.2,4.6,3,107,0,0,0,Job,5.74,Tier 2
STU04676,Farhan Trivedi,25,Female,2023,DevOps,62.4,39.3,40.5,43.9,4.5,6.6,5,151,4,1,0,Job,5.77,Tier 2
STU04677,Rajan Verma,23,Female,2022,QA,44.3,21.2,23.3,27.8,3.5,3.5,0,12,1,0,1,No Job,0.0,Not Placed
STU04678,Tushar Nair,19,Male,2024,Data Science,56.9,49.6,33.3,54.1,4.6,4.8,2,108,0,1,3,No Job,0.0,Not Placed
STU04679,Lakshmi Gupta,22,Male,2024,QA,59.5,49.5,40.1,43.0,4.2,4.3,1,59,1,0,0,Internship,1.83,Tier 3
STU04680,Kavya Bansal,27,Female,2024,QA,68.0,63.1,49.9,50.8,4.3,5.7,1,75,1,1,0,Job,5.13,Tier 3
STU04681,Riya Sinha,26,Male,2023,DevOps,65.3,43.5,47.8,41.0,4.4,2.6,2,57,3,0,0,Job,5.83,Tier 2
STU04682,Riya Arora,21,Female,2024,QA,69.8,50.6,52.2,69.0,5.9,5.3,3,120,1,0,0,Job,5.57,Tier 2
STU04683,Lalit Kaur,20,Female,2022,Data Science,91.9,98.8,95.4,91.0,9.2,8.6,2,194,3,1,1,Job,10.27,Tier 1
STU04684,Sara Pillai,27,Female,2024,Cybersecurity,73.0,66.5,63.4,67.0,4.3,5.0,2,205,1,1,0,Job,7.38,Tier 2
STU04685,Rahul Desai,19,Female,2022,DevOps,55.9,50.8,46.0,46.3,4.0,5.1,0,91,0,0,1,No Job,0.0,Not Placed
STU04686,Sanjana Dubey,27,Male,2022,DevOps,63.4,52.2,43.9,50.3,5.4,5.4,2,123,1,1,0,Job,6.7,Tier 2
STU04687,Rahul Shah,25,Female,2024,MERN,55.0,57.3,55.2,51.9,3.8,4.8,5,182,3,1,0,Internship,2.4,Tier 2
STU04688,Simran Arora,20,Male,2023,MERN,65.4,55.7,52.6,50.9,5.0,5.4,4,175,0,1,0,Job,5.6,Tier 2
STU04689,Seema Rao,23,Male,2024,Data Science,75.1,55.9,48.1,44.3,5.7,5.1,1,73,2,0,0,Job,8.22,Tier 1
STU04690,Isha Sinha,20,Male,2023,MERN,57.8,50.9,50.9,39.3,4.4,3.9,3,124,2,0,0,No Job,0.0,Not Placed
STU04691,Sourabh Shukla,23,Female,2024,MERN,66.7,52.5,52.6,50.9,4.5,6.2,1,70,1,1,0,No Job,0.0,Not Placed
STU04692,Sneha Rao,25,Female,2024,Cybersecurity,75.5,62.7,69.3,64.7,4.7,6.2,0,76,2,0,2,No Job,0.0,Not Placed
STU04693,Anjali Khanna,23,Male,2023,Data Science,71.0,57.5,41.8,51.3,4.2,4.8,5,157,1,0,0,Internship,2.08,Tier 3
STU04694,Abhinav Srivastava,20,Female,2023,Cybersecurity,52.0,59.3,67.3,72.2,6.0,5.7,2,140,1,0,3,Job,7.03,Tier 2
STU04695,Varun Mishra,23,Male,2023,MERN,63.9,51.6,53.0,65.7,5.4,5.8,0,59,0,0,0,Job,5.87,Tier 2
STU04696,Tarun Arora,24,Female,2024,Data Science,50.5,34.3,20.0,19.4,2.5,1.8,1,30,1,0,1,No Job,0.0,Not Placed
STU04697,Vaibhav Shukla,23,Male,2022,MERN,59.2,48.7,31.7,48.4,4.8,4.0,2,67,1,0,1,No Job,0.0,Not Placed
STU04698,Ayush Bhatt,20,Female,2023,MERN,56.2,28.8,28.7,18.1,3.1,2.5,0,15,2,0,0,No Job,0.0,Not Placed
STU04699,Mihir Yadav,24,Female,2023,DevOps,71.2,62.9,62.1,53.6,5.2,6.1,2,153,1,0,0,Internship,2.45,Tier 2
STU04700,Sanjana Patel,24,Male,2022,MERN,49.4,28.8,20.0,26.6,4.2,4.2,4,97,0,0,2,No Job,0.0,Not Placed
STU04701,Avni Singh,20,Female,2022,Figma Designer,54.3,42.0,31.3,48.5,2.5,4.4,0,0,0,1,0,No Job,0.0,Not Placed
STU04702,Avni Malhotra,22,Male,2023,Figma Designer,49.9,43.8,50.4,35.8,2.3,5.3,1,48,1,0,0,No Job,0.0,Not Placed
STU04703,Abhinav Rastogi,25,Female,2024,DevOps,70.6,43.7,46.8,46.5,5.5,5.3,0,64,1,0,1,No Job,0.0,Not Placed
STU04704,Divya Chauhan,19,Female,2023,QA,70.2,74.1,68.4,68.2,5.8,7.6,1,164,4,0,0,Job,6.25,Tier 2
STU04705,Khushi Bansal,19,Female,2023,Data Science,73.4,75.7,65.3,59.6,6.7,6.8,3,105,1,0,0,Job,8.5,Tier 1
STU04706,Swati Agarwal,24,Male,2023,DevOps,63.0,33.8,38.0,40.5,4.1,3.4,3,94,3,0,0,No Job,0.0,Not Placed
STU04707,Mehak Bhatt,25,Female,2023,QA,64.7,53.5,42.0,50.5,5.4,4.5,0,89,2,0,1,Job,5.15,Tier 3
STU04708,Ankit Jain,23,Male,2024,Data Science,53.8,47.5,35.6,49.1,5.1,4.9,0,53,0,0,1,No Job,0.0,Not Placed
STU04709,Ankita Malhotra,26,Female,2023,Data Science,59.0,62.8,61.0,55.7,6.5,3.8,1,94,0,0,0,Job,7.87,Tier 2
STU04710,Neha Shah,22,Female,2022,Data Science,62.0,51.2,54.5,47.3,5.3,6.2,0,51,4,0,3,No Job,0.0,Not Placed
STU04711,Riya Pillai,21,Female,2022,DevOps,70.1,61.0,59.0,74.7,6.6,6.0,0,55,0,0,0,Job,6.24,Tier 2
STU04712,Akshay Roy,25,Female,2024,DevOps,58.4,41.0,27.8,29.9,3.2,2.6,2,87,1,0,3,No Job,0.0,Not Placed
STU04713,Bhavna Sinha,22,Male,2024,MERN,66.5,54.3,58.9,53.0,5.7,5.4,2,118,0,0,1,No Job,0.0,Not Placed
STU04714,Rohit Bansal,19,Female,2022,DevOps,51.1,42.6,20.0,29.3,2.1,6.2,0,59,1,0,0,No Job,0.0,Not Placed
STU04715,Mira Joshi,26,Male,2022,DevOps,49.3,40.0,27.9,39.9,3.4,4.0,1,79,4,1,0,Internship,1.88,Tier 3
STU04716,Harsha Bhatt,23,Male,2023,QA,72.3,60.3,60.8,56.8,5.7,4.0,1,76,0,1,0,Job,5.15,Tier 3
STU04717,Seema Srivastava,26,Female,2024,Data Science,63.6,39.1,20.0,34.3,3.4,2.8,0,0,3,0,1,No Job,0.0,Not Placed
STU04718,Isha Chopra,26,Female,2023,QA,50.9,23.0,20.0,15.0,2.2,1.5,0,30,0,0,1,No Job,0.0,Not Placed
STU04719,Seema Joshi,23,Male,2024,Cybersecurity,60.7,47.5,25.4,35.3,4.7,4.3,2,108,2,0,1,No Job,0.0,Not Placed
STU04720,Aryan Dutta,26,Female,2024,QA,57.7,31.2,37.1,36.2,2.4,3.3,1,78,1,0,0,No Job,0.0,Not Placed
STU04721,Rohit Yadav,25,Male,2024,Cybersecurity,50.4,46.1,42.3,27.6,4.9,5.0,1,58,2,1,2,No Job,0.0,Not Placed
STU04722,Vidya Sinha,21,Male,2023,DevOps,54.6,50.7,31.4,53.1,4.2,4.9,5,117,2,1,2,No Job,0.0,Not Placed
STU04723,Shivam Rastogi,22,Male,2023,Data Science,72.0,49.2,46.2,30.9,3.7,4.9,2,166,2,0,1,Job,7.26,Tier 2
STU04724,Seema Verma,25,Female,2024,DevOps,89.9,86.5,76.1,88.0,6.4,5.8,5,238,0,1,0,Internship,1.41,Tier 3
STU04725,Anil Srivastava,22,Female,2023,Figma Designer,53.1,45.1,42.8,66.4,3.8,4.9,1,41,2,0,0,Job,3.97,Tier 3
STU04726,Zara Khanna,24,Female,2022,DevOps,71.5,67.0,50.6,64.0,4.5,5.7,0,85,2,0,1,Job,7.31,Tier 2
STU04727,Meena Gandhi,20,Male,2022,Data Science,78.1,83.0,79.1,79.0,5.6,5.1,0,90,3,1,0,Internship,1.24,Tier 3
STU04728,Nitin Rastogi,20,Female,2023,Data Science,78.6,64.3,65.7,67.3,6.7,5.6,2,149,0,0,0,Internship,1.23,Tier 3
STU04729,Zara Ghosh,21,Male,2023,Figma Designer,59.3,43.8,36.5,34.1,3.6,3.0,0,61,1,0,1,No Job,0.0,Not Placed
STU04730,Kabir Bhatt,25,Male,2023,Data Science,76.2,64.3,52.9,69.9,4.1,5.2,1,142,0,1,0,No Job,0.0,Not Placed
STU04731,Sanjay Goyal,21,Female,2022,Data Science,66.2,66.7,77.1,59.9,6.8,6.3,2,140,2,0,0,No Job,0.0,Not Placed
STU04732,Khushi Dixit,21,Male,2023,MERN,91.3,88.7,92.5,70.7,6.3,6.1,1,164,1,0,0,Job,7.77,Tier 2
STU04733,Deepika Iyer,22,Female,2022,Figma Designer,89.2,78.7,89.0,73.2,8.1,5.6,3,205,0,1,0,Job,4.98,Tier 3
STU04734,Maya Iyer,24,Female,2023,MERN,53.9,37.4,30.0,38.3,3.0,4.4,1,42,0,0,3,No Job,0.0,Not Placed
STU04735,Amit Batra,19,Male,2023,MERN,60.3,53.3,38.2,45.5,3.7,5.9,0,98,2,0,0,Job,5.92,Tier 2
STU04736,Shreya Bhatt,24,Female,2024,Cybersecurity,61.5,51.3,37.2,48.0,3.9,5.2,5,110,2,1,2,No Job,0.0,Not Placed
STU04737,Nitin Goyal,26,Female,2024,Data Science,43.2,20.0,22.6,30.2,2.5,5.4,1,15,1,0,0,No Job,0.0,Not Placed
STU04738,Tarun Mehta,26,Male,2024,Figma Designer,79.8,74.1,63.8,63.6,4.7,6.0,1,136,2,0,1,No Job,0.0,Not Placed
STU04739,Sakshi Patel,24,Female,2024,DevOps,66.0,66.7,45.9,46.0,5.0,4.5,3,114,2,1,0,Internship,1.73,Tier 3
STU04740,Deepak Garg,24,Female,2023,DevOps,63.1,59.9,58.9,61.8,5.1,4.8,3,165,2,0,1,No Job,0.0,Not Placed
STU04741,Ruchi Reddy,21,Male,2022,QA,63.8,50.2,47.5,43.6,4.1,5.0,0,64,2,1,0,No Job,0.0,Not Placed
STU04742,Dev Kapoor,20,Male,2023,Figma Designer,86.7,80.8,96.3,86.2,7.7,8.0,3,220,2,1,0,Job,6.81,Tier 2
STU04743,Ashish Khanna,25,Other,2023,DevOps,78.4,82.3,74.2,73.4,7.3,5.9,1,172,0,1,0,Job,7.81,Tier 2
STU04744,Neha Varma,26,Female,2023,Data Science,56.1,52.5,33.5,35.7,4.3,5.6,2,87,4,0,0,No Job,0.0,Not Placed
STU04745,Sahil Garg,24,Male,2023,QA,68.5,56.7,46.9,45.3,5.2,4.1,0,76,1,1,0,No Job,0.0,Not Placed
STU04746,Sonam Joshi,23,Male,2024,MERN,71.8,59.7,66.3,65.5,6.3,4.3,2,141,0,0,0,Internship,1.0,Tier 2
STU04747,Harsh Jain,22,Female,2022,Figma Designer,81.6,82.7,66.3,82.8,5.7,6.7,0,102,3,0,0,Job,5.25,Tier 3
STU04748,Mira Sinha,19,Male,2023,Figma Designer,60.1,53.6,49.7,60.8,5.6,5.1,0,137,3,0,0,No Job,0.0,Not Placed
STU04749,Nandini Gandhi,27,Male,2024,Data Science,58.8,60.7,46.1,60.3,5.2,4.8,0,114,3,0,1,No Job,0.0,Not Placed
STU04750,Sakshi Khanna,22,Female,2024,Figma Designer,47.7,34.2,21.4,41.8,2.0,3.2,0,40,1,0,2,No Job,0.0,Not Placed
STU04751,Pankaj Reddy,20,Female,2022,MERN,91.3,88.0,90.0,94.9,5.4,7.3,5,198,1,1,0,Job,8.59,Tier 1
STU04752,Vaibhav Srivastava,22,Male,2024,Cybersecurity,50.1,56.1,46.9,49.5,4.3,4.2,0,77,2,0,3,No Job,0.0,Not Placed
STU04753,Ashu Desai,23,Male,2022,Data Science,70.5,72.8,61.2,64.8,5.3,6.2,1,157,4,0,0,Job,8.05,Tier 1
STU04754,Isha Rastogi,20,Male,2024,Figma Designer,73.8,62.4,60.1,40.7,6.5,5.9,1,85,0,0,0,Job,5.33,Tier 3
STU04755,Palak Gupta,25,Male,2023,Cybersecurity,80.7,79.3,82.8,73.5,7.1,6.0,0,152,3,1,0,Job,8.04,Tier 1
STU04756,Asha Mishra,21,Male,2023,Cybersecurity,58.5,38.6,25.3,34.0,2.5,4.3,4,91,0,0,1,No Job,0.0,Not Placed
STU04757,Rajan Shah,26,Male,2024,Figma Designer,58.1,44.0,28.2,60.0,2.6,5.9,1,30,2,0,1,No Job,0.0,Not Placed
STU04758,Uday Roy,22,Male,2022,DevOps,74.2,61.5,59.2,57.1,3.7,4.0,2,90,2,1,0,Job,7.36,Tier 2
STU04759,Sandeep Malhotra,23,Male,2022,MERN,47.1,37.4,34.5,38.1,4.0,5.4,1,80,1,0,0,No Job,0.0,Not Placed
STU04760,Priya Dixit,21,Female,2023,QA,58.3,34.9,49.3,33.8,4.1,3.8,0,64,1,1,1,No Job,0.0,Not Placed
STU04761,Renu Kumar,23,Male,2022,QA,76.1,70.0,62.0,71.3,7.2,5.8,0,86,1,1,0,Job,6.8,Tier 2
STU04762,Sanjana Dubey,27,Male,2024,Figma Designer,68.8,70.1,64.5,71.4,4.7,4.4,0,102,1,0,2,No Job,0.0,Not Placed
STU04763,Simran Goyal,20,Male,2023,Figma Designer,71.9,80.4,88.0,74.1,7.2,6.1,3,176,1,0,0,Internship,1.88,Tier 2
STU04764,Shreya Pillai,25,Male,2022,MERN,69.0,51.2,52.8,42.6,5.4,5.6,0,45,0,0,0,No Job,0.0,Not Placed
STU04765,Yogesh Goyal,26,Female,2023,DevOps,56.1,46.3,29.6,41.6,5.9,5.7,3,107,2,0,0,No Job,0.0,Not Placed
STU04766,Amit Goyal,21,Male,2023,MERN,43.9,27.2,20.0,19.8,3.6,4.7,1,61,0,0,2,No Job,0.0,Not Placed
STU04767,Tarun Goyal,22,Female,2022,Cybersecurity,59.9,74.3,83.0,64.5,5.5,4.4,2,120,0,1,0,Job,7.83,Tier 2
STU04768,Kavya Dutta,20,Male,2023,MERN,58.9,41.4,38.8,38.2,6.0,3.5,3,123,1,0,1,Job,5.29,Tier 3
STU04769,Jyoti Kapoor,27,Female,2024,QA,67.8,54.8,55.8,57.9,5.0,5.6,1,95,1,0,0,Job,5.3,Tier 3
STU04770,Meena Varma,21,Male,2023,Data Science,61.1,47.2,30.9,48.3,4.0,5.1,0,99,1,0,1,No Job,0.0,Not Placed
STU04771,Tushar Gupta,27,Male,2023,Data Science,92.1,91.3,95.7,100.0,8.5,8.9,1,228,2,1,0,No Job,0.0,Not Placed
STU04772,Ishaan Tiwari,25,Male,2023,Data Science,62.2,55.8,58.6,53.2,6.2,5.6,0,64,1,0,1,Job,8.02,Tier 1
STU04773,Amar Kumar,24,Male,2022,Data Science,55.4,36.3,36.1,38.0,5.1,3.4,3,148,3,1,1,Job,6.74,Tier 2
STU04774,Farhan Joshi,21,Male,2022,Cybersecurity,49.4,29.8,23.0,34.1,4.1,3.2,2,30,1,0,0,No Job,0.0,Not Placed
STU04775,Dev Arora,25,Male,2024,Data Science,82.6,65.3,66.1,57.0,6.4,5.8,1,133,3,0,0,Job,7.31,Tier 2
STU04776,Anil Nair,21,Female,2024,Data Science,50.1,38.9,34.2,31.0,4.5,3.1,0,39,3,1,0,No Job,0.0,Not Placed
STU04777,Mira Singh,24,Male,2022,Data Science,55.8,42.5,46.8,37.0,3.6,3.9,4,150,3,1,1,No Job,0.0,Not Placed
STU04778,Aditya Joshi,26,Male,2023,QA,49.7,31.1,20.0,32.3,4.0,3.6,0,3,0,0,0,No Job,0.0,Not Placed
STU04779,Rajan Sinha,23,Male,2024,QA,59.1,60.9,55.0,60.9,2.9,5.0,0,74,0,1,3,No Job,0.0,Not Placed
STU04780,Swati Agarwal,21,Female,2022,Data Science,65.8,61.2,66.9,71.2,5.0,5.2,5,180,2,0,2,Internship,1.11,Tier 3
STU04781,Uday Chauhan,24,Male,2022,Cybersecurity,73.8,89.9,87.5,75.7,7.3,7.3,0,138,1,0,0,Internship,1.07,Tier 3
STU04782,Lakshmi Roy,26,Male,2024,DevOps,60.4,46.3,44.8,36.0,6.3,3.4,2,86,2,1,0,Job,5.76,Tier 2
STU04783,Manish Ghosh,21,Male,2024,MERN,40.4,20.0,20.0,15.0,1.5,3.1,0,10,4,0,1,No Job,0.0,Not Placed
STU04784,Vinay Mehta,23,Female,2022,Cybersecurity,58.3,50.9,46.7,49.4,5.6,3.8,2,89,0,0,0,Internship,0.83,Tier 3
STU04785,Anushka Chawla,27,Female,2023,Data Science,76.3,66.0,72.2,73.4,6.8,6.4,3,132,2,1,1,Internship,1.21,Tier 2
STU04786,Lalit Rao,21,Male,2022,QA,67.9,69.7,54.6,58.7,5.4,6.3,1,105,2,0,0,Internship,1.87,Tier 3
STU04787,Seema Rao,20,Male,2023,Data Science,73.4,69.1,67.2,57.5,4.6,6.6,0,113,3,1,0,Job,8.33,Tier 1
STU04788,Geeta Trivedi,26,Male,2024,Figma Designer,74.1,63.8,56.9,73.6,5.7,4.7,4,139,1,0,0,No Job,0.0,Not Placed
STU04789,Surbhi Gupta,25,Male,2023,Data Science,71.4,54.9,36.5,49.7,4.7,3.8,0,77,1,0,0,No Job,0.0,Not Placed
STU04790,Anushka Srivastava,27,Female,2023,DevOps,40.0,26.9,22.0,22.6,3.4,5.4,1,23,3,0,0,No Job,0.0,Not Placed
STU04791,Kabir Kumar,22,Male,2023,Figma Designer,53.8,34.3,44.8,32.5,5.3,4.9,2,88,4,0,3,No Job,0.0,Not Placed
STU04792,Vinay Mishra,21,Male,2022,Data Science,51.3,44.6,38.7,58.3,5.3,4.4,2,101,1,1,1,No Job,0.0,Not Placed
STU04793,Dev Rastogi,23,Female,2022,DevOps,69.3,66.9,64.6,69.2,5.6,6.9,1,118,0,0,0,Job,8.0,Tier 1
STU04794,Sakshi Iyer,19,Male,2024,MERN,66.6,68.4,66.8,52.8,5.9,5.0,3,163,2,0,0,No Job,0.0,Not Placed
STU04795,Kajal Mehta,23,Male,2023,DevOps,61.3,33.4,20.0,19.0,4.0,5.5,3,32,1,0,3,No Job,0.0,Not Placed
STU04796,Anil Shah,21,Male,2022,MERN,66.3,62.6,71.9,67.3,4.8,5.3,3,132,3,1,0,No Job,0.0,Not Placed
STU04797,Pooja Chopra,19,Male,2023,Data Science,78.0,88.8,82.9,65.6,5.5,8.6,0,95,2,0,0,Job,7.97,Tier 2
STU04798,Avni Trivedi,21,Female,2024,Cybersecurity,43.7,29.6,20.0,30.5,2.0,3.8,2,102,3,0,0,No Job,0.0,Not Placed
STU04799,Sanjay Jain,23,Female,2023,MERN,64.7,64.1,51.6,64.2,6.6,4.7,3,165,0,1,0,Job,5.82,Tier 2
STU04800,Harsh Nair,23,Male,2023,Cybersecurity,40.0,20.0,20.0,26.0,2.2,3.1,0,0,1,0,0,No Job,0.0,Not Placed
STU04801,Tarun Varma,26,Male,2022,Data Science,51.9,36.9,37.7,40.9,3.3,5.0,0,58,0,1,0,No Job,0.0,Not Placed
STU04802,Parth Dubey,19,Male,2022,MERN,49.3,34.5,29.2,36.1,4.3,3.9,5,146,3,0,0,No Job,0.0,Not Placed
STU04803,Harsha Sinha,25,Male,2024,DevOps,80.4,64.8,55.7,64.8,5.5,5.4,1,130,2,1,0,Job,7.36,Tier 2
STU04804,Tushar Pillai,23,Female,2023,Cybersecurity,79.6,82.1,82.8,80.6,6.1,7.1,1,127,0,1,0,Job,8.67,Tier 1
STU04805,Sara Jain,21,Male,2024,MERN,79.0,77.7,67.2,83.6,7.6,6.8,1,153,1,0,0,Internship,1.18,Tier 3
STU04806,Ankita Ghosh,22,Female,2024,MERN,77.0,77.7,69.4,70.2,7.2,5.6,1,115,2,1,0,Job,7.46,Tier 2
STU04807,Harsha Varma,21,Male,2024,MERN,61.4,41.7,26.3,43.8,3.3,4.2,3,101,2,0,0,No Job,0.0,Not Placed
STU04808,Uday Shukla,26,Female,2022,Data Science,59.4,50.4,51.2,54.2,5.0,4.9,0,84,0,0,3,No Job,0.0,Not Placed
STU04809,Ruchi Patel,22,Female,2022,MERN,69.5,60.2,40.2,49.0,5.1,5.8,0,100,1,0,0,No Job,0.0,Not Placed
STU04810,Zara Varma,21,Female,2023,Data Science,54.6,34.2,38.0,29.5,4.2,3.2,1,48,2,0,1,No Job,0.0,Not Placed
STU04811,Divya Verma,20,Male,2022,Cybersecurity,75.2,67.4,62.4,65.8,7.3,6.5,0,83,1,1,0,Job,8.38,Tier 1
STU04812,Abhinav Joshi,21,Female,2024,DevOps,75.8,62.8,68.0,51.8,4.5,6.7,3,137,1,0,1,Internship,1.79,Tier 3
STU04813,Arjun Batra,25,Male,2024,MERN,62.1,49.1,41.9,37.4,3.3,5.6,2,108,2,0,3,No Job,0.0,Not Placed
STU04814,Sanjay Singh,24,Female,2023,MERN,78.5,68.9,61.4,73.6,5.8,5.8,1,157,2,0,0,Internship,2.3,Tier 2
STU04815,Deepak Mehta,23,Female,2022,MERN,67.5,55.0,37.3,49.4,4.2,4.2,1,76,0,0,0,Job,5.89,Tier 2
STU04816,Ritesh Nair,26,Male,2022,DevOps,78.5,83.4,88.9,71.8,6.2,6.4,0,130,3,0,0,Job,7.93,Tier 2
STU04817,Pranav Chopra,19,Other,2023,Figma Designer,85.8,87.6,93.3,78.5,6.7,6.8,2,188,1,1,0,Internship,1.47,Tier 3
STU04818,Geeta Dubey,21,Female,2024,Cybersecurity,61.0,51.7,38.6,31.7,3.2,4.9,1,46,3,0,0,No Job,0.0,Not Placed
STU04819,Uday Iyer,20,Female,2023,QA,71.5,56.6,53.2,60.8,6.2,5.0,1,148,1,0,0,Job,4.4,Tier 3
STU04820,Naman Garg,20,Male,2022,QA,66.5,41.5,46.4,36.1,4.5,4.3,3,79,1,0,1,Job,3.62,Tier 3
STU04821,Renu Shah,19,Female,2022,MERN,64.8,61.2,53.8,61.1,5.8,4.6,1,85,0,0,0,Internship,1.52,Tier 3
STU04822,Anil Shah,23,Female,2024,Data Science,79.5,96.5,83.3,72.4,4.6,6.9,0,149,2,1,0,Job,8.44,Tier 1
STU04823,Anjali Verma,23,Female,2023,Cybersecurity,57.3,33.4,28.6,35.4,3.1,5.5,0,51,0,0,1,No Job,0.0,Not Placed
STU04824,Riya Bansal,21,Female,2024,Data Science,56.2,31.0,20.0,36.4,2.7,4.0,3,118,1,0,2,No Job,0.0,Not Placed
STU04825,Mira Sinha,27,Male,2024,DevOps,77.0,59.3,51.8,47.6,6.2,5.4,1,90,0,1,0,No Job,0.0,Not Placed
STU04826,Rohan Nair,24,Male,2023,Cybersecurity,70.1,58.4,43.9,49.7,6.5,6.1,2,128,2,1,0,Job,7.38,Tier 2
STU04827,Ritesh Sinha,24,Female,2022,QA,65.9,56.9,60.4,50.4,4.2,5.2,1,92,2,1,1,No Job,0.0,Not Placed
STU04828,Dev Kapoor,24,Male,2023,MERN,40.5,20.0,23.9,16.8,2.8,4.4,0,16,1,0,0,No Job,0.0,Not Placed
STU04829,Anish Varma,20,Female,2023,DevOps,86.4,85.6,83.3,83.5,8.0,7.5,0,149,2,1,0,Job,7.45,Tier 2
STU04830,Arjun Jain,26,Male,2024,Cybersecurity,68.8,61.3,51.2,65.9,4.6,2.9,0,49,1,1,0,No Job,0.0,Not Placed
STU04831,Manisha Kaur,24,Male,2022,QA,83.6,99.1,94.1,89.6,7.2,8.0,5,239,1,1,0,Job,8.44,Tier 1
STU04832,Ayush Verma,21,Male,2022,QA,74.3,64.5,61.2,61.3,6.0,5.1,1,90,2,0,0,Job,5.92,Tier 2
STU04833,Surbhi Khanna,27,Male,2023,Figma Designer,70.1,52.0,47.6,37.5,3.1,5.5,4,133,2,0,0,No Job,0.0,Not Placed
STU04834,Ankit Bhatt,20,Male,2022,Data Science,67.6,56.5,54.9,72.5,3.5,4.0,0,90,2,0,0,No Job,0.0,Not Placed
STU04835,Akash Nair,25,Male,2023,DevOps,89.2,83.8,74.3,80.4,4.0,6.6,2,190,0,0,0,Internship,2.17,Tier 3
STU04836,Rohan Chopra,21,Male,2022,MERN,62.4,39.1,43.3,45.2,4.8,4.3,0,88,0,0,0,No Job,0.0,Not Placed
STU04837,Anil Shah,24,Female,2022,Data Science,63.9,68.1,63.1,59.0,6.9,5.4,0,75,1,0,0,Job,6.8,Tier 2
STU04838,Uday Kapoor,23,Female,2023,Figma Designer,71.9,66.8,63.0,67.8,5.5,6.5,1,88,0,1,0,Job,4.76,Tier 3
STU04839,Nikhil Iyer,24,Male,2023,Figma Designer,60.3,61.6,45.3,61.5,6.6,8.3,2,123,1,0,0,Job,5.42,Tier 3
STU04840,Swati Chopra,26,Male,2023,Data Science,58.0,38.9,31.0,43.9,2.0,4.5,4,123,1,0,0,No Job,0.0,Not Placed
STU04841,Yogesh Gupta,21,Male,2022,Data Science,65.2,72.6,69.4,57.8,6.3,7.0,0,68,1,0,0,No Job,0.0,Not Placed
STU04842,Krishna Rao,20,Male,2024,MERN,71.8,61.2,50.8,61.3,5.8,7.0,5,224,1,1,0,No Job,0.0,Not Placed
STU04843,Tanvi Chauhan,26,Female,2022,QA,84.7,76.6,65.7,61.5,6.1,8.9,1,182,0,1,3,Job,6.77,Tier 2
STU04844,Sanjay Garg,19,Male,2022,MERN,79.2,80.1,89.8,83.4,7.5,7.7,3,197,2,0,0,No Job,0.0,Not Placed
STU04845,Prateek Dutta,20,Male,2023,Data Science,78.9,70.0,61.0,64.5,7.1,6.3,2,156,1,1,0,Job,7.81,Tier 2
STU04846,Tushar Dutta,19,Male,2022,Data Science,61.8,65.1,57.9,44.6,6.1,5.3,0,84,2,0,0,No Job,0.0,Not Placed
STU04847,Vinay Arora,23,Female,2023,DevOps,42.6,40.9,35.4,29.3,3.3,3.4,0,0,2,0,0,No Job,0.0,Not Placed
STU04848,Abhinav Ghosh,26,Male,2024,Figma Designer,62.9,43.9,45.4,40.8,4.2,6.0,1,118,1,0,0,Job,3.96,Tier 3
STU04849,Deepak Patel,20,Female,2023,MERN,68.6,50.6,21.7,49.1,4.8,4.3,0,83,1,0,3,No Job,0.0,Not Placed
STU04850,Sahil Rastogi,22,Male,2023,DevOps,74.6,67.7,64.3,46.8,6.7,4.4,2,163,0,1,0,No Job,0.0,Not Placed
STU04851,Amit Pillai,22,Male,2023,Data Science,64.5,60.9,55.1,70.8,4.7,6.9,3,149,4,0,0,Internship,0.87,Tier 3
STU04852,Gaurav Garg,25,Female,2022,DevOps,45.3,33.6,30.9,29.6,5.4,4.1,3,69,3,1,1,No Job,0.0,Not Placed
STU04853,Kunal Pillai,19,Male,2023,Cybersecurity,53.2,44.8,35.7,60.6,3.9,4.7,3,48,2,1,0,No Job,0.0,Not Placed
STU04854,Sahil Rastogi,27,Female,2023,MERN,83.7,90.4,92.6,90.8,9.1,6.8,2,153,4,0,0,Internship,2.11,Tier 3
STU04855,Vineeta Chauhan,21,Female,2024,MERN,62.2,43.7,46.6,27.4,4.2,5.6,2,43,3,1,1,Job,4.75,Tier 3
STU04856,Seema Chauhan,24,Male,2022,QA,73.7,74.5,63.6,54.2,7.8,5.6,1,121,1,0,0,No Job,0.0,Not Placed
STU04857,Farhan Iyer,23,Male,2023,Data Science,59.5,52.9,50.8,51.7,5.4,5.4,0,45,0,1,0,Internship,2.45,Tier 3
STU04858,Seema Shukla,22,Female,2024,Cybersecurity,60.5,55.5,58.1,39.8,3.0,5.5,0,30,0,0,0,Job,6.43,Tier 2
STU04859,Deepika Singh,27,Male,2024,MERN,85.4,70.3,60.5,62.5,5.6,6.3,0,98,1,0,0,Job,7.43,Tier 2
STU04860,Jatin Srivastava,27,Male,2024,MERN,57.9,41.0,23.3,25.5,4.9,4.1,0,62,2,0,2,No Job,0.0,Not Placed
STU04861,Manish Ghosh,19,Male,2023,Cybersecurity,59.3,41.5,43.7,41.5,6.0,4.9,2,121,1,0,0,Job,6.87,Tier 2
STU04862,Ritesh Kaur,25,Female,2023,QA,79.9,72.8,78.2,82.8,6.8,6.2,4,252,1,0,2,Job,5.96,Tier 2
STU04863,Deepika Agarwal,27,Female,2024,DevOps,52.7,41.4,55.5,38.6,3.4,2.4,3,156,0,0,0,Job,5.52,Tier 2
STU04864,Ashu Verma,23,Female,2022,Data Science,56.6,30.2,23.3,32.8,3.2,3.8,5,89,2,0,1,No Job,0.0,Not Placed
STU04865,Riya Varma,19,Male,2022,DevOps,51.2,35.7,27.4,26.3,4.0,4.9,0,4,0,0,0,Job,4.92,Tier 3
STU04866,Gaurav Srivastava,26,Male,2024,DevOps,63.2,54.5,52.8,64.6,6.3,4.1,0,118,3,0,2,No Job,0.0,Not Placed
STU04867,Rajesh Khanna,23,Male,2023,DevOps,61.2,40.5,43.4,36.4,5.5,5.1,2,77,0,0,2,No Job,0.0,Not Placed
STU04868,Sanjana Roy,24,Male,2024,Cybersecurity,73.4,73.2,74.6,71.7,7.5,6.9,0,123,2,0,0,Job,7.86,Tier 2
STU04869,Anjali Kaur,25,Female,2024,Data Science,60.0,65.0,59.5,49.7,5.0,6.3,3,118,2,1,1,No Job,0.0,Not Placed
STU04870,Vidya Shah,25,Female,2024,DevOps,73.1,70.2,67.2,62.5,4.4,6.2,1,110,3,0,0,Internship,2.03,Tier 2
STU04871,Sonam Trivedi,25,Female,2022,DevOps,74.8,65.5,64.3,49.7,6.3,5.3,4,172,1,0,0,Job,6.81,Tier 2
STU04872,Gaurav Iyer,19,Male,2023,MERN,73.1,69.4,78.6,79.2,5.8,6.3,0,145,1,0,0,Job,6.24,Tier 2
STU04873,Rohan Iyer,25,Female,2024,Cybersecurity,78.0,70.9,84.2,77.8,8.7,7.0,2,182,0,1,0,Job,8.91,Tier 1
STU04874,Sneha Kumar,21,Female,2024,MERN,57.2,57.5,54.4,53.4,6.3,4.7,2,141,3,1,0,Job,6.77,Tier 2
STU04875,Anand Trivedi,23,Male,2023,MERN,61.5,53.7,49.5,55.4,5.4,5.4,0,82,1,0,1,No Job,0.0,Not Placed
STU04876,Vinay Chopra,23,Male,2022,Figma Designer,73.2,77.8,73.5,74.0,8.2,6.8,1,132,4,0,0,Job,5.69,Tier 2
STU04877,Akash Mishra,26,Male,2024,MERN,51.5,52.3,52.3,49.7,4.7,4.6,1,59,1,0,2,No Job,0.0,Not Placed
STU04878,Tushar Bhatt,25,Male,2023,MERN,66.2,56.5,59.0,54.3,6.8,5.3,1,128,1,0,0,Job,6.06,Tier 2
STU04879,Swati Roy,25,Female,2023,Cybersecurity,67.3,44.7,22.8,43.7,3.2,4.4,1,55,1,0,1,No Job,0.0,Not Placed
STU04880,Harsh Chopra,24,Male,2023,Figma Designer,64.8,37.7,46.5,38.4,3.2,3.8,1,71,1,0,3,No Job,0.0,Not Placed
STU04881,Vaibhav Mehta,25,Female,2023,Figma Designer,55.3,50.4,45.4,39.6,2.5,4.9,2,73,0,0,1,No Job,0.0,Not Placed
STU04882,Neha Shukla,25,Female,2024,DevOps,78.5,83.1,75.7,71.7,7.3,6.9,0,181,1,1,0,Job,8.52,Tier 1
STU04883,Tanvi Chawla,23,Male,2023,Data Science,57.1,53.6,46.5,45.6,4.6,5.2,4,128,1,0,0,No Job,0.0,Not Placed
STU04884,Kavya Nair,23,Male,2023,Figma Designer,66.6,48.2,21.3,54.5,6.2,3.5,0,11,2,0,1,No Job,0.0,Not Placed
STU04885,Karishma Sinha,22,Other,2022,DevOps,73.0,67.0,58.3,64.8,6.2,6.7,1,152,2,1,0,Internship,1.1,Tier 3
STU04886,Sneha Garg,22,Male,2023,MERN,54.8,34.1,20.0,32.8,3.3,2.8,0,0,0,0,0,No Job,0.0,Not Placed
STU04887,Mira Singh,23,Female,2023,QA,41.6,21.5,20.0,29.8,4.0,3.4,2,14,1,0,3,No Job,0.0,Not Placed
STU04888,Akash Trivedi,27,Female,2024,MERN,72.1,52.6,44.4,49.1,4.5,6.2,0,72,1,0,0,No Job,0.0,Not Placed
STU04889,Sakshi Verma,24,Male,2023,Data Science,59.7,57.2,54.9,56.3,4.2,3.4,0,55,1,0,0,No Job,0.0,Not Placed
STU04890,Yash Malhotra,26,Female,2023,QA,64.8,72.1,54.4,68.8,5.2,5.5,1,130,1,1,0,Job,6.56,Tier 2
STU04891,Amit Singh,27,Male,2023,DevOps,76.0,70.4,86.8,69.2,6.5,6.5,3,163,2,1,1,No Job,0.0,Not Placed
STU04892,Gaurav Bhatt,22,Female,2023,MERN,59.9,62.6,60.0,50.9,5.2,4.7,2,97,1,1,0,Job,5.84,Tier 2
STU04893,Prateek Verma,25,Female,2023,MERN,69.0,49.9,48.5,45.0,4.3,3.7,0,26,1,1,0,Job,4.1,Tier 3
STU04894,Suresh Trivedi,23,Male,2023,Cybersecurity,53.5,52.7,36.7,46.5,5.3,4.5,1,82,0,0,0,Job,6.06,Tier 2
STU04895,Avni Jain,22,Male,2023,Data Science,67.1,46.7,51.2,40.9,3.1,3.1,1,96,0,0,0,No Job,0.0,Not Placed
STU04896,Yash Dubey,25,Female,2023,MERN,40.0,20.0,20.0,15.0,2.6,4.6,4,41,3,1,3,No Job,0.0,Not Placed
STU04897,Vanshika Bansal,21,Female,2022,Cybersecurity,55.4,48.5,40.5,51.3,3.5,5.5,3,101,1,0,0,Job,5.97,Tier 2
STU04898,Sara Chawla,19,Male,2024,Figma Designer,64.2,55.8,54.5,59.5,5.6,4.3,0,62,2,1,0,No Job,0.0,Not Placed
STU04899,Deepak Chawla,25,Female,2024,DevOps,60.3,44.8,42.3,52.1,4.2,4.1,1,73,2,0,1,No Job,0.0,Not Placed
STU04900,Vineeta Roy,27,Female,2023,QA,49.2,48.6,41.9,40.2,4.4,3.1,1,99,1,1,0,No Job,0.0,Not Placed
STU04901,Vidya Jain,20,Male,2023,QA,67.5,55.1,42.8,36.7,5.1,6.1,4,143,2,1,0,No Job,0.0,Not Placed
STU04902,Nikhil Desai,25,Male,2024,Cybersecurity,70.6,60.3,50.9,40.3,5.7,5.3,3,171,0,1,0,Internship,2.36,Tier 3
STU04903,Manisha Iyer,20,Male,2022,MERN,71.8,64.4,55.1,73.6,5.8,4.8,3,150,0,0,0,Job,6.14,Tier 2
STU04904,Khushi Yadav,21,Male,2024,QA,68.1,66.3,49.7,66.2,5.8,5.3,1,105,3,0,0,Job,5.23,Tier 3
STU04905,Vidya Malhotra,21,Male,2022,DevOps,57.9,60.1,59.0,66.5,6.7,6.7,2,175,4,0,0,Internship,1.79,Tier 2
STU04906,Rohan Verma,22,Female,2023,Data Science,81.5,75.3,71.3,68.8,7.1,6.3,1,97,1,0,0,No Job,0.0,Not Placed
STU04907,Dev Jain,24,Male,2024,MERN,64.2,64.7,55.7,61.0,5.6,5.8,3,137,2,0,1,Job,5.63,Tier 2
STU04908,Karishma Ghosh,21,Male,2023,QA,93.8,93.8,99.3,100.0,7.3,7.5,5,265,0,1,0,Job,7.75,Tier 2
STU04909,Sachin Mishra,27,Female,2023,Data Science,54.2,45.2,46.3,33.5,5.8,2.4,1,99,2,0,0,No Job,0.0,Not Placed
STU04910,Vanshika Dixit,20,Male,2024,Data Science,55.9,42.1,36.2,32.0,5.1,6.5,1,37,2,0,0,No Job,0.0,Not Placed
STU04911,Parth Batra,25,Male,2024,Cybersecurity,66.6,53.4,40.2,53.3,5.7,4.7,3,119,0,0,2,Job,5.75,Tier 2
STU04912,Asha Nair,24,Female,2023,Figma Designer,61.6,51.6,53.7,55.7,5.2,5.5,3,122,2,0,1,No Job,0.0,Not Placed
STU04913,Sanjana Garg,20,Female,2023,Cybersecurity,57.0,46.7,40.9,42.6,5.1,6.8,0,37,0,1,0,Internship,1.57,Tier 3
STU04914,Isha Dixit,21,Female,2023,MERN,54.7,35.5,27.0,41.5,2.5,4.5,2,52,4,0,1,No Job,0.0,Not Placed
STU04915,Saloni Pillai,24,Female,2024,Data Science,76.1,83.5,94.9,79.0,8.4,8.5,2,199,4,1,0,Job,9.81,Tier 1
STU04916,Bhavna Bansal,22,Male,2024,Cybersecurity,56.4,56.0,45.8,52.1,1.8,5.9,0,101,2,1,3,Job,6.92,Tier 2
STU04917,Uday Tiwari,19,Female,2024,Data Science,51.6,40.1,35.5,27.9,4.0,5.7,0,43,1,0,0,No Job,0.0,Not Placed
STU04918,Sakshi Dubey,19,Male,2024,Cybersecurity,68.1,66.2,43.1,44.8,5.1,6.0,0,67,1,0,0,No Job,0.0,Not Placed
STU04919,Manisha Arora,21,Male,2022,MERN,72.1,60.5,63.9,69.7,6.8,6.0,0,106,1,0,1,Job,6.13,Tier 2
STU04920,Riya Chauhan,26,Male,2024,Figma Designer,73.8,86.0,83.8,93.0,6.7,6.4,0,104,0,1,0,Job,6.25,Tier 2
STU04921,Vikram Srivastava,22,Male,2024,DevOps,42.1,21.0,20.0,15.7,2.3,4.4,3,61,2,0,2,No Job,0.0,Not Placed
STU04922,Vikas Patel,19,Male,2024,MERN,76.6,75.1,72.5,79.2,5.5,5.8,4,199,4,1,0,Internship,1.81,Tier 3
STU04923,Sourabh Arora,26,Female,2022,QA,74.3,68.1,73.0,65.6,7.2,7.8,0,117,1,0,0,Job,7.08,Tier 2
STU04924,Ravi Arora,24,Male,2024,MERN,59.2,43.2,46.2,35.7,3.6,4.1,0,93,4,0,0,No Job,0.0,Not Placed
STU04925,Sonam Reddy,19,Male,2022,MERN,67.2,46.8,40.9,50.4,4.7,4.6,1,105,1,1,3,No Job,0.0,Not Placed
STU04926,Renu Roy,24,Female,2022,QA,56.1,44.3,34.1,42.1,3.1,4.4,2,71,0,0,0,Job,3.62,Tier 3
STU04927,Vikas Chopra,19,Female,2023,MERN,52.1,46.2,32.7,39.7,5.9,4.2,0,28,2,0,0,No Job,0.0,Not Placed
STU04928,Uday Reddy,21,Male,2023,MERN,55.8,44.1,36.2,41.1,2.3,3.6,3,70,2,0,1,No Job,0.0,Not Placed
STU04929,Vishal Chauhan,20,Male,2023,MERN,74.3,67.7,61.3,62.3,5.3,5.9,0,126,1,0,1,Job,7.41,Tier 2
STU04930,Vikas Srivastava,22,Male,2024,Data Science,64.8,58.6,51.7,52.7,4.5,5.8,0,53,4,0,1,No Job,0.0,Not Placed
STU04931,Vinay Jain,20,Male,2023,Data Science,40.0,20.0,20.0,15.0,1.0,1.7,1,0,1,0,1,No Job,0.0,Not Placed
STU04932,Surbhi Mishra,23,Female,2022,Cybersecurity,46.9,47.6,46.0,56.1,5.0,4.6,0,26,0,0,0,No Job,0.0,Not Placed
STU04933,Aarav Varma,22,Male,2022,Cybersecurity,57.1,47.7,56.8,36.1,4.2,6.0,0,48,1,0,3,No Job,0.0,Not Placed
STU04934,Isha Srivastava,24,Male,2024,MERN,79.3,66.6,65.2,69.1,5.3,6.6,3,137,2,0,0,Internship,1.54,Tier 2
STU04935,Ishaan Bhatt,25,Male,2022,MERN,72.9,59.1,48.4,58.4,4.6,6.3,1,90,0,0,2,Internship,2.34,Tier 2
STU04936,Ashish Chopra,20,Female,2022,Figma Designer,70.0,47.6,41.8,64.8,5.5,5.4,4,150,0,0,0,Job,4.76,Tier 3
STU04937,Neha Trivedi,20,Male,2023,Figma Designer,71.6,72.5,68.8,75.0,3.8,5.7,0,116,2,1,0,Job,5.73,Tier 2
STU04938,Tanvi Desai,26,Female,2023,DevOps,79.7,77.6,70.8,75.2,5.3,7.6,4,221,1,0,0,Job,7.38,Tier 2
STU04939,Sara Shah,27,Male,2024,QA,70.9,64.8,51.0,44.3,5.0,4.3,4,160,2,0,0,Internship,2.28,Tier 3
STU04940,Zara Chawla,23,Female,2024,Cybersecurity,57.1,49.5,33.4,46.5,4.4,5.3,1,64,1,0,2,No Job,0.0,Not Placed
STU04941,Ruchi Joshi,25,Female,2024,MERN,56.8,35.0,32.2,37.2,3.2,4.9,2,88,2,0,1,No Job,0.0,Not Placed
STU04942,Zara Malhotra,27,Male,2023,Data Science,75.6,67.9,79.5,64.2,7.0,5.3,1,155,1,0,0,No Job,0.0,Not Placed
STU04943,Prateek Kumar,19,Female,2023,Data Science,98.2,100.0,100.0,96.7,8.9,8.0,3,252,4,1,0,Internship,1.55,Tier 3
STU04944,Tanvi Kaur,26,Female,2023,QA,71.7,54.8,41.6,66.0,5.8,5.5,0,74,1,0,0,Internship,1.53,Tier 2
STU04945,Anjali Chopra,27,Female,2023,Cybersecurity,62.7,53.0,50.9,63.6,5.1,5.9,4,190,0,0,0,Job,7.64,Tier 2
STU04946,Karishma Varma,27,Female,2022,Cybersecurity,72.0,80.4,72.0,65.5,6.1,7.7,3,178,2,1,0,Internship,0.95,Tier 2
STU04947,Jyoti Singh,25,Male,2023,Data Science,42.1,22.1,20.0,23.5,1.8,2.5,2,38,2,0,1,No Job,0.0,Not Placed
STU04948,Anand Shukla,21,Male,2022,Cybersecurity,77.2,72.3,62.9,67.6,5.9,5.5,3,177,1,1,0,Job,6.93,Tier 2
STU04949,Simran Nair,23,Female,2024,QA,82.2,70.7,70.2,71.9,5.3,7.0,1,98,2,1,0,Job,5.58,Tier 2
STU04950,Kavya Roy,20,Male,2024,QA,64.5,49.7,35.6,53.6,3.8,5.2,0,49,1,0,1,Internship,1.49,Tier 2
STU04951,Surbhi Ghosh,21,Female,2022,Data Science,64.5,55.2,56.3,48.5,2.9,5.2,1,60,0,1,2,No Job,0.0,Not Placed
STU04952,Vikas Gupta,25,Female,2022,Cybersecurity,61.2,34.4,31.7,24.3,3.7,3.9,0,27,0,0,1,No Job,0.0,Not Placed
STU04953,Isha Goyal,19,Male,2024,Data Science,78.0,71.9,76.9,66.5,6.3,6.3,0,125,1,0,0,Job,7.71,Tier 2
STU04954,Sonam Desai,21,Female,2023,Cybersecurity,50.9,39.0,43.0,23.1,4.3,5.0,1,46,4,0,1,No Job,0.0,Not Placed
STU04955,Isha Patel,23,Female,2024,Cybersecurity,68.8,53.8,55.4,45.3,5.3,6.4,3,163,1,1,0,Job,7.24,Tier 2
STU04956,Rohit Kapoor,22,Male,2023,Data Science,47.1,23.5,23.7,43.6,2.1,3.7,4,96,1,0,2,No Job,0.0,Not Placed
STU04957,Nikhil Kapoor,21,Male,2024,QA,73.2,69.7,75.5,69.6,6.6,5.4,2,215,3,0,0,No Job,0.0,Not Placed
STU04958,Rahul Dixit,24,Female,2024,Data Science,61.7,38.6,36.1,42.8,6.4,3.8,3,73,4,0,0,Job,6.11,Tier 2
STU04959,Amar Gandhi,24,Female,2022,QA,66.4,65.2,63.1,65.9,5.6,7.0,0,105,0,0,0,No Job,0.0,Not Placed
STU04960,Prachi Joshi,22,Female,2022,MERN,60.9,50.9,44.4,49.2,4.5,5.4,2,105,0,1,0,Internship,1.86,Tier 3
STU04961,Neha Chopra,27,Male,2023,Cybersecurity,58.3,46.0,42.1,45.6,3.4,4.3,5,137,2,0,2,No Job,0.0,Not Placed
STU04962,Anish Desai,24,Male,2024,Figma Designer,50.6,30.4,29.2,23.3,3.3,2.5,1,76,1,0,2,No Job,0.0,Not Placed
STU04963,Yogesh Tiwari,27,Female,2022,MERN,85.6,70.7,73.1,78.9,5.5,7.5,1,93,1,1,1,Internship,1.68,Tier 2
STU04964,Prateek Dubey,20,Male,2023,DevOps,62.6,49.0,47.2,41.6,4.3,4.3,0,91,3,0,0,Job,6.72,Tier 2
STU04965,Ankita Dixit,24,Male,2023,DevOps,78.6,61.0,54.0,45.1,6.4,5.2,0,75,1,1,1,Job,7.61,Tier 2
STU04966,Dev Malhotra,22,Male,2024,Data Science,49.7,26.2,20.0,25.9,4.8,4.4,0,25,0,0,2,No Job,0.0,Not Placed
STU04967,Anjali Sharma,20,Male,2024,Cybersecurity,70.1,51.6,53.9,50.7,4.9,4.1,2,114,1,0,0,Job,7.42,Tier 2
STU04968,Karishma Mehta,23,Male,2023,QA,68.3,60.6,49.0,62.4,5.2,4.2,2,116,3,1,0,No Job,0.0,Not Placed
STU04969,Rohan Sinha,21,Male,2022,Figma Designer,46.9,26.6,32.3,29.8,3.6,3.6,2,107,0,0,2,No Job,0.0,Not Placed
STU04970,Nandini Srivastava,24,Female,2022,QA,50.2,42.0,39.0,49.6,2.4,5.7,1,85,3,0,0,Job,3.69,Tier 3
STU04971,Aarav Batra,26,Male,2023,DevOps,82.8,84.7,90.5,69.4,6.4,9.0,0,162,4,1,0,Job,7.92,Tier 2
STU04972,Harsh Dutta,22,Male,2023,Cybersecurity,70.5,49.0,29.6,50.4,5.3,4.9,1,55,1,0,1,Internship,2.0,Tier 3
STU04973,Jyoti Gandhi,22,Male,2023,QA,76.7,71.0,75.2,70.2,6.7,7.8,2,141,1,0,0,Internship,0.96,Tier 2
STU04974,Mihir Rao,23,Female,2024,DevOps,68.0,57.7,60.2,54.2,5.2,6.1,3,104,0,0,1,Internship,2.25,Tier 3
STU04975,Uma Varma,24,Female,2023,Data Science,71.0,59.4,60.8,53.7,3.8,6.8,0,111,0,0,0,Job,7.39,Tier 2
STU04976,Sara Batra,25,Male,2024,DevOps,74.9,66.9,55.0,56.1,4.0,5.8,0,69,2,1,2,No Job,0.0,Not Placed
STU04977,Mihir Goyal,24,Male,2022,QA,74.6,52.9,44.6,55.3,3.4,5.5,4,113,0,1,0,No Job,0.0,Not Placed
STU04978,Amit Kaur,25,Female,2022,Cybersecurity,57.1,49.3,45.2,44.5,3.3,5.0,1,75,3,0,1,No Job,0.0,Not Placed
STU04979,Sonam Dubey,27,Female,2023,Cybersecurity,58.7,37.8,29.4,25.9,3.3,4.6,0,36,1,0,0,No Job,0.0,Not Placed
STU04980,Nandini Reddy,22,Male,2023,Data Science,61.7,58.1,41.0,47.2,5.5,4.6,0,47,4,1,1,No Job,0.0,Not Placed
STU04981,Nikhil Patel,19,Male,2023,Figma Designer,74.8,73.6,69.2,68.4,5.2,7.1,3,161,4,0,0,Job,7.33,Tier 2
STU04982,Pooja Sinha,27,Female,2024,MERN,52.6,40.6,30.9,41.0,2.6,3.5,2,69,2,0,1,No Job,0.0,Not Placed
STU04983,Ankita Chawla,25,Female,2023,Cybersecurity,71.1,47.3,53.2,48.7,5.1,5.3,0,83,1,0,3,No Job,0.0,Not Placed
STU04984,Naman Sinha,22,Female,2023,Data Science,45.9,39.1,27.6,27.6,3.3,3.5,0,0,1,0,1,No Job,0.0,Not Placed
STU04985,Vidya Mehta,26,Male,2024,Data Science,61.4,40.1,45.8,35.6,4.6,6.0,0,69,4,0,0,Internship,1.08,Tier 3
STU04986,Vanshika Desai,25,Male,2023,QA,66.2,53.7,46.9,52.1,4.8,6.2,1,111,2,0,0,Internship,1.79,Tier 3
STU04987,Varun Roy,20,Male,2022,Figma Designer,78.9,69.5,87.5,67.2,7.7,6.1,2,218,1,1,1,No Job,0.0,Not Placed
STU04988,Vinay Gandhi,19,Male,2022,MERN,82.6,80.2,87.7,65.9,7.3,6.5,1,168,3,1,0,Job,8.12,Tier 1
STU04989,Naman Sharma,27,Female,2024,Data Science,49.3,26.3,22.9,26.1,1.8,3.1,0,0,0,0,3,No Job,0.0,Not Placed
STU04990,Shivam Kumar,25,Male,2024,MERN,44.4,20.0,21.3,24.3,2.6,3.8,1,51,3,0,1,No Job,0.0,Not Placed
STU04991,Kunal Gupta,19,Female,2022,Data Science,63.0,53.1,50.0,48.3,4.9,3.1,0,101,0,0,0,No Job,0.0,Not Placed
STU04992,Abhinav Gandhi,22,Male,2023,Data Science,72.5,70.3,54.8,65.5,5.9,6.4,0,138,2,0,0,Job,6.92,Tier 2
STU04993,Harsha Patel,23,Male,2024,QA,42.7,21.7,20.0,28.2,4.0,2.4,2,81,2,0,1,No Job,0.0,Not Placed
STU04994,Zara Nair,23,Female,2024,Figma Designer,61.6,47.5,47.1,36.5,5.6,4.3,1,114,1,0,0,Internship,1.43,Tier 3
STU04995,Nitin Mishra,23,Female,2023,Data Science,75.2,70.2,69.3,62.2,7.2,6.8,1,136,1,0,0,Internship,2.45,Tier 3
STU04996,Arjun Rao,21,Other,2024,DevOps,88.7,88.3,80.6,85.0,6.3,7.9,1,146,1,1,0,Job,7.38,Tier 2
STU04997,Vanshika Ghosh,23,Male,2023,MERN,57.0,49.3,36.1,54.7,5.6,4.8,0,50,2,0,2,No Job,0.0,Not Placed
STU04998,Isha Joshi,22,Male,2022,Data Science,51.0,22.1,23.1,34.4,3.7,3.6,1,0,2,0,1,No Job,0.0,Not Placed
STU04999,Komal Dutta,23,Male,2022,Data Science,78.3,66.3,66.2,72.5,6.4,5.2,2,129,1,1,0,Job,8.37,Tier 1
STU05000,Uday Desai,25,Male,2023,DevOps,62.0,32.5,32.8,40.1,2.4,4.0,1,81,1,0,0,No Job,0.0,Not Placed
