CustomerID,Recency,Frequency,Monetary,PurchaseProbability,Segment
14911.0,3,112,81977.68000000001,0.999999993043476, High Likelihood
14646.0,3,42,178302.62,0.999999987504642, High Likelihood
14156.0,3,42,98858.34,0.9999996338435067, High Likelihood
12748.0,1,132,14107.75,0.9999991214330926, High Likelihood
18102.0,9,27,135450.75,0.999998115353319, High Likelihood
17841.0,2,81,23501.86,0.9999975382840449, High Likelihood
12415.0,9,15,102087.88,0.9999914436226748, High Likelihood
13089.0,10,71,43324.49,0.9999796444314402, High Likelihood
15311.0,4,65,46155.48,0.9999651495910808, High Likelihood
14298.0,9,37,41182.51,0.9999587437521014, High Likelihood
14606.0,4,71,9564.19,0.9999320274167451, High Likelihood
17450.0,5,23,86461.54,0.9999159896024781, High Likelihood
17511.0,4,21,59375.75,0.9999101019600017, High Likelihood
13694.0,17,39,45911.64,0.9994042108474762, High Likelihood
15039.0,2,38,18513.8,0.9993963296927384, High Likelihood
16029.0,4,52,54304.14,0.9993956587467677, High Likelihood
13798.0,3,42,29161.14,0.9979799672945763, High Likelihood
17949.0,3,33,48209.2,0.9975695190218016, High Likelihood
13408.0,10,41,17836.68,0.997487255938749, High Likelihood
15061.0,38,37,36575.0,0.9972300834946614, High Likelihood
14527.0,9,40,5281.42,0.9969852838113773, High Likelihood
14796.0,5,14,6593.37,0.9966463752854561, High Likelihood
17735.0,4,16,11091.24,0.9964968412479146, High Likelihood
16033.0,18,16,5878.3,0.9960942446598596, High Likelihood
16422.0,10,39,29117.7,0.9959554844401586, High Likelihood
18118.0,2,19,4241.69,0.9959398321129523, High Likelihood
15005.0,6,20,4522.5,0.9953869491600416, High Likelihood
14680.0,5,14,25422.56,0.9951816217181141, High Likelihood
14667.0,5,18,6071.02,0.9951583058468333, High Likelihood
13081.0,54,8,18870.12,0.9947948320814226, High Likelihood
15769.0,12,19,41863.72,0.9946594830857345, High Likelihood
12971.0,2,64,8165.320000000001,0.9945956518957363, High Likelihood
15856.0,5,17,11441.94,0.9943504579407081, High Likelihood
17675.0,11,23,14074.19,0.9941424380816783, High Likelihood
16931.0,13,14,2918.8,0.9941249563141192, High Likelihood
16904.0,5,14,3049.07,0.9938549422819148, High Likelihood
13069.0,10,20,3874.7,0.9932613591874146, High Likelihood
17811.0,2,24,4864.16,0.9924998687269698, High Likelihood
13319.0,2,19,7390.47,0.9924124248776953, High Likelihood
14769.0,18,6,6487.94,0.9923087507226216, High Likelihood
17315.0,10,30,4369.04,0.9921357185097865, High Likelihood
17611.0,34,9,2724.25,0.9921009850622042, High Likelihood
13468.0,3,29,4739.02,0.9920233218037819, High Likelihood
12921.0,8,24,10083.47,0.9917985499213283, High Likelihood
13263.0,18,23,4870.68,0.9917564868298469, High Likelihood
17428.0,21,20,10661.09,0.991687241285611, High Likelihood
16013.0,9,35,23409.34,0.9912751324556789, High Likelihood
15719.0,10,11,4068.67,0.990734467470507, High Likelihood
14534.0,6,14,3035.69,0.9906181295044112, High Likelihood
12540.0,2,11,9246.86,0.9903516672023631, High Likelihood
13098.0,4,18,15169.46,0.9899608041506638, High Likelihood
16558.0,2,14,4685.17,0.989372189890994, High Likelihood
15358.0,31,15,5639.81,0.9893501803121203, High Likelihood
15498.0,31,19,9126.37,0.9890826590132157, High Likelihood
15189.0,1,33,12635.77,0.9890072702567553, High Likelihood
15867.0,23,12,2949.91,0.9889084078750718, High Likelihood
12720.0,4,17,3689.84,0.9886039438948339, High Likelihood
13668.0,23,16,4934.87,0.9883806287346059, High Likelihood
12682.0,11,20,8219.92,0.9883411548200525, High Likelihood
17677.0,10,20,11684.35,0.9881460491068977, High Likelihood
18041.0,14,16,3084.13,0.9877681844730377, High Likelihood
17576.0,9,14,2306.95,0.9876495142540682, High Likelihood
17961.0,34,31,1179.62,0.987453415255931, High Likelihood
12621.0,10,15,10195.04,0.9872303667108726, High Likelihood
14180.0,1,22,4258.92,0.987227270068977, High Likelihood
16525.0,9,21,10372.35,0.9871800933703158, High Likelihood
13018.0,3,18,5075.71,0.9869536228404515, High Likelihood
15159.0,23,18,8969.97,0.9865743263404114, High Likelihood
17757.0,24,20,3320.4500000000003,0.9863352882136807, High Likelihood
15513.0,5,17,11352.14,0.9859239356021687, High Likelihood
18109.0,1,18,4851.12,0.9856987061396093, High Likelihood
17338.0,24,7,5207.02,0.9852566642376627, High Likelihood
14688.0,3,16,4207.62,0.984872158199458, High Likelihood
14415.0,8,9,3801.68,0.9848189953001163, High Likelihood
14056.0,17,17,5382.51,0.9848041986594047, High Likelihood
16241.0,6,10,1786.14,0.9845620700441515, High Likelihood
14051.0,2,16,9271.84,0.984552254810989, High Likelihood
16923.0,9,14,4921.51,0.9843660361495615, High Likelihood
14895.0,1,13,7974.79,0.9841035491274495, High Likelihood
14849.0,5,17,5784.53,0.9839912947804619, High Likelihood
17381.0,9,24,18261.65,0.9833531973031545, High Likelihood
13458.0,10,10,7678.42,0.9832125409695772, High Likelihood
14088.0,39,7,25507.89,0.9831818385414889, High Likelihood
12841.0,17,17,2851.44,0.9829156415622418, High Likelihood
16779.0,17,15,6394.7300000000005,0.9819558208154597, High Likelihood
14735.0,9,23,3595.71,0.9819339405753204, High Likelihood
13969.0,17,11,3911.35,0.9817474352643869, High Likelihood
13050.0,16,13,4509.74,0.9816934590646035, High Likelihood
17243.0,3,16,4454.16,0.9814141006696372, High Likelihood
15078.0,16,22,6702.59,0.9813318096692235, High Likelihood
15615.0,16,19,7367.85,0.9810234107742783, High Likelihood
16684.0,43,18,33883.5,0.9806223487474794, High Likelihood
13230.0,48,12,2234.18,0.9804323257523668, High Likelihood
12471.0,17,19,11116.4,0.9803773993613962, High Likelihood
12681.0,62,15,9866.58,0.9802506313752452, High Likelihood
18229.0,4,14,5212.06,0.9795838192185811, High Likelihood
16839.0,20,22,10869.28,0.9791418671578218, High Likelihood
13534.0,18,21,4371.53,0.9789771335495289, High Likelihood
14505.0,19,6,4255.64,0.9786294204623867, High Likelihood
16814.0,19,16,5206.69,0.978312959574628, High Likelihood
15023.0,26,8,5110.32,0.9782173269580295, High Likelihood
13777.0,39,24,12360.24,0.9781841176936171, High Likelihood
14159.0,6,7,2759.89,0.9781158295351539, High Likelihood
12567.0,6,9,7849.98,0.9775635693057907, High Likelihood
16700.0,32,10,4095.95,0.9774018710308208, High Likelihood
13078.0,17,15,6917.150000000001,0.9772231676057748, High Likelihood
16746.0,11,12,4421.08,0.9771826254793734, High Likelihood
13004.0,24,12,3785.09,0.9768497197570323, High Likelihood
13488.0,31,9,6596.38,0.9766946890489634, High Likelihood
16133.0,11,23,10619.27,0.9766558729975554, High Likelihood
17865.0,18,12,7017.34,0.9759402463554029, High Likelihood
16686.0,8,6,2479.71,0.9757083408233264, High Likelihood
13199.0,2,22,4740.16,0.9756642962052849, High Likelihood
15640.0,32,11,8919.34,0.9754349925058295, High Likelihood
14189.0,6,11,3267.92,0.9753873581605506, High Likelihood
16713.0,26,11,3970.77,0.9753000959914403, High Likelihood
13767.0,19,28,9676.37,0.975251188559233, High Likelihood
17954.0,33,10,1890.21,0.9752059649595568, High Likelihood
13113.0,24,20,10787.06,0.9750949293401234, High Likelihood
17581.0,20,17,6522.29,0.9748356699190778, High Likelihood
16745.0,8,16,6372.7,0.9748128116972742, High Likelihood
13576.0,7,13,4840.9400000000005,0.9745944996987561, High Likelihood
17068.0,5,16,3539.29,0.9744676985014227, High Likelihood
16843.0,4,13,8809.24,0.9743260527758553, High Likelihood
17965.0,2,12,2271.04,0.97421555562031, High Likelihood
17975.0,25,11,3956.0,0.9739288965128919, High Likelihood
15738.0,7,13,3853.4500000000003,0.9734515818052882, High Likelihood
15044.0,46,13,5202.28,0.9732315505988081, High Likelihood
17389.0,6,25,9504.08,0.9732071503689238, High Likelihood
17220.0,9,10,2294.98,0.9726057972072045, High Likelihood
13854.0,2,20,6469.16,0.9724289906539357, High Likelihood
14733.0,21,11,9044.2,0.9721416959420147, High Likelihood
13418.0,9,15,4744.13,0.97115448490604, High Likelihood
15547.0,20,8,2770.71,0.9709716430830843, High Likelihood
14085.0,51,12,3248.19,0.9704367248229284, High Likelihood
15601.0,33,11,5585.46,0.9700464334021838, High Likelihood
12683.0,3,12,6622.19,0.9691724483324524, High Likelihood
13102.0,44,19,4961.7,0.9681720849138503, High Likelihood
14800.0,20,9,3840.44,0.9681697976868285, High Likelihood
13871.0,2,9,4612.64,0.9680903704680761, High Likelihood
14057.0,11,13,4811.98,0.9670679466127036, High Likelihood
12709.0,6,11,7230.79,0.9669857721365303, High Likelihood
17706.0,10,12,8027.5,0.9667770412690315, High Likelihood
14060.0,18,14,4102.78,0.9662527590421512, High Likelihood
15555.0,14,10,2819.94,0.9655714889233948, High Likelihood
16928.0,4,15,2403.55,0.9653016238845261, High Likelihood
13001.0,68,11,8615.42,0.9647500847055275, High Likelihood
16523.0,6,13,5245.95,0.9646281285183912, High Likelihood
15356.0,15,8,2279.64,0.9643505026821247, High Likelihood
15529.0,53,8,2399.08,0.9643462731773456, High Likelihood
13097.0,33,8,4643.71,0.9639965060416162, High Likelihood
17337.0,61,4,2027.8700000000001,0.9636209071331435, High Likelihood
18283.0,6,10,1120.67,0.9630347843605439, High Likelihood
17231.0,36,7,1938.72,0.9625326090447253, High Likelihood
14194.0,16,12,5666.45,0.9625127224742942, High Likelihood
17799.0,9,9,2531.75,0.9623220943427524, High Likelihood
14099.0,30,8,2309.92,0.9622277154473179, High Likelihood
16168.0,5,18,2632.12,0.9617941125170633, High Likelihood
12474.0,9,13,4362.06,0.9617560180048309, High Likelihood
16945.0,9,13,3007.06,0.9612487232434712, High Likelihood
13881.0,6,11,9398.68,0.9610289132866796, High Likelihood
14031.0,36,13,9627.03,0.9608192577229142, High Likelihood
15827.0,24,13,1598.16,0.9603883796532702, High Likelihood
18223.0,7,11,4036.34,0.9599609420427747, High Likelihood
15249.0,2,11,5639.34,0.9594161188187408, High Likelihood
16161.0,50,12,3063.7,0.9593916209511469, High Likelihood
17920.0,15,9,2406.82,0.9577615710618882, High Likelihood
13267.0,2,15,3119.34,0.9570871708100442, High Likelihood
14217.0,10,10,1211.5,0.9566467854070015, High Likelihood
17690.0,12,11,3526.68,0.9565429774605873, High Likelihood
14092.0,10,10,2745.42,0.9559500799593038, High Likelihood
15194.0,37,11,4469.53,0.9558805246416168, High Likelihood
14810.0,14,10,1869.33,0.9549523409955356, High Likelihood
13999.0,6,9,2868.9700000000003,0.9547274676188355, High Likelihood
16145.0,10,8,2600.31,0.9547097124021297, High Likelihood
16011.0,2,12,2195.41,0.9544774630634749, High Likelihood
16722.0,10,10,3656.58,0.9543693329089612, High Likelihood
12931.0,12,11,32530.7,0.9540428869164673, High Likelihood
15838.0,19,12,14153.5,0.9538296984266721, High Likelihood
12583.0,17,9,4232.21,0.9532926571998853, High Likelihood
18198.0,11,14,4427.39,0.9524306524907021, High Likelihood
12731.0,54,8,11324.25,0.9523417949987106, High Likelihood
17238.0,46,11,1959.92,0.9517743963075707, High Likelihood
16767.0,4,7,4825.5,0.9515674172772047, High Likelihood
14560.0,5,15,1565.2,0.9514213549596916, High Likelihood
14709.0,4,9,3952.7400000000002,0.9508960298541034, High Likelihood
14472.0,14,8,1936.84,0.9507968415651281, High Likelihood
15046.0,7,11,3984.5299999999997,0.9506630531404455, High Likelihood
15727.0,17,6,4609.29,0.9506253386822324, High Likelihood
17404.0,33,10,21004.3,0.9504694848282114, High Likelihood
17306.0,10,15,6700.06,0.9502296272565033, High Likelihood
12867.0,6,6,3025.74,0.9499370474579164, High Likelihood
16729.0,9,17,5363.43,0.9494124772789093, High Likelihood
12712.0,17,11,3913.08,0.9491820517091102, High Likelihood
18172.0,9,11,5635.28,0.9485344389210429, High Likelihood
15752.0,3,6,2104.15,0.948287138439366, High Likelihood
14040.0,4,10,2748.31,0.948025117343744, High Likelihood
15301.0,24,9,3747.8,0.9478056328961456, High Likelihood
16353.0,2,14,3467.81,0.9471885489125682, High Likelihood
15290.0,14,12,3392.5899999999997,0.946350591490208, High Likelihood
14713.0,9,9,2029.61,0.9460406591855326, High Likelihood
16701.0,40,10,4050.42,0.9457674591730362, High Likelihood
15125.0,23,12,10795.48,0.9448350151233692, High Likelihood
17001.0,2,8,2793.49,0.944825762663671, High Likelihood
17139.0,33,7,6851.82,0.9448162824892475, High Likelihood
14711.0,1,9,2365.42,0.9446026867440572, High Likelihood
16705.0,9,10,9780.35,0.9424596863071334, High Likelihood
16656.0,6,11,7116.68,0.942452383062398, High Likelihood
15271.0,5,10,1596.62,0.9414887704126399, High Likelihood
17634.0,2,7,2080.45,0.9414241671140656, High Likelihood
15570.0,52,9,2826.68,0.9414099547051807, High Likelihood
16187.0,9,12,5395.7,0.941300128957436, High Likelihood
18226.0,31,9,4251.03,0.9412766456560233, High Likelihood
17613.0,28,9,2991.29,0.9407469639776996, High Likelihood
14367.0,48,10,5448.45,0.9403416867508334, High Likelihood
12678.0,11,9,8282.26,0.9401971623237971, High Likelihood
12753.0,46,5,16620.91,0.9400847519839816, High Likelihood
14062.0,2,10,8800.67,0.939471295584472, High Likelihood
14462.0,31,9,1534.1,0.9393964555296234, High Likelihood
12428.0,30,8,7548.12,0.9389409276087892, High Likelihood
15939.0,17,14,5860.25,0.9385616380803841, High Likelihood
15805.0,16,11,3568.0,0.9380410382365855, High Likelihood
16458.0,16,11,2151.5,0.937991129549182, High Likelihood
13137.0,3,5,1931.04,0.936618181860483, High Likelihood
15984.0,11,7,1848.76,0.9362776738297082, High Likelihood
15251.0,1,8,9695.82,0.9359403940057364, High Likelihood
12431.0,29,11,4874.57,0.9358019746271875, High Likelihood
16393.0,4,9,1765.27,0.9355246028191073, High Likelihood
17857.0,9,14,14254.52,0.9354928786665875, High Likelihood
14755.0,23,7,2867.6800000000003,0.9354770220718911, High Likelihood
16672.0,9,17,6911.84,0.9353138187774471, High Likelihood
14543.0,19,13,3265.1,0.9351857755426635, High Likelihood
17346.0,13,8,1266.21,0.9345741996343967, High Likelihood
14702.0,27,9,1687.7,0.9338967597934187, High Likelihood
13013.0,3,9,3686.09,0.9337446594807942, High Likelihood
13571.0,3,7,1083.83,0.9336479449360608, High Likelihood
16670.0,16,8,3239.9700000000003,0.9335185721929365, High Likelihood
12637.0,2,7,5663.5,0.9334763438495882, High Likelihood
14525.0,10,7,2926.14,0.9333316186407618, High Likelihood
14243.0,5,8,2305.95,0.9333090046016919, High Likelihood
14334.0,4,7,2328.71,0.932930828574784, High Likelihood
12662.0,17,7,2653.66,0.9315444307532842, High Likelihood
12839.0,2,9,3097.39,0.9304053815108098, High Likelihood
14410.0,2,9,1105.07,0.9303379297234717, High Likelihood
17340.0,30,7,7593.65,0.9276180633088636, High Likelihood
13451.0,36,4,2463.39,0.9274320778785601, High Likelihood
16607.0,38,10,2267.58,0.9259458105748644, High Likelihood
15465.0,49,15,5992.129999999999,0.9255828100305797, High Likelihood
17719.0,16,12,4477.4,0.9253897954638138, High Likelihood
12877.0,35,9,1059.23,0.9251825992450133, High Likelihood
12437.0,8,11,2811.41,0.9249672676888079, High Likelihood
13269.0,20,8,2981.45,0.9235348200585559, High Likelihood
14239.0,5,9,1880.89,0.9231229789831242, High Likelihood
13209.0,39,5,4156.08,0.9228428895776593, High Likelihood
16255.0,6,7,2182.79,0.922595713503066, High Likelihood
12417.0,17,7,2816.52,0.9225216459651796, High Likelihood
12423.0,11,7,1650.67,0.922463589998137, High Likelihood
13842.0,66,7,2165.27,0.9213935891602324, High Likelihood
14961.0,1,7,4917.93,0.9212556669360381, High Likelihood
18075.0,16,8,1957.75,0.9212020553088125, High Likelihood
16813.0,7,7,1187.64,0.9209758070800435, High Likelihood
15114.0,3,7,1678.97,0.9206971085752191, High Likelihood
14587.0,94,8,1473.53,0.9205124103357499, High Likelihood
15033.0,19,6,1629.1,0.9200490019997282, High Likelihood
12708.0,12,7,2031.77,0.9194597705461885, High Likelihood
14562.0,2,7,2339.88,0.9193317965055824, High Likelihood
13769.0,2,8,2176.62,0.9182638612842734, High Likelihood
15144.0,3,10,3560.84,0.9181478554863272, High Likelihood
18061.0,18,8,1793.51,0.917462806164791, High Likelihood
15974.0,5,6,2895.0099999999998,0.9170412802449663, High Likelihood
16712.0,5,8,2499.86,0.9169282293151484, High Likelihood
13090.0,46,9,4912.02,0.9167874677342295, High Likelihood
15373.0,26,9,1686.9,0.9162450712615103, High Likelihood
12472.0,49,5,4927.6,0.9156269976630996, High Likelihood
17050.0,6,6,3228.84,0.91547703366265, High Likelihood
15854.0,50,9,2393.69,0.9147207739902964, High Likelihood
12490.0,3,6,3552.59,0.9138084656065725, High Likelihood
13148.0,44,10,2789.87,0.9134612440053831, High Likelihood
13198.0,31,5,3009.18,0.9113332300289181, High Likelihood
16180.0,10,8,10254.18,0.9106496848018671, High Likelihood
14502.0,59,7,1176.01,0.9104674962770841, High Likelihood
16775.0,32,8,1174.55,0.9100216676264143, High Likelihood
16556.0,16,6,2556.37,0.9099318139856405, High Likelihood
15150.0,19,5,3569.62,0.9091774634211092, High Likelihood
13869.0,33,4,3104.95,0.9085407811370756, High Likelihood
13695.0,8,12,1767.07,0.9084767622658996, High Likelihood
13629.0,9,8,5718.36,0.907653457777214, High Likelihood
13880.0,55,8,1680.76,0.907343608518918, High Likelihood
17059.0,20,4,2250.1,0.9070103626230026, High Likelihood
17017.0,72,14,5431.28,0.9066596454476217, High Likelihood
15021.0,67,5,1119.08,0.906320777744065, High Likelihood
12766.0,59,5,4952.1900000000005,0.9063073881412912, High Likelihood
17716.0,5,7,4136.66,0.9056722342124808, High Likelihood
18225.0,23,7,2730.78,0.9056486744057209, High Likelihood
16210.0,9,11,11248.960000000001,0.9053658652183421, High Likelihood
17725.0,11,8,2507.12,0.9046954743157256, High Likelihood
12594.0,31,8,2529.9,0.903656743674964, High Likelihood
13178.0,43,8,4391.7300000000005,0.9031486862764795, High Likelihood
14388.0,1,6,2277.77,0.9030842532421395, High Likelihood
12779.0,100,7,2999.41,0.902777388106298, High Likelihood
15544.0,30,7,2772.37,0.9017995192960286, High Likelihood
14701.0,83,7,1958.28,0.9016264464114339, High Likelihood
16326.0,7,8,1537.97,0.9011721853608309, High Likelihood
17730.0,16,8,3055.77,0.9011031311675431, High Likelihood
13305.0,3,8,1471.25,0.900932096354145, High Likelihood
13742.0,72,10,2648.7200000000003,0.9007919664263527, High Likelihood
15298.0,3,7,3358.2200000000003,0.9002505023166472, High Likelihood
17419.0,54,8,2660.0,0.9000966023201501, High Likelihood
13094.0,40,10,1545.72,0.8999471269364667, High Likelihood
16265.0,21,7,4062.02,0.898584616673147, High Likelihood
14401.0,6,10,3079.38,0.8973558217273618, High Likelihood
14258.0,62,7,9386.32,0.8970942800391523, High Likelihood
16818.0,3,9,2528.47,0.8967719496928389, High Likelihood
16359.0,5,7,1411.23,0.8966149547669942, High Likelihood
13047.0,37,8,2682.01,0.895619822204815, High Likelihood
14659.0,56,6,1641.55,0.8951988836715847, High Likelihood
16638.0,9,9,1550.94,0.895194288219783, High Likelihood
17790.0,30,12,1363.51,0.8936931763427152, High Likelihood
12569.0,2,15,2167.68,0.8931787829538086, High Likelihood
15291.0,5,12,3685.02,0.8931211774339041, High Likelihood
12553.0,20,7,2419.59,0.8930255209720431, High Likelihood
16710.0,48,7,1843.89,0.8927695113979564, High Likelihood
16186.0,13,9,2696.53,0.8925519232662672, High Likelihood
16782.0,48,9,1642.3500000000001,0.8914152247401625, High Likelihood
16919.0,66,11,2596.45,0.8914104539644739, High Likelihood
16678.0,9,8,2137.3,0.8913132078525162, High Likelihood
17364.0,47,6,2633.81,0.8911858995117657, High Likelihood
16019.0,46,7,2952.25,0.8910568966632958, High Likelihood
17284.0,31,5,1494.1399999999999,0.8909543178188304, High Likelihood
17567.0,3,6,2925.45,0.8909207422159785, High Likelihood
14395.0,88,6,1966.22,0.8907963930878532, High Likelihood
12901.0,19,19,11639.470000000001,0.8901847390672302, High Likelihood
15218.0,27,8,3865.35,0.8892740644083141, High Likelihood
17858.0,26,9,3656.25,0.8892285943554571, High Likelihood
13700.0,3,8,1651.26,0.8891671066791932, High Likelihood
12600.0,23,8,1936.5600000000002,0.8883456008809787, High Likelihood
15379.0,79,7,3703.29,0.8878680866242836, High Likelihood
12476.0,51,6,3191.67,0.887852827144907, High Likelihood
16407.0,20,8,1529.62,0.8868991542356983, High Likelihood
15804.0,4,5,2554.84,0.8868464185507848, High Likelihood
12626.0,23,6,4774.0,0.8866454826742285, High Likelihood
14530.0,3,5,2546.12,0.8849624929818344, High Likelihood
13862.0,18,6,1781.3,0.8847964372416562, High Likelihood
12647.0,36,9,2886.71,0.8845638840714581, High Likelihood
17591.0,32,6,1863.17,0.8829479934217308, High Likelihood
15910.0,9,5,663.36,0.8827806160760735, High Likelihood
13327.0,23,7,2738.75,0.8818044720560888, High Likelihood
17848.0,38,8,821.5999999999999,0.8814562722015974, High Likelihood
14282.0,20,9,2495.44,0.880517358154266, High Likelihood
14903.0,35,4,2411.82,0.8804799093907127, High Likelihood
13756.0,3,8,2972.3300000000004,0.8802302243256145, High Likelihood
17091.0,8,7,2692.0,0.8798588193806154, High Likelihood
15260.0,10,7,1810.77,0.8793058711896815, High Likelihood
12744.0,55,5,14211.970000000001,0.8791782178068754, High Likelihood
14107.0,6,6,2461.94,0.879136204347957, High Likelihood
14210.0,16,6,1905.8400000000001,0.8785468888990242, High Likelihood
16553.0,73,12,5719.82,0.878472398105254, High Likelihood
13610.0,20,5,776.21,0.8780653473281484, High Likelihood
15998.0,82,3,2112.06,0.8780267233533321, High Likelihood
18260.0,83,6,2643.2000000000003,0.8778650916608809, High Likelihood
15410.0,9,7,3089.4100000000003,0.8776502265925282, High Likelihood
15521.0,5,7,2326.7799999999997,0.8774851405060168, High Likelihood
17491.0,6,6,2118.11,0.8773699259360795, High Likelihood
12395.0,22,8,1899.57,0.8771189952953211, High Likelihood
15059.0,17,7,1008.6,0.8768652880161399, High Likelihood
18144.0,20,9,2165.55,0.8761099328867377, High Likelihood
17416.0,20,5,5294.49,0.8760912652608658, High Likelihood
15058.0,35,7,1245.66,0.8755905185240902, High Likelihood
15491.0,5,6,3100.09,0.8751807807773618, High Likelihood
14329.0,19,4,3485.03,0.8747873380604567, High Likelihood
15932.0,18,6,1885.95,0.8731715936021838, High Likelihood
13599.0,67,8,2313.84,0.8721598691350618, High Likelihood
12714.0,17,4,3389.7,0.8714873683540063, High Likelihood
14825.0,38,7,1339.3700000000001,0.8713516430575531, High Likelihood
13784.0,5,9,2124.15,0.8710594448957879, High Likelihood
13266.0,23,8,2535.58,0.8709049874897227, High Likelihood
13184.0,41,9,1504.44,0.870454022144789, High Likelihood
13268.0,80,6,2150.25,0.8703850921987342, High Likelihood
13082.0,36,9,3613.63,0.8690520413960338, High Likelihood
12477.0,11,3,8834.03,0.868654043012648, High Likelihood
15281.0,47,8,2191.78,0.8681523937256281, High Likelihood
12502.0,6,5,3723.87,0.8680672765222036, High Likelihood
12705.0,68,4,4162.52,0.8670502168986021, High Likelihood
17530.0,116,6,1367.86,0.8663790253824193, High Likelihood
13993.0,11,6,2247.41,0.866339295188839, High Likelihood
13491.0,58,9,1088.45,0.8663257103780656, High Likelihood
16115.0,27,5,931.68,0.8659251668689081, High Likelihood
17400.0,36,5,2129.96,0.8657176115857481, High Likelihood
12484.0,11,4,3663.15,0.8652855720903706, High Likelihood
15606.0,29,8,2439.38,0.8652244504191098, High Likelihood
14573.0,90,9,1653.42,0.8644048171477775, High Likelihood
15235.0,128,12,2247.51,0.8638233503297996, High Likelihood
12747.0,20,8,2769.4,0.8634745479156417, High Likelihood
16592.0,47,10,2214.33,0.8632432004535784, High Likelihood
16550.0,19,5,2298.97,0.8623551005410772, High Likelihood
12481.0,90,8,4101.76,0.8612868795998175, High Likelihood
15708.0,49,6,2700.43,0.8612370279014937, High Likelihood
13117.0,32,7,841.77,0.8611324768690243, High Likelihood
13911.0,54,8,2437.63,0.8610696636949077, High Likelihood
12523.0,18,7,1017.75,0.8607956522277266, High Likelihood
12727.0,5,6,3337.7,0.8605944391910225, High Likelihood
14776.0,15,8,1862.22,0.860450460260037, High Likelihood
17114.0,49,6,603.59,0.8602265273368402, High Likelihood
17593.0,2,4,3249.14,0.8599380466082006, High Likelihood
14221.0,23,7,2617.0099999999998,0.8593152434528106, High Likelihood
17800.0,1,7,916.6,0.8589325706024344, High Likelihood
12989.0,68,8,4469.14,0.8582532588853046, High Likelihood
15129.0,17,10,2796.73,0.8579657742948191, High Likelihood
14135.0,15,10,3190.32,0.8578171266548631, High Likelihood
14078.0,12,6,1049.37,0.8578083550435155, High Likelihood
17585.0,19,4,1133.07,0.8569680925312492, High Likelihood
17377.0,36,9,2045.38,0.8566627547693035, High Likelihood
13971.0,16,6,1985.9,0.8564202573296115, High Likelihood
18219.0,59,8,1367.13,0.8543508394960889, High Likelihood
17612.0,5,5,1682.94,0.853990204140029, High Likelihood
16401.0,42,7,2455.42,0.8536040277931098, High Likelihood
14944.0,5,7,3164.19,0.8531938313022889, High Likelihood
14572.0,20,5,2089.44,0.8529481578302031, High Likelihood
17442.0,4,5,1921.69,0.8513955414788982, High Likelihood
13983.0,97,8,1681.06,0.8513383191788902, High Likelihood
14016.0,72,4,4341.21,0.8510013707209158, High Likelihood
14426.0,51,6,2885.58,0.8501852747913282, High Likelihood
16477.0,42,6,1999.26,0.8500762561683022, High Likelihood
13975.0,38,4,1497.71,0.8497346481712472, High Likelihood
17061.0,21,10,4658.83,0.8488137484995819, High Likelihood
17809.0,39,8,2856.71,0.8487771437016571, High Likelihood
16316.0,67,7,2212.81,0.8481566664900139, High Likelihood
18077.0,14,7,1670.94,0.8480955865477865, High Likelihood
17372.0,76,6,1061.13,0.8466768070825494, High Likelihood
15860.0,9,6,767.14,0.845315121944408, High Likelihood
16983.0,7,5,1190.3,0.8447482911356753, High Likelihood
17365.0,80,5,2371.01,0.8442743547478682, High Likelihood
17686.0,31,5,4589.35,0.8435983351430363, High Likelihood
18055.0,38,7,3672.86,0.8435492443080255, High Likelihood
15981.0,48,6,2458.2,0.8432422668784728, High Likelihood
16456.0,9,5,2158.37,0.8431198275855304, High Likelihood
17659.0,10,9,1653.03,0.8420053244602331, High Likelihood
16743.0,23,6,1885.8600000000001,0.8410057105053121, High Likelihood
12524.0,72,6,3122.48,0.8409263236307297, High Likelihood
17422.0,3,5,1698.97,0.8407860001801691, High Likelihood
16098.0,38,6,1712.49,0.8403500486296062, High Likelihood
14030.0,31,6,1657.5,0.8402629090280728, High Likelihood
15996.0,26,5,907.86,0.8394630734161749, High Likelihood
15632.0,32,6,2351.84,0.8389462727680976, High Likelihood
13552.0,34,9,2762.91,0.8383938143835846, High Likelihood
17191.0,5,6,1562.96,0.8379524011485365, High Likelihood
17107.0,65,3,6334.06,0.8376896123601012, High Likelihood
14049.0,69,3,3285.39,0.8375823066920832, High Likelihood
14083.0,36,7,548.92,0.8375348261736985, High Likelihood
17696.0,18,7,1915.5900000000001,0.8371174559328571, High Likelihood
13985.0,17,7,2773.04,0.8366137310793198, High Likelihood
14730.0,17,5,904.21,0.8360585172334218, High Likelihood
13901.0,18,4,2652.28,0.835446674704409, High Likelihood
15220.0,25,5,1284.05,0.8350772948567519, High Likelihood
17162.0,41,9,1463.66,0.8346709857272969, High Likelihood
14110.0,29,5,3259.62,0.8344825355813753, High Likelihood
14696.0,30,5,1458.54,0.8343004704015388, High Likelihood
12347.0,40,5,2790.86,0.8338283561087116, High Likelihood
15694.0,86,9,3305.78,0.8332551259747991, High Likelihood
14309.0,4,7,1633.7,0.8306557662908189, High Likelihood
15296.0,19,5,2599.49,0.8294338881962989, High Likelihood
13232.0,8,5,1048.3,0.8288795586140689, High Likelihood
12980.0,68,9,7374.900000000001,0.8279286961431376, High Likelihood
12947.0,54,6,1603.99,0.8275277409786865, High Likelihood
18168.0,86,6,1169.94,0.8275014741959483, High Likelihood
13394.0,26,5,1543.45,0.8273588402008698, High Likelihood
17644.0,30,7,1625.63,0.8273115084886784, High Likelihood
14565.0,6,4,3099.12,0.826567687387205, High Likelihood
17426.0,1,4,4280.59,0.8264611456309641, High Likelihood
15845.0,55,5,2526.76,0.8258344826273177, High Likelihood
18241.0,9,11,1349.58,0.8253579083291032, High Likelihood
16719.0,59,5,1286.43,0.8252611192596713, High Likelihood
15518.0,34,7,1624.76,0.8245222502213317, High Likelihood
13538.0,4,6,990.75,0.8239527354664471, High Likelihood
17774.0,7,4,1225.41,0.8228670323627392, High Likelihood
17449.0,5,4,1497.55,0.8222431928711468, High Likelihood
15628.0,8,5,1625.4,0.8221502388796167, High Likelihood
14408.0,5,6,2298.31,0.8218784438696491, High Likelihood
15502.0,34,5,5955.53,0.8213506924081351, High Likelihood
15241.0,37,6,1344.86,0.8208607567945292, High Likelihood
13183.0,11,6,2394.98,0.8208074629566362, High Likelihood
15093.0,27,5,4027.1,0.8204804109775403, High Likelihood
13340.0,16,5,9229.54,0.8197511795797403, High Likelihood
14404.0,19,5,1347.52,0.819723712941225, High Likelihood
17722.0,6,4,2424.04,0.8179989832715081, High Likelihood
16218.0,25,6,2635.48,0.817887064560765, High Likelihood
17894.0,6,7,996.75,0.8165020773082571, High Likelihood
14732.0,54,5,1618.3,0.8161027387558728, High Likelihood
13752.0,34,6,1186.28,0.8153695251775396, High Likelihood
17071.0,44,6,1402.42,0.8151069060454708, High Likelihood
17769.0,49,4,1828.73,0.8150947333203792, High Likelihood
16985.0,68,7,3578.54,0.8149192999242574, High Likelihood
15034.0,143,5,2664.83,0.8145672349177231, High Likelihood
15596.0,11,5,1406.59,0.8143988122857561, High Likelihood
17049.0,28,5,2606.65,0.8131430822109778, High Likelihood
15874.0,88,6,2207.75,0.8131307082115988, High Likelihood
16942.0,46,7,1449.14,0.8125243829674469, High Likelihood
14312.0,1,5,1047.19,0.8122314732207536, High Likelihood
17085.0,33,5,1566.65,0.8111277801637234, High Likelihood
12949.0,24,7,3449.42,0.8109385547466731, High Likelihood
17629.0,30,5,798.38,0.8108653367418931, High Likelihood
14307.0,45,4,2307.89,0.8107978213461244, High Likelihood
14344.0,37,8,889.9300000000001,0.8105817447052629, High Likelihood
16570.0,37,6,2134.07,0.8105276266621202, High Likelihood
12955.0,3,6,1843.36,0.8102162152516253, High Likelihood
12383.0,95,5,1850.56,0.808880557996798, High Likelihood
16333.0,9,18,15619.6,0.808513704933255, High Likelihood
15527.0,55,5,1330.79,0.8083660671641376, High Likelihood
15764.0,17,5,3276.62,0.8083220309506601, High Likelihood
18116.0,144,7,1254.47,0.8076908502046267, High Likelihood
14209.0,31,5,1876.33,0.807107318363834, High Likelihood
16873.0,37,4,3871.4700000000003,0.8070736373857171, High Likelihood
14291.0,31,7,2355.54,0.8062719355409276, High Likelihood
18230.0,4,5,2146.36,0.8043772859327621, High Likelihood
15187.0,2,6,1883.88,0.8042134844221562, High Likelihood
14541.0,79,7,1315.65,0.803851646201914, High Likelihood
17126.0,62,5,1004.75,0.803751331133001, High Likelihood
17652.0,54,6,2713.57,0.8029224299252791, High Likelihood
12483.0,9,6,1624.06,0.8028321486726595, High Likelihood
17512.0,31,8,1891.9,0.8022502102507888, High Likelihood
17682.0,25,5,1899.3500000000001,0.8018429157493879, High Likelihood
12868.0,96,6,1607.0600000000002,0.8016921615541974, High Likelihood
17705.0,17,6,968.0,0.8014083658958588, High Likelihood
14898.0,44,5,1011.3,0.800902572635539, High Likelihood
16791.0,32,5,800.27,0.8004744908670532, High Likelihood
13093.0,186,8,7832.47,0.8002480154904915, High Likelihood
14936.0,19,3,5072.88,0.7998718483272571, High Likelihood
18044.0,76,7,1105.53,0.7996558566935904, High Likelihood
15855.0,47,5,712.24,0.7992625449293911, High Likelihood
17504.0,116,9,2997.0299999999997,0.7978730701638725, High Likelihood
18069.0,90,3,993.87,0.7971873024804599, High Likelihood
14224.0,20,4,1050.12,0.7966465314246282, High Likelihood
17314.0,59,5,1506.92,0.7965908023509527, High Likelihood
13588.0,10,4,1420.72,0.7961044709814514, High Likelihood
16880.0,10,6,1109.02,0.7959238994633473, High Likelihood
17519.0,44,5,1488.0,0.7956283278196836, High Likelihood
15811.0,16,5,1773.8,0.7946925416568633, High Likelihood
14854.0,43,6,2301.63,0.7941996745577717, High Likelihood
14498.0,26,4,1281.79,0.7936211180675676, High Likelihood
14004.0,8,5,3203.26,0.7930575076138192, High Likelihood
14461.0,58,3,2103.06,0.7929578802270213, High Likelihood
17758.0,62,4,1436.2,0.7912779352586996, High Likelihood
14397.0,4,10,1036.12,0.7911376581631396, High Likelihood
15812.0,17,5,1801.14,0.7900220607710614, High Likelihood
15532.0,41,3,1225.79,0.789859294925512, High Likelihood
15002.0,26,4,1641.76,0.7891629608695786, High Likelihood
17402.0,12,8,1732.45,0.7889636581557563, High Likelihood
15955.0,17,8,2463.65,0.7881942431658231, High Likelihood
14583.0,54,4,787.64,0.7878228981724997, High Likelihood
18245.0,59,6,1672.81,0.7877524565785997, High Likelihood
16170.0,23,5,1560.6599999999999,0.7874778368637719, High Likelihood
13870.0,12,5,2179.4700000000003,0.7871977580931325, High Likelihood
17596.0,46,4,1738.73,0.787155257534681, High Likelihood
14364.0,19,8,3717.35,0.7870911752729408, High Likelihood
16327.0,109,4,2469.64,0.7868260496913707, High Likelihood
14257.0,33,4,2725.84,0.7859051700894435, High Likelihood
16626.0,23,7,2165.34,0.7857695738676431, High Likelihood
13709.0,12,5,2939.21,0.7856096827807569, High Likelihood
13426.0,93,5,1558.68,0.7851280803811647, High Likelihood
14191.0,18,7,2258.26,0.7848669603742704, High Likelihood
16293.0,2,6,1454.3300000000002,0.784708447184633, High Likelihood
17750.0,9,5,1271.46,0.784630519886371, High Likelihood
17870.0,2,7,749.97,0.7842152281144854, High Likelihood
13593.0,18,5,2037.0800000000002,0.7838826036560191, High Likelihood
14414.0,2,7,1496.98,0.7832294666444587, High Likelihood
13520.0,48,5,2947.98,0.7823989702930476, High Likelihood
14466.0,26,5,1580.45,0.781781910091298, High Likelihood
17236.0,89,5,697.73,0.7817676229477479, High Likelihood
14032.0,79,6,1845.37,0.7815521855406097, High Likelihood
16652.0,20,5,4525.87,0.7812451929800602, High Likelihood
13728.0,17,5,797.02,0.7810285952317081, High Likelihood
18092.0,30,8,5851.48,0.7807716407906692, High Likelihood
14390.0,54,4,1592.66,0.780735137778827, High Likelihood
12362.0,30,4,1747.35,0.7801961544391138, High Likelihood
16817.0,96,7,1179.43,0.7797554846395162, High Likelihood
14524.0,89,5,1052.72,0.7796876288893794, High Likelihood
16515.0,2,4,1250.3500000000001,0.7791391687814148, High Likelihood
13654.0,55,4,1714.27,0.7791322094524166, High Likelihood
16984.0,40,1,3226.13,0.7790738818113966, High Likelihood
17323.0,35,4,537.25,0.7779336629735707, High Likelihood
14878.0,84,6,1083.02,0.7771367064863494, High Likelihood
17211.0,90,6,1464.89,0.7770978726889728, High Likelihood
14852.0,6,5,2188.42,0.7762213974015252, High Likelihood
17787.0,63,4,1865.19,0.7752778827686674, High Likelihood
18231.0,102,5,2083.27,0.7747094066020268, High Likelihood
17460.0,4,6,622.4300000000001,0.7743335313458751, High Likelihood
16143.0,18,5,1949.3600000000001,0.7733743082844227, High Likelihood
17819.0,93,6,3468.47,0.7733252241598106, High Likelihood
15716.0,56,4,1118.81,0.7732572277357769, High Likelihood
14044.0,13,3,542.11,0.772702489333624, High Likelihood
14289.0,45,5,832.78,0.7720610350187863, High Likelihood
12500.0,17,6,1773.8400000000001,0.771501628109604, High Likelihood
13381.0,23,4,2461.33,0.7693374712653871, High Likelihood
13725.0,79,7,1865.7,0.7690943457210794, High Likelihood
16841.0,47,5,1561.06,0.7688991761009277, High Likelihood
12599.0,37,6,857.04,0.7685578017927505, High Likelihood
12433.0,1,3,6395.23,0.7683741010549094, High Likelihood
16503.0,17,4,1431.93,0.7681451654856867, High Likelihood
18178.0,39,4,1590.81,0.767923683803154, High Likelihood
16076.0,3,5,1357.98,0.7675593026720625, High Likelihood
13507.0,8,3,2022.79,0.7664987999534413, High Likelihood
12627.0,6,5,2727.83,0.765588106211533, High Likelihood
14407.0,17,6,2157.73,0.7653597528293525, High Likelihood
16059.0,74,4,951.3000000000001,0.7651462002589486, High Likelihood
15203.0,16,4,1328.32,0.7643103794564036, High Likelihood
18257.0,24,5,1562.8700000000001,0.7640092537517916, High Likelihood
13208.0,65,4,835.0699999999999,0.7635360187573322, High Likelihood
16466.0,13,5,1002.1800000000001,0.7631769446471329, High Likelihood
14907.0,9,5,2608.18,0.7629197158624468, High Likelihood
15416.0,65,3,3144.33,0.7626707599856895, High Likelihood
16755.0,24,3,1496.83,0.7625613952684037, High Likelihood
17997.0,2,6,1719.96,0.762465907031512, High Likelihood
13301.0,14,4,618.09,0.7619695652816645, High Likelihood
14841.0,89,4,2375.57,0.7612294281515801, High Likelihood
15152.0,23,6,2383.21,0.7601009210778424, High Likelihood
14232.0,25,4,1573.33,0.75943011700014, High Likelihood
16628.0,17,4,1619.8400000000001,0.7590256740234246, High Likelihood
12840.0,54,4,2726.77,0.7587539810226327, High Likelihood
16806.0,13,4,801.49,0.7583598912141762, High Likelihood
15796.0,19,5,1575.72,0.7581751576704033, High Likelihood
13437.0,9,4,2173.6,0.7572860333609, High Likelihood
16045.0,30,4,1340.7,0.7569187136057364, High Likelihood
12455.0,38,5,2176.36,0.7568849730827674, High Likelihood
13162.0,32,4,1688.29,0.7568788823247395, High Likelihood
12957.0,96,4,1715.29,0.7568608957409443, High Likelihood
15658.0,100,5,1024.1000000000001,0.7564877030730214, High Likelihood
17368.0,3,6,1635.67,0.7563573130505329, High Likelihood
13158.0,5,4,1201.06,0.7561908844146321, High Likelihood
16258.0,37,4,3741.06,0.7547726544995658, High Likelihood
16370.0,27,3,953.11,0.7544850512467959, High Likelihood
12726.0,95,5,1467.32,0.7544806609559476, High Likelihood
14211.0,7,6,1129.93,0.7527492643301428, High Likelihood
15065.0,75,3,2858.75,0.7520926185049736, High Likelihood
12359.0,100,3,3495.73,0.7520486966447195, High Likelihood
18073.0,24,12,3877.5200000000004,0.7511045300676249, High Likelihood
16455.0,5,6,1323.3799999999999,0.7508215196348036, High Likelihood
14766.0,78,4,1531.32,0.750638093492158, High Likelihood
13014.0,24,5,2022.48,0.7506161568087016, High Likelihood
13631.0,10,11,3070.42,0.7499538891322943, High Likelihood
12916.0,49,4,3006.15,0.7498322328777185, High Likelihood
15938.0,22,5,404.58,0.7496208026685942, High Likelihood
17027.0,89,4,655.88,0.7495471432759389, High Likelihood
13240.0,6,4,663.65,0.7489565475593145, High Likelihood
16655.0,41,3,1868.89,0.7489257521045777, High Likelihood
17042.0,31,4,922.8199999999999,0.7483567410744475, High Likelihood
12843.0,70,7,1692.31,0.7481511699804269, High Likelihood
14640.0,38,4,1501.06,0.7481440870518035, High Likelihood
15288.0,66,4,2006.3600000000001,0.7479893184550062, High Likelihood
15671.0,5,5,1972.89,0.7479857086932415, High Likelihood
16172.0,5,5,1140.21,0.7475787422877976, High Likelihood
13225.0,53,5,4299.56,0.7472069461984151, High Likelihood
13246.0,86,5,1860.99,0.7469722544973153, High Likelihood
17655.0,27,5,1903.3300000000002,0.7465497675953017, High Likelihood
12935.0,20,4,1535.34,0.7457974098688563, High Likelihood
15971.0,19,7,2109.45,0.744990080612985, High Likelihood
12576.0,6,4,936.55,0.7448472189590264, High Likelihood
18065.0,94,8,1412.15,0.7442946401337333, High Likelihood
18097.0,37,5,2011.4,0.7442792638259716, High Likelihood
17457.0,37,5,1737.7,0.743306710224654, High Likelihood
15987.0,31,6,1206.42,0.7432809563997016, High Likelihood
15140.0,26,5,1728.11,0.7429126142395729, High Likelihood
16609.0,45,5,2710.04,0.7429029307239827, High Likelihood
12757.0,53,7,5281.08,0.7426595815248915, High Likelihood
16668.0,27,5,266.52,0.7425808226999036, High Likelihood
12782.0,60,4,2078.67,0.7424298817278615, High Likelihood
13875.0,44,4,1424.8,0.7421453877391319, High Likelihood
12721.0,93,4,1698.91,0.7417445009928451, High Likelihood
15572.0,20,4,1555.29,0.7410665967161972, High Likelihood
16938.0,90,3,2410.75,0.7405413563118486, High Likelihood
13758.0,111,5,2351.52,0.7405371391315932, High Likelihood
16912.0,44,7,1558.38,0.7398597125451862, High Likelihood
14201.0,59,5,521.24,0.7397368080617815, High Likelihood
16027.0,2,6,934.62,0.7394423903193282, High Likelihood
16764.0,9,4,782.5500000000001,0.7393649552690921, High Likelihood
17994.0,32,4,678.49,0.738699257969379, High Likelihood
13630.0,16,5,1361.46,0.7385618250820926, High Likelihood
13527.0,15,4,1366.42,0.7381710129356418, High Likelihood
15581.0,31,13,3679.9700000000003,0.737919487854909, High Likelihood
18037.0,64,6,70.02,0.7378148362784648, High Likelihood
16434.0,6,4,906.34,0.737782975140437, High Likelihood
15038.0,98,4,517.45,0.7375370720739008, High Likelihood
17940.0,18,9,3914.44,0.73744539382382, High Likelihood
17589.0,61,3,1843.07,0.7370181868278207, High Likelihood
16175.0,4,4,1037.59,0.7368036663926653, High Likelihood
12378.0,40,1,4008.62,0.7367389958861185, High Likelihood
14341.0,40,6,1139.52,0.7365895853934169, High Likelihood
15493.0,60,3,1318.75,0.7354973642152034, High Likelihood
15622.0,107,5,2602.0,0.7351478073538659, High Likelihood
16891.0,6,3,560.14,0.7344429723297238, High Likelihood
16907.0,58,4,711.88,0.7341785715178358, High Likelihood
14315.0,39,5,1550.15,0.7338909924959928, High Likelihood
15641.0,15,4,1887.2,0.7336154586813716, High Likelihood
17160.0,19,5,3001.18,0.7335985405476041, High Likelihood
16156.0,62,5,1445.17,0.733477904399079, High Likelihood
17097.0,10,6,639.53,0.7329885769157016, High Likelihood
13717.0,39,4,955.99,0.7328065464285821, High Likelihood
15453.0,2,4,712.8,0.7326081512795014, High Likelihood
16348.0,38,4,775.14,0.732057724034807, High Likelihood
16249.0,23,4,1440.77,0.732017060519043, High Likelihood
14745.0,23,5,1220.26,0.7319749254155905, High Likelihood
14101.0,53,5,4944.389999999999,0.731538880716819, High Likelihood
17863.0,55,4,1785.28,0.7312607285771402, High Likelihood
12836.0,47,3,2112.53,0.7309824845012494, High Likelihood
17861.0,46,5,1301.57,0.7305526428485328, High Likelihood
15687.0,97,5,1679.45,0.7304057582129428, High Likelihood
13285.0,71,3,1970.1,0.7302968625135225, High Likelihood
16153.0,26,4,1023.54,0.7299787256545336, High Likelihood
17287.0,53,5,702.41,0.729610205121425, High Likelihood
14758.0,55,4,1484.06,0.7287581944760354, High Likelihood
17669.0,32,5,2433.22,0.7278681083057006, High Likelihood
15370.0,51,4,1513.46,0.7278240341975023, High Likelihood
12528.0,25,4,1287.37,0.7257337645744971, High Likelihood
15861.0,45,3,1130.0,0.7251416288002233, High Likelihood
18125.0,112,3,945.14,0.7237005324158802, High Likelihood
12601.0,100,5,577.0600000000001,0.7236849323506462, High Likelihood
14639.0,30,4,1989.23,0.7233545514921581, High Likelihood
18239.0,129,5,1561.6100000000001,0.7228144461272962, High Likelihood
12399.0,29,4,1108.65,0.7218331213470072, High Likelihood
14948.0,8,4,639.23,0.7216150098333601, High Likelihood
14535.0,37,2,1653.91,0.7211755665755634, High Likelihood
17470.0,37,4,816.47,0.7209732359194226, High Likelihood
16057.0,6,6,1544.23,0.7209290734072735, High Likelihood
12520.0,52,4,2045.85,0.7208347705770053, High Likelihood
16266.0,26,6,761.12,0.720393519069451, High Likelihood
14692.0,47,4,591.55,0.7201203267292973, High Likelihood
12517.0,36,2,1538.7,0.7200236076178692, High Likelihood
15304.0,75,6,491.90000000000003,0.720007823881744, High Likelihood
12388.0,58,4,1668.3400000000001,0.7199231452012682, High Likelihood
18171.0,9,4,994.3100000000001,0.71979949418424, High Likelihood
16794.0,18,4,628.5,0.7193844165011036, High Likelihood
15750.0,81,4,1109.83,0.7183358071704349, High Likelihood
14842.0,5,3,1901.52,0.7182652271128496, High Likelihood
14976.0,11,4,559.96,0.7175744493905689, High Likelihood
12449.0,2,3,2724.58,0.7170074654691497, High Likelihood
13334.0,101,2,2731.84,0.7163763157651514, High Likelihood
17293.0,29,5,867.03,0.7159544687548564, High Likelihood
13720.0,27,4,799.9,0.7155889620017457, High Likelihood
16419.0,23,6,972.23,0.7153908769575746, High Likelihood
15834.0,76,3,1791.82,0.7145482970485413, High Likelihood
16520.0,96,3,1046.57,0.7144420880189573, High Likelihood
16717.0,6,4,1559.66,0.7129614633600863, High Likelihood
17869.0,17,5,428.18,0.712820087541025, High Likelihood
17937.0,25,5,3614.52,0.7126131491325275, High Likelihood
14409.0,33,5,1943.73,0.712317285910688, High Likelihood
13804.0,7,4,1543.41,0.7118017300777053, High Likelihood
14227.0,106,7,2399.52,0.7116779825918357, High Likelihood
16225.0,60,4,953.64,0.7115020885649486, High Likelihood
13475.0,101,4,1431.78,0.710827873311717, High Likelihood
12939.0,48,4,7990.08,0.7100230042274269, High Likelihood
15756.0,63,3,364.84,0.7100126367744686, High Likelihood
14112.0,41,4,1900.82,0.709522247503056, High Likelihood
15862.0,22,3,659.73,0.7094237001612345, High Likelihood
16365.0,33,7,862.56,0.708853366529706, High Likelihood
15916.0,102,5,848.53,0.7080471738224529, High Likelihood
15660.0,46,6,884.34,0.7071205358904278, High Likelihood
16409.0,60,3,1039.27,0.7069785543746496, High Likelihood
13505.0,77,3,2583.12,0.7062339770730682, High Likelihood
17700.0,5,3,1681.83,0.7060654009987918, High Likelihood
17516.0,29,4,608.85,0.7060566637875717, High Likelihood
18094.0,46,5,2402.3,0.7060061825488035, High Likelihood
16531.0,37,4,684.53,0.7057538295901908, High Likelihood
15808.0,216,4,3734.9700000000003,0.7057370614218145, High Likelihood
17673.0,72,4,1209.77,0.7056540130878188, High Likelihood
12480.0,53,3,2144.95,0.7056282515801491, High Likelihood
13636.0,32,4,646.55,0.7045160929406773, High Likelihood
14188.0,19,4,1383.46,0.7043983954123774, High Likelihood
14808.0,54,6,1846.31,0.7041438180973356, High Likelihood
16735.0,9,4,1994.3,0.7037910741161643, High Likelihood
12451.0,128,2,5307.82,0.7031724225888939, High Likelihood
18272.0,24,4,2106.45,0.7024648220760786, High Likelihood
18177.0,68,5,1037.82,0.7023152507435, High Likelihood
17625.0,50,2,1234.78,0.7022472717371384, High Likelihood
14456.0,41,3,636.65,0.7022247033418517, High Likelihood
15611.0,14,8,947.1400000000001,0.702193923413552, High Likelihood
16184.0,16,5,985.8000000000001,0.7021358132657772, High Likelihood
16771.0,185,3,1655.95,0.7021202954353456, High Likelihood
13590.0,61,4,1116.38,0.701911855563967, High Likelihood
12619.0,26,5,2087.46,0.7008592657262346, High Likelihood
13021.0,77,4,1152.47,0.7004549859809341, High Likelihood
14299.0,18,5,2437.14,0.7001193211728866, High Likelihood
12693.0,37,4,855.91,0.6990778661027155,  Needs Nurturing
12494.0,72,5,868.86,0.6987628752328859,  Needs Nurturing
16816.0,13,4,417.06,0.69872751044771,  Needs Nurturing
14837.0,15,3,1345.56,0.6986947480663787,  Needs Nurturing
13477.0,48,4,899.55,0.6985108414203871,  Needs Nurturing
14178.0,8,3,493.36,0.6984215549959971,  Needs Nurturing
13851.0,6,3,2651.46,0.6982181002417065,  Needs Nurturing
16728.0,77,3,550.0,0.6977192207842275,  Needs Nurturing
15228.0,40,3,2224.03,0.6972741177105637,  Needs Nurturing
15644.0,76,4,813.0,0.6970732654347838,  Needs Nurturing
13988.0,73,3,1923.5,0.6968720824605734,  Needs Nurturing
16837.0,68,9,1911.74,0.696649978451438,  Needs Nurturing
13509.0,10,5,705.02,0.6963145632070169,  Needs Nurturing
17288.0,117,5,663.7,0.696178789052068,  Needs Nurturing
17692.0,37,4,740.9399999999999,0.6958129381116027,  Needs Nurturing
16918.0,5,3,822.7,0.6957848993095487,  Needs Nurturing
13481.0,18,4,1361.33,0.6952372238064098,  Needs Nurturing
16940.0,79,2,1868.36,0.695131641609883,  Needs Nurturing
16086.0,8,4,899.7,0.6949902809284598,  Needs Nurturing
15704.0,50,4,2293.62,0.6948572984897001,  Needs Nurturing
15382.0,95,4,2127.12,0.6945659127262619,  Needs Nurturing
14739.0,4,4,2247.58,0.694515142579274,  Needs Nurturing
14623.0,26,3,608.71,0.6944487602577,  Needs Nurturing
12408.0,9,4,2134.0499999999997,0.6936597031092139,  Needs Nurturing
17560.0,5,4,854.95,0.6933038935852216,  Needs Nurturing
16889.0,105,3,1578.67,0.6930294425289405,  Needs Nurturing
18236.0,39,4,641.19,0.6929479061023534,  Needs Nurturing
12584.0,37,4,782.59,0.6910008180486,  Needs Nurturing
12710.0,7,3,1149.02,0.6903623196187803,  Needs Nurturing
13956.0,48,3,680.27,0.6901474510342197,  Needs Nurturing
14507.0,11,4,924.6899999999999,0.6897400411480034,  Needs Nurturing
15819.0,41,3,1585.47,0.6896757089595849,  Needs Nurturing
15624.0,27,4,588.13,0.6896457482696208,  Needs Nurturing
15134.0,37,4,614.86,0.6889052789952057,  Needs Nurturing
12669.0,61,3,2744.0299999999997,0.6886792181665544,  Needs Nurturing
17454.0,102,4,517.53,0.6884069195901908,  Needs Nurturing
14738.0,44,5,757.6500000000001,0.6873926715969654,  Needs Nurturing
14978.0,146,4,1537.28,0.6873092231455552,  Needs Nurturing
13110.0,47,5,1042.24,0.6872090718014499,  Needs Nurturing
13824.0,46,4,1429.84,0.6871951878790878,  Needs Nurturing
17463.0,86,3,1245.64,0.6867336779527903,  Needs Nurturing
16303.0,26,2,4036.33,0.6864328683865508,  Needs Nurturing
15089.0,4,3,2036.28,0.6855571027162448,  Needs Nurturing
17663.0,65,4,1016.53,0.6853702472239891,  Needs Nurturing
13623.0,120,4,551.92,0.6852253568199086,  Needs Nurturing
16470.0,26,3,539.13,0.6845041009358935,  Needs Nurturing
16744.0,7,3,403.51,0.6841533752347119,  Needs Nurturing
12951.0,84,5,751.78,0.6834238859502932,  Needs Nurturing
13634.0,16,3,783.77,0.6827714535804325,  Needs Nurturing
12948.0,15,4,1423.96,0.6818494340383912,  Needs Nurturing
14930.0,19,3,2372.86,0.6812317461667449,  Needs Nurturing
12853.0,45,6,1957.1000000000001,0.6812164310100988,  Needs Nurturing
16654.0,51,4,601.27,0.6807767170100869,  Needs Nurturing
18196.0,5,2,689.13,0.6807496857487243,  Needs Nurturing
13425.0,18,3,1624.21,0.6805147554262101,  Needs Nurturing
16126.0,12,3,3706.7000000000003,0.6801434925946115,  Needs Nurturing
14748.0,34,4,1118.77,0.6790906581261124,  Needs Nurturing
13048.0,24,3,1375.05,0.6788378183794056,  Needs Nurturing
14952.0,117,7,3534.61,0.6787780871371004,  Needs Nurturing
12676.0,34,4,998.0500000000001,0.6787244722006806,  Needs Nurturing
17667.0,72,4,1751.01,0.6783731014511968,  Needs Nurturing
17213.0,51,5,1780.01,0.6781495705850074,  Needs Nurturing
15815.0,51,4,1874.7,0.6772743965182666,  Needs Nurturing
15122.0,24,3,1633.78,0.6771071837391163,  Needs Nurturing
12688.0,24,1,4873.8099999999995,0.6760758497252052,  Needs Nurturing
15673.0,67,3,2104.39,0.6755666292117988,  Needs Nurturing
15755.0,18,3,1144.83,0.6744339334770015,  Needs Nurturing
13743.0,18,5,912.1199999999999,0.6740839049917401,  Needs Nurturing
13397.0,21,4,1228.19,0.6738457184829554,  Needs Nurturing
16788.0,33,2,597.48,0.673652217987858,  Needs Nurturing
13953.0,26,5,2604.36,0.6733183579355186,  Needs Nurturing
12464.0,16,6,780.55,0.673079525756076,  Needs Nurturing
16996.0,31,5,1041.78,0.6729284893268207,  Needs Nurturing
15024.0,23,5,845.62,0.6725311570654894,  Needs Nurturing
14321.0,27,3,900.65,0.6719577044875767,  Needs Nurturing
17320.0,10,3,1200.6200000000001,0.6715617963664782,  Needs Nurturing
14844.0,33,3,2257.6800000000003,0.6713998302618741,  Needs Nurturing
15048.0,27,3,324.53,0.6700603076117035,  Needs Nurturing
12775.0,100,4,1164.68,0.669689905069483,  Needs Nurturing
17341.0,67,3,781.36,0.66948351067614,  Needs Nurturing
12749.0,41,3,2755.23,0.6694770200158672,  Needs Nurturing
12633.0,40,3,1948.75,0.6683755083124526,  Needs Nurturing
16016.0,106,4,817.57,0.6683406404171611,  Needs Nurturing
17921.0,58,3,601.76,0.6683321781082807,  Needs Nurturing
17888.0,71,4,307.05,0.667041312408928,  Needs Nurturing
16150.0,39,3,1408.7,0.6664138906515578,  Needs Nurturing
16915.0,37,4,382.39000000000004,0.6662300632588618,  Needs Nurturing
16317.0,30,3,1341.65,0.6662276707712094,  Needs Nurturing
13324.0,113,7,3798.99,0.6659957326611755,  Needs Nurturing
17282.0,40,3,1703.41,0.6659812974798642,  Needs Nurturing
15400.0,2,5,716.2,0.6658869763460996,  Needs Nurturing
14868.0,30,4,1297.07,0.6652727954307474,  Needs Nurturing
16992.0,9,3,972.35,0.6649495923089379,  Needs Nurturing
15530.0,60,3,1168.73,0.66489280119377,  Needs Nurturing
14246.0,21,3,1474.06,0.6647342387442582,  Needs Nurturing
16444.0,5,3,541.4,0.6645226349275238,  Needs Nurturing
16681.0,55,4,1332.68,0.6641504333147226,  Needs Nurturing
14276.0,9,3,1119.74,0.6640800573296756,  Needs Nurturing
16549.0,34,2,781.52,0.6640487890694847,  Needs Nurturing
13908.0,37,3,1461.61,0.6636554311870555,  Needs Nurturing
15128.0,37,3,1170.24,0.6632791548251803,  Needs Nurturing
13577.0,3,3,1193.8,0.6630899057719649,  Needs Nurturing
12557.0,68,4,9000.960000000001,0.6629426749761521,  Needs Nurturing
14657.0,65,3,638.94,0.662754047633788,  Needs Nurturing
13149.0,16,3,1132.62,0.6624708062098746,  Needs Nurturing
12656.0,26,3,2820.67,0.6624447642996253,  Needs Nurturing
15696.0,131,6,1637.9,0.6617517473242872,  Needs Nurturing
14506.0,72,3,831.66,0.6613668948760935,  Needs Nurturing
15786.0,24,1,3160.84,0.6606321784466903,  Needs Nurturing
14223.0,2,3,991.13,0.6604526304794495,  Needs Nurturing
12942.0,41,3,683.9,0.6598299117874434,  Needs Nurturing
14916.0,4,3,967.76,0.6591710201432639,  Needs Nurturing
16131.0,26,4,2278.5,0.6580533448926714,  Needs Nurturing
14235.0,68,4,2802.86,0.6578969852266431,  Needs Nurturing
17090.0,8,4,811.77,0.6576816856246421,  Needs Nurturing
17069.0,65,5,1495.79,0.657447272461971,  Needs Nurturing
14132.0,24,5,1552.46,0.6571419155572197,  Needs Nurturing
13168.0,109,3,972.66,0.65707587807528,  Needs Nurturing
13548.0,6,2,682.41,0.6562898040347501,  Needs Nurturing
16801.0,73,4,1619.73,0.6562600160407152,  Needs Nurturing
18204.0,20,2,1367.32,0.6562507381203032,  Needs Nurturing
15245.0,44,3,2515.84,0.6557769533370262,  Needs Nurturing
15508.0,99,6,1000.27,0.6556764231801965,  Needs Nurturing
16306.0,124,6,632.27,0.6553773897660178,  Needs Nurturing
12643.0,38,6,3344.64,0.6553224576734513,  Needs Nurturing
16497.0,113,5,1550.7,0.6550506200091997,  Needs Nurturing
15800.0,17,2,699.08,0.6539495253768823,  Needs Nurturing
15106.0,51,3,1032.83,0.6535929367446371,  Needs Nurturing
16842.0,11,3,1264.19,0.6535323394667634,  Needs Nurturing
14740.0,107,3,1448.21,0.6533269715534094,  Needs Nurturing
16633.0,24,3,1168.26,0.6529410897955178,  Needs Nurturing
14532.0,146,4,932.85,0.6527966232020275,  Needs Nurturing
16949.0,96,4,893.75,0.652120843536424,  Needs Nurturing
17019.0,172,3,995.93,0.65194055754146,  Needs Nurturing
12645.0,20,3,1310.8600000000001,0.6514857431471566,  Needs Nurturing
17571.0,56,3,561.2,0.6513453798325495,  Needs Nurturing
16283.0,31,3,586.35,0.6507000983211906,  Needs Nurturing
12674.0,2,3,1402.0,0.6506604728408606,  Needs Nurturing
15625.0,14,4,1534.26,0.6506081767644536,  Needs Nurturing
17054.0,48,4,1207.32,0.6502369755664981,  Needs Nurturing
17873.0,94,4,1587.1200000000001,0.6498149458856292,  Needs Nurturing
12429.0,83,3,2844.88,0.6493359123892326,  Needs Nurturing
13027.0,24,6,6912.0,0.6488809158484872,  Needs Nurturing
12562.0,37,3,1605.23,0.64793054759406,  Needs Nurturing
16003.0,45,3,1793.9,0.6470891773060375,  Needs Nurturing
14292.0,56,4,2590.21,0.6468494425209561,  Needs Nurturing
13782.0,35,3,487.93,0.6467299342324792,  Needs Nurturing
12670.0,9,3,1634.47,0.6465423229143779,  Needs Nurturing
14403.0,40,4,1475.81,0.6456268140138886,  Needs Nurturing
17218.0,124,5,948.58,0.6455899912237462,  Needs Nurturing
15809.0,94,4,399.21,0.6452744166577189,  Needs Nurturing
13376.0,9,3,1019.76,0.6447648161128439,  Needs Nurturing
17469.0,19,3,1050.27,0.6447487243722647,  Needs Nurturing
13764.0,54,2,945.63,0.6445374266908658,  Needs Nurturing
13802.0,49,3,4599.42,0.6431413843181516,  Needs Nurturing
18093.0,3,4,2106.52,0.6430820418148939,  Needs Nurturing
13139.0,20,3,1710.94,0.6428422407106117,  Needs Nurturing
15172.0,46,3,886.74,0.642612110611241,  Needs Nurturing
14715.0,5,3,594.75,0.6424914462909523,  Needs Nurturing
16809.0,46,3,470.69,0.6421210861047899,  Needs Nurturing
15132.0,16,3,842.23,0.6420344668107496,  Needs Nurturing
13330.0,3,3,1140.93,0.6415577678017379,  Needs Nurturing
13517.0,17,2,1612.18,0.6414243867508618,  Needs Nurturing
14443.0,49,3,991.52,0.6413395422490903,  Needs Nurturing
14577.0,74,3,646.64,0.6411849773745896,  Needs Nurturing
17472.0,101,3,710.29,0.6410614579563405,  Needs Nurturing
16807.0,53,3,1121.59,0.6409983055590485,  Needs Nurturing
14669.0,152,3,1269.99,0.6408025235527598,  Needs Nurturing
17702.0,19,3,1338.77,0.6407600000656138,  Needs Nurturing
15810.0,80,3,1361.19,0.6405500394366597,  Needs Nurturing
18237.0,2,3,725.55,0.6394614646985078,  Needs Nurturing
16271.0,36,3,893.03,0.639279163003937,  Needs Nurturing
15906.0,55,4,797.71,0.6391634369551231,  Needs Nurturing
16191.0,173,8,2615.68,0.6377113244047237,  Needs Nurturing
12407.0,44,4,1407.3600000000001,0.6375317344786486,  Needs Nurturing
16110.0,172,2,693.93,0.6372723611333607,  Needs Nurturing
14161.0,126,3,1110.52,0.6370360976824604,  Needs Nurturing
13831.0,49,4,1455.3899999999999,0.6368064957931898,  Needs Nurturing
15574.0,88,4,702.25,0.6366165904257811,  Needs Nurturing
17522.0,49,4,912.25,0.6358699354132493,  Needs Nurturing
12539.0,172,3,4517.69,0.6356701994826864,  Needs Nurturing
14262.0,17,3,855.0,0.6356516115670406,  Needs Nurturing
16875.0,55,4,1138.2,0.6352580893347543,  Needs Nurturing
12422.0,6,3,803.5600000000001,0.6352472590904146,  Needs Nurturing
13815.0,82,2,2977.75,0.6344771074595417,  Needs Nurturing
13838.0,28,3,479.59,0.634110052720268,  Needs Nurturing
15108.0,52,4,1300.25,0.6340767141607443,  Needs Nurturing
13213.0,38,4,963.88,0.6340199149084059,  Needs Nurturing
16725.0,212,7,781.02,0.6333019069409156,  Needs Nurturing
13141.0,124,4,1401.03,0.6329405209254366,  Needs Nurturing
13174.0,226,2,2108.27,0.6320061156629769,  Needs Nurturing
17164.0,62,3,1270.42,0.6316875810569333,  Needs Nurturing
17302.0,33,3,661.61,0.6313301036789225,  Needs Nurturing
17685.0,177,5,1512.72,0.6312387364483243,  Needs Nurturing
14064.0,23,4,1097.6799999999998,0.6305883797206542,  Needs Nurturing
13772.0,7,2,686.22,0.6305270897121348,  Needs Nurturing
16612.0,29,3,870.3000000000001,0.6299038673627319,  Needs Nurturing
13925.0,3,4,678.25,0.6294494766248292,  Needs Nurturing
16706.0,8,2,411.55,0.6289740424726442,  Needs Nurturing
16899.0,60,3,510.18,0.6283856163672947,  Needs Nurturing
13984.0,36,4,819.33,0.6280932913184323,  Needs Nurturing
15953.0,122,4,826.14,0.6280691278932882,  Needs Nurturing
13995.0,26,3,871.9,0.6280583935036423,  Needs Nurturing
17602.0,34,2,909.5500000000001,0.6279571344459955,  Needs Nurturing
18008.0,113,7,2065.41,0.6274360509008803,  Needs Nurturing
17562.0,20,4,661.1,0.6273679123891902,  Needs Nurturing
16206.0,35,3,409.86,0.6269003509353941,  Needs Nurturing
14214.0,66,3,899.16,0.6267066981090874,  Needs Nurturing
16726.0,106,4,795.19,0.626088970937383,  Needs Nurturing
18221.0,26,3,706.86,0.6256544766651189,  Needs Nurturing
16572.0,37,3,1009.6,0.6251451712770645,  Needs Nurturing
15095.0,14,4,1370.6,0.6249763825460918,  Needs Nurturing
15737.0,58,5,897.9300000000001,0.6247218946131945,  Needs Nurturing
17188.0,74,5,1815.09,0.6241979762600282,  Needs Nurturing
16092.0,25,3,817.86,0.6238331344802566,  Needs Nurturing
16242.0,75,3,846.59,0.6238231853179118,  Needs Nurturing
13952.0,128,2,3251.071,0.6236867956342658,  Needs Nurturing
17827.0,152,4,1583.81,0.623599277837451,  Needs Nurturing
16031.0,2,2,548.94,0.6230318143068486,  Needs Nurturing
12668.0,169,3,2924.4700000000003,0.6229937774538544,  Needs Nurturing
16332.0,40,3,659.27,0.6224056018384003,  Needs Nurturing
16007.0,91,2,733.45,0.6222455780544909,  Needs Nurturing
15550.0,16,3,433.28,0.6221776221266976,  Needs Nurturing
17966.0,61,4,594.43,0.6218204997346691,  Needs Nurturing
16014.0,62,2,529.9300000000001,0.6215297726661189,  Needs Nurturing
12758.0,27,2,2791.59,0.621525870181382,  Needs Nurturing
13627.0,86,3,1027.0,0.6214603282656391,  Needs Nurturing
12700.0,66,2,2149.05,0.6211287694889626,  Needs Nurturing
17048.0,28,3,925.35,0.6209605555117588,  Needs Nurturing
12530.0,34,3,1221.65,0.6204874901944614,  Needs Nurturing
14127.0,33,3,709.71,0.620009765088879,  Needs Nurturing
17175.0,51,3,1132.6299999999999,0.6195347194000296,  Needs Nurturing
15312.0,13,3,794.8,0.619386094676596,  Needs Nurturing
12598.0,72,4,1584.3799999999999,0.6193153473216101,  Needs Nurturing
15376.0,27,2,989.02,0.6191317173954373,  Needs Nurturing
17179.0,88,3,711.79,0.6187021933703064,  Needs Nurturing
16954.0,35,4,1245.3799999999999,0.6183090442032523,  Needs Nurturing
16750.0,31,3,416.12,0.6179003643297298,  Needs Nurturing
16324.0,38,3,428.68,0.6178493319150145,  Needs Nurturing
13317.0,109,5,1313.98,0.6177765172268035,  Needs Nurturing
15712.0,20,3,766.3100000000001,0.6173917837053691,  Needs Nurturing
14215.0,97,4,1098.27,0.6173569552563423,  Needs Nurturing
13037.0,48,3,881.07,0.6171515696685338,  Needs Nurturing
13012.0,59,4,1012.3100000000001,0.6170452793621681,  Needs Nurturing
17146.0,16,3,749.78,0.6169260443627725,  Needs Nurturing
15535.0,83,4,536.4,0.6168090933103569,  Needs Nurturing
15785.0,68,4,1665.83,0.6166192646124485,  Needs Nurturing
13748.0,6,5,948.25,0.6161212722352661,  Needs Nurturing
14352.0,67,4,1078.96,0.6156375573009407,  Needs Nurturing
14959.0,20,3,537.32,0.6155160345258729,  Needs Nurturing
17265.0,49,2,562.9,0.6153985595948919,  Needs Nurturing
16770.0,147,4,656.48,0.6153808089664039,  Needs Nurturing
14684.0,125,2,519.26,0.61527645801356,  Needs Nurturing
15192.0,30,3,1044.32,0.6149816385094365,  Needs Nurturing
12928.0,58,3,1136.14,0.6144462328365351,  Needs Nurturing
17228.0,118,4,687.58,0.6133441594315288,  Needs Nurturing
17720.0,23,3,887.6,0.6127757012087464,  Needs Nurturing
13092.0,122,4,439.75,0.6127556854261322,  Needs Nurturing
15669.0,14,3,565.54,0.612449243753143,  Needs Nurturing
17398.0,25,3,653.38,0.611987782291363,  Needs Nurturing
17765.0,69,3,371.88,0.611839362512317,  Needs Nurturing
17204.0,85,4,1564.56,0.6116145919365535,  Needs Nurturing
13549.0,52,5,762.05,0.6115983229309926,  Needs Nurturing
17230.0,174,8,3638.41,0.6114736945961113,  Needs Nurturing
14621.0,67,3,1002.91,0.6112235302725518,  Needs Nurturing
16551.0,6,3,922.12,0.6110032678328102,  Needs Nurturing
16657.0,59,2,446.11,0.6107619531919775,  Needs Nurturing
15270.0,28,5,1850.29,0.610355780813531,  Needs Nurturing
16081.0,95,3,992.37,0.6099574629213721,  Needs Nurturing
13373.0,69,2,2055.58,0.6094024521230966,  Needs Nurturing
12444.0,32,2,2627.27,0.60911801922337,  Needs Nurturing
15201.0,36,4,933.26,0.6088954117972796,  Needs Nurturing
14546.0,112,2,874.88,0.6087177827107725,  Needs Nurturing
14013.0,20,3,473.02,0.6079742023369863,  Needs Nurturing
13715.0,191,5,1079.34,0.6074023466684276,  Needs Nurturing
13750.0,50,4,1316.63,0.6068527189210656,  Needs Nurturing
17429.0,38,3,524.9200000000001,0.6067134360815448,  Needs Nurturing
17849.0,128,4,605.8000000000001,0.606670951677246,  Needs Nurturing
16062.0,44,3,778.14,0.6066327360693318,  Needs Nurturing
14741.0,23,4,864.96,0.6066290608377812,  Needs Nurturing
12463.0,85,3,985.79,0.6060160280942323,  Needs Nurturing
17259.0,58,2,603.37,0.6056202870754737,  Needs Nurturing
13515.0,27,3,523.96,0.6051126227191732,  Needs Nurturing
12826.0,89,4,818.62,0.604159076403397,  Needs Nurturing
14662.0,145,3,524.86,0.604018914331512,  Needs Nurturing
12910.0,44,4,1486.9,0.603338547370187,  Needs Nurturing
14293.0,57,3,739.41,0.6030172186594491,  Needs Nurturing
15514.0,136,6,2561.94,0.6028373687691306,  Needs Nurturing
17988.0,27,5,146.0,0.6027945785150023,  Needs Nurturing
16209.0,29,4,2116.9,0.6023414767238641,  Needs Nurturing
17375.0,109,3,400.1,0.6022090371035371,  Needs Nurturing
12830.0,1,5,6414.32,0.6008070063611287,  Needs Nurturing
14913.0,93,3,917.15,0.6006416423727761,  Needs Nurturing
13124.0,162,2,2574.12,0.6006360627070074,  Needs Nurturing
13450.0,35,4,1421.46,0.6006057610925879,  Needs Nurturing
17444.0,58,3,2940.04,0.6004530477174905,  Needs Nurturing
13000.0,17,3,534.85,0.5998973450531603,  Needs Nurturing
13313.0,51,3,918.34,0.5997908618999745,  Needs Nurturing
13722.0,42,3,2375.41,0.5993614214998533,  Needs Nurturing
13982.0,73,3,1230.1399999999999,0.598947301839516,  Needs Nurturing
15898.0,137,4,1002.99,0.5980183872287355,  Needs Nurturing
13157.0,51,3,873.1999999999999,0.597922606245473,  Needs Nurturing
15004.0,57,1,1246.32,0.5975882394685126,  Needs Nurturing
15797.0,23,4,2207.4,0.597473838979613,  Needs Nurturing
17252.0,27,2,353.86,0.5970299890377984,  Needs Nurturing
15835.0,48,3,675.51,0.596464792080254,  Needs Nurturing
16676.0,123,3,1098.5,0.5964149539264593,  Needs Nurturing
15665.0,78,2,2242.01,0.59610005508186,  Needs Nurturing
14231.0,94,3,925.71,0.5956891766476621,  Needs Nurturing
16709.0,110,4,1984.5900000000001,0.5956529120473808,  Needs Nurturing
17671.0,68,3,1098.55,0.5954061436819231,  Needs Nurturing
16394.0,81,3,933.1,0.5954040336334144,  Needs Nurturing
16871.0,121,4,2037.82,0.5953220520735144,  Needs Nurturing
17007.0,65,5,575.44,0.5953206247436892,  Needs Nurturing
14163.0,62,3,1659.39,0.5952453684463843,  Needs Nurturing
15133.0,38,3,982.42,0.594524199755266,  Needs Nurturing
17874.0,95,6,683.46,0.5943920659620117,  Needs Nurturing
14035.0,17,3,837.26,0.5941233472926785,  Needs Nurturing
14006.0,26,3,962.19,0.5940335465699496,  Needs Nurturing
15722.0,19,3,1424.8,0.5938659628269312,  Needs Nurturing
12421.0,25,3,628.56,0.5936471930671123,  Needs Nurturing
14958.0,57,3,499.68,0.5936444176420733,  Needs Nurturing
16682.0,2,3,810.22,0.5934119145049254,  Needs Nurturing
18016.0,96,3,488.76,0.5924284323917096,  Needs Nurturing
16426.0,3,4,689.83,0.592183163923816,  Needs Nurturing
16122.0,23,3,550.26,0.592010066618587,  Needs Nurturing
13265.0,94,3,1465.66,0.5914180429043645,  Needs Nurturing
14973.0,17,3,1314.45,0.5906759787804169,  Needs Nurturing
15768.0,26,3,621.8299999999999,0.5903820524076699,  Needs Nurturing
12993.0,31,3,372.4,0.5902536940009494,  Needs Nurturing
16774.0,26,3,542.2,0.5902483034737653,  Needs Nurturing
17897.0,83,3,566.6,0.5889386409263337,  Needs Nurturing
14871.0,88,3,354.75,0.5884826901072953,  Needs Nurturing
17045.0,23,3,339.44,0.5884221239581938,  Needs Nurturing
13873.0,30,3,389.6,0.588283043278554,  Needs Nurturing
13524.0,12,3,408.86,0.5877013460554981,  Needs Nurturing
16214.0,81,3,1062.75,0.5876971255631684,  Needs Nurturing
13523.0,110,3,2369.24,0.5864679265552468,  Needs Nurturing
15407.0,94,3,740.73,0.5857542410141426,  Needs Nurturing
12370.0,185,3,2806.41,0.5851601377725305,  Needs Nurturing
15549.0,68,2,1631.68,0.5849428726130411,  Needs Nurturing
15569.0,14,5,1375.71,0.5849351222614045,  Needs Nurturing
13900.0,93,3,740.95,0.5846250852408054,  Needs Nurturing
14803.0,72,3,845.55,0.5846160148473019,  Needs Nurturing
15443.0,19,2,684.8,0.5843796812282175,  Needs Nurturing
18161.0,50,3,771.26,0.5842399322702897,  Needs Nurturing
13186.0,4,2,1301.94,0.5837919031689284,  Needs Nurturing
14005.0,44,3,696.56,0.5837679217689261,  Needs Nurturing
15950.0,16,2,1091.38,0.5829650192008295,  Needs Nurturing
15646.0,68,3,447.64000000000004,0.5827800511831002,  Needs Nurturing
13138.0,43,3,489.45,0.5824496068162522,  Needs Nurturing
16618.0,121,4,1441.29,0.5821143528691807,  Needs Nurturing
15157.0,64,2,1505.37,0.5820793792113307,  Needs Nurturing
12560.0,22,2,1436.31,0.5820147079959641,  Needs Nurturing
13384.0,39,2,1755.84,0.5814081650556036,  Needs Nurturing
13951.0,86,3,674.45,0.5811634132083912,  Needs Nurturing
15462.0,4,3,234.6,0.5805343589381368,  Needs Nurturing
13865.0,47,3,383.34000000000003,0.5794507121467009,  Needs Nurturing
16103.0,68,4,1156.4,0.5793961274215133,  Needs Nurturing
14245.0,130,2,1693.45,0.5793197659596604,  Needs Nurturing
13126.0,163,5,1077.42,0.5782740863699216,  Needs Nurturing
15146.0,75,2,1327.16,0.57820486757874,  Needs Nurturing
16951.0,45,3,1277.75,0.5777516898113907,  Needs Nurturing
16511.0,55,2,582.7,0.5775742071645453,  Needs Nurturing
13735.0,86,2,1409.69,0.5773635562880659,  Needs Nurturing
17738.0,59,3,1571.49,0.5766490137510824,  Needs Nurturing
16342.0,18,3,283.71,0.5763156143362254,  Needs Nurturing
13320.0,17,3,981.15,0.5760365632750775,  Needs Nurturing
17515.0,116,3,571.37,0.575971428179538,  Needs Nurturing
16395.0,78,3,967.25,0.5758723402540764,  Needs Nurturing
15656.0,88,3,563.63,0.5754537113834534,  Needs Nurturing
12919.0,27,3,441.65,0.5754474173097213,  Needs Nurturing
16898.0,87,2,319.46999999999997,0.5752475966097689,  Needs Nurturing
13192.0,5,2,911.94,0.574851396973321,  Needs Nurturing
16398.0,64,2,1705.8,0.5748331377302467,  Needs Nurturing
13280.0,32,3,814.86,0.5744432471035112,  Needs Nurturing
14096.0,1,3,244.68,0.5744221306856572,  Needs Nurturing
15265.0,61,2,1506.1200000000001,0.5743502106758335,  Needs Nurturing
14273.0,46,3,450.05,0.5742326933771891,  Needs Nurturing
14305.0,24,2,1048.45,0.5741863599923722,  Needs Nurturing
16475.0,54,3,459.3,0.573689991695342,  Needs Nurturing
13026.0,3,3,604.2,0.5735696161742292,  Needs Nurturing
14626.0,33,2,1571.29,0.5733028420536848,  Needs Nurturing
17588.0,10,3,1240.2,0.5731493339008258,  Needs Nurturing
14460.0,20,3,434.34,0.5724963400554458,  Needs Nurturing
12360.0,23,2,1618.28,0.5721109538326807,  Needs Nurturing
13883.0,129,4,1742.78,0.5720954096570962,  Needs Nurturing
15907.0,87,2,529.52,0.5715425207835063,  Needs Nurturing
16107.0,13,3,1494.1200000000001,0.5711758719912182,  Needs Nurturing
17646.0,129,3,1008.39,0.571087257631282,  Needs Nurturing
13931.0,6,2,1237.53,0.571054686174963,  Needs Nurturing
14676.0,58,4,1690.92,0.5708037851190835,  Needs Nurturing
15027.0,78,3,966.9699999999999,0.5703403706142545,  Needs Nurturing
16805.0,84,2,460.59,0.5697939103949716,  Needs Nurturing
13122.0,4,2,922.39,0.5697598233238441,  Needs Nurturing
15864.0,9,3,957.8600000000001,0.5693305764380427,  Needs Nurturing
13941.0,82,3,2831.26,0.5693059504406024,  Needs Nurturing
17214.0,159,4,613.67,0.5692816848719834,  Needs Nurturing
16235.0,97,3,665.29,0.569258991535913,  Needs Nurturing
14794.0,114,4,679.54,0.5684088519892058,  Needs Nurturing
15079.0,123,4,895.61,0.5683131571011572,  Needs Nurturing
16340.0,17,1,549.07,0.568154511008415,  Needs Nurturing
13744.0,5,2,1156.36,0.5680210728335582,  Needs Nurturing
16261.0,23,2,418.38,0.5678769007789216,  Needs Nurturing
17979.0,79,3,504.54,0.5664323449223563,  Needs Nurturing
13489.0,15,4,449.52,0.5664229003058435,  Needs Nurturing
13510.0,5,2,897.81,0.5664117259316179,  Needs Nurturing
16146.0,67,3,734.13,0.5656017216627518,  Needs Nurturing
12691.0,55,4,556.3,0.5655687633611827,  Needs Nurturing
13614.0,74,2,794.98,0.5653408378819337,  Needs Nurturing
14450.0,91,3,483.25,0.5650730408854596,  Needs Nurturing
14167.0,75,3,402.1,0.5647747733815711,  Needs Nurturing
13659.0,116,2,1573.2,0.564686059834051,  Needs Nurturing
16203.0,58,3,378.3,0.5643059932012789,  Needs Nurturing
15701.0,21,1,857.0,0.5640147928535075,  Needs Nurturing
14901.0,12,5,822.12,0.5639971807142549,  Needs Nurturing
14499.0,44,2,370.96000000000004,0.5634573809768784,  Needs Nurturing
13015.0,107,4,1763.04,0.5629013057730019,  Needs Nurturing
14867.0,96,3,710.28,0.562798321324601,  Needs Nurturing
14970.0,47,3,1119.75,0.5627222243590524,  Needs Nurturing
18143.0,27,2,1000.16,0.5626226385843862,  Needs Nurturing
15240.0,102,3,1045.38,0.5623173633139407,  Needs Nurturing
16621.0,58,3,609.41,0.5621935062067338,  Needs Nurturing
17412.0,106,4,709.82,0.5618444270224645,  Needs Nurturing
17105.0,69,2,665.78,0.5614885760834273,  Needs Nurturing
15976.0,75,2,430.94,0.5610741285488944,  Needs Nurturing
15889.0,67,2,446.87,0.5610309997495746,  Needs Nurturing
17828.0,20,3,1076.66,0.5608653783497509,  Needs Nurturing
14021.0,65,3,631.9,0.5606714827124681,  Needs Nurturing
16906.0,97,3,394.94,0.5604640576763011,  Needs Nurturing
17572.0,10,3,196.0,0.5600493679592295,  Needs Nurturing
12456.0,41,2,2265.4,0.5593214672537036,  Needs Nurturing
16493.0,83,3,782.29,0.5590123021866826,  Needs Nurturing
13456.0,65,3,855.0600000000001,0.5586014603528042,  Needs Nurturing
15482.0,76,4,2103.5,0.5584136115668623,  Needs Nurturing
13118.0,118,3,799.7,0.5572639526427319,  Needs Nurturing
14584.0,79,4,1042.26,0.5572205675949232,  Needs Nurturing
12778.0,93,4,492.06,0.5571865952724917,  Needs Nurturing
15483.0,71,4,233.81,0.5566652009315277,  Needs Nurturing
14077.0,92,3,310.4,0.5565043057626423,  Needs Nurturing
15730.0,2,2,777.22,0.5564654483942676,  Needs Nurturing
12473.0,25,2,1186.25,0.5561191117885171,  Needs Nurturing
13814.0,2,2,1579.12,0.555790511420912,  Needs Nurturing
18062.0,83,3,720.52,0.555617476050894,  Needs Nurturing
14465.0,157,3,1058.6200000000001,0.5555861453579559,  Needs Nurturing
15227.0,126,3,876.8199999999999,0.5553512409136868,  Needs Nurturing
16780.0,10,2,425.19,0.5551971227287424,  Needs Nurturing
16224.0,51,3,865.88,0.5548654387780764,  Needs Nurturing
15062.0,128,3,814.04,0.5542957566058694,  Needs Nurturing
15780.0,94,3,475.28000000000003,0.554192668183131,  Needs Nurturing
18036.0,15,2,254.54,0.5541198168650748,  Needs Nurturing
17075.0,163,3,696.07,0.5540872314061493,  Needs Nurturing
17744.0,161,4,1288.96,0.5539480539212361,  Needs Nurturing
14346.0,31,2,1021.58,0.5536102799141179,  Needs Nurturing
12664.0,54,3,1957.48,0.5531945597650733,  Needs Nurturing
16102.0,9,2,1392.8400000000001,0.552795408778895,  Needs Nurturing
16244.0,122,2,1522.75,0.5527885315259229,  Needs Nurturing
13655.0,24,2,932.97,0.5526259648872737,  Needs Nurturing
17386.0,9,5,1697.3400000000001,0.5523105797663315,  Needs Nurturing
15365.0,6,2,961.28,0.5517891788792948,  Needs Nurturing
12722.0,25,3,929.65,0.5515383659705494,  Needs Nurturing
16905.0,147,3,853.93,0.5501898196044003,  Needs Nurturing
15594.0,4,2,788.22,0.5500065063128461,  Needs Nurturing
13136.0,53,3,1226.68,0.5493730091875888,  Needs Nurturing
14759.0,23,2,870.85,0.5491999784613351,  Needs Nurturing
16418.0,3,2,368.36,0.549046081254371,  Needs Nurturing
14463.0,8,3,529.62,0.5489420444943789,  Needs Nurturing
17088.0,93,2,1399.1100000000001,0.5480599378048908,  Needs Nurturing
14513.0,11,3,455.59000000000003,0.5480083556275253,  Needs Nurturing
17723.0,37,6,3276.4000000000005,0.5478988941272093,  Needs Nurturing
16182.0,40,3,4844.0,0.5471232095684069,  Needs Nurturing
16473.0,75,3,316.11,0.5467901745908479,  Needs Nurturing
17189.0,16,2,384.40000000000003,0.546540541534326,  Needs Nurturing
14691.0,7,2,1274.68,0.5463337510357057,  Needs Nurturing
14875.0,18,2,1465.3200000000002,0.5461887753886364,  Needs Nurturing
13003.0,16,3,149.05,0.5460106956827743,  Needs Nurturing
15334.0,67,3,351.67,0.5459366154304753,  Needs Nurturing
13632.0,84,3,814.6,0.5455540305475705,  Needs Nurturing
15829.0,9,2,636.14,0.5438561222324596,  Needs Nurturing
16955.0,95,4,518.67,0.5433369696721793,  Needs Nurturing
16948.0,49,3,435.02,0.5431783687720363,  Needs Nurturing
14111.0,6,3,295.5,0.5418014878016427,  Needs Nurturing
16748.0,128,3,910.2,0.5415467904553168,  Needs Nurturing
16442.0,138,2,437.03,0.5415173266594812,  Needs Nurturing
17980.0,76,3,811.45,0.5413885997780902,  Needs Nurturing
12743.0,44,2,546.43,0.5413151726701535,  Needs Nurturing
16245.0,32,2,769.7,0.5412955571820558,  Needs Nurturing
13211.0,5,2,886.64,0.5412419328245105,  Needs Nurturing
13486.0,38,2,819.61,0.5411653865750113,  Needs Nurturing
16012.0,39,2,1132.12,0.5409460087998158,  Needs Nurturing
14081.0,212,2,934.52,0.5407200574771737,  Needs Nurturing
14656.0,79,2,291.05,0.5405594344989333,  Needs Nurturing
17931.0,44,2,408.36,0.5400174295229476,  Needs Nurturing
13362.0,156,2,1581.53,0.5399612294875347,  Needs Nurturing
18235.0,30,2,749.8,0.5397911587313479,  Needs Nurturing
17041.0,19,2,750.89,0.539668890530308,  Needs Nurturing
12704.0,16,3,1100.92,0.539467303810048,  Needs Nurturing
14177.0,6,3,309.41,0.5391871880647134,  Needs Nurturing
18043.0,117,2,451.81,0.539151030909353,  Needs Nurturing
15206.0,10,3,236.7,0.538729474057919,  Needs Nurturing
17227.0,83,3,473.75,0.5384594353806479,  Needs Nurturing
16005.0,93,2,298.08,0.5381158915310639,  Needs Nurturing
16943.0,122,3,816.73,0.5379814686614357,  Needs Nurturing
15199.0,5,3,967.75,0.537930539104859,  Needs Nurturing
15505.0,24,3,2091.14,0.5370940527883059,  Needs Nurturing
14998.0,80,2,429.87,0.5369652464039727,  Needs Nurturing
13637.0,97,2,684.85,0.5369021144036756,  Needs Nurturing
18079.0,37,2,2206.18,0.5364035946756305,  Needs Nurturing
17554.0,33,2,1249.89,0.5361865173566607,  Needs Nurturing
17229.0,6,2,318.76,0.5360936723146575,  Needs Nurturing
12685.0,3,2,1606.42,0.536017627463236,  Needs Nurturing
13140.0,18,3,423.72,0.5356550226710689,  Needs Nurturing
16696.0,45,4,657.9000000000001,0.5354972853389347,  Needs Nurturing
15349.0,68,2,473.81,0.535199171584371,  Needs Nurturing
15238.0,5,2,772.78,0.5351753930945833,  Needs Nurturing
14918.0,26,2,1610.15,0.5348945111560763,  Needs Nurturing
12613.0,108,4,1462.52,0.5347828715237399,  Needs Nurturing
16356.0,108,3,211.77,0.5346236725473882,  Needs Nurturing
16188.0,51,3,755.03,0.5343487253173673,  Needs Nurturing
17388.0,42,3,953.0300000000001,0.5337954929906867,  Needs Nurturing
18179.0,162,4,1103.16,0.5336949489208779,  Needs Nurturing
14129.0,6,3,726.23,0.5334678974236903,  Needs Nurturing
16768.0,14,2,286.49,0.532983854111772,  Needs Nurturing
14704.0,53,2,221.16,0.5328005078186604,  Needs Nurturing
17651.0,66,4,1148.01,0.532748392422652,  Needs Nurturing
16309.0,16,2,706.57,0.5320286246917418,  Needs Nurturing
16043.0,121,3,676.49,0.5317737910516663,  Needs Nurturing
17345.0,3,3,284.13,0.5315972181940586,  Needs Nurturing
14866.0,16,4,1163.9,0.5305245448549485,  Needs Nurturing
14038.0,54,2,1086.42,0.5304192822343797,  Needs Nurturing
17731.0,38,3,963.74,0.5303969702833446,  Needs Nurturing
14719.0,89,2,488.12,0.5303563983446868,  Needs Nurturing
17932.0,84,2,934.51,0.5299484287142818,  Needs Nurturing
15605.0,162,3,690.1800000000001,0.5292881935279282,  Needs Nurturing
15031.0,20,2,261.79,0.5292671134925904,  Needs Nurturing
17676.0,19,4,730.84,0.5292042518411132,  Needs Nurturing
15426.0,167,2,662.98,0.529082486038244,  Needs Nurturing
15237.0,113,2,1093.65,0.5288072408299865,  Needs Nurturing
14449.0,157,2,401.3,0.5282291304823935,  Needs Nurturing
17083.0,19,3,1405.78,0.5281124715198665,  Needs Nurturing
13562.0,51,2,1209.73,0.5278838106519255,  Needs Nurturing
14116.0,3,2,628.87,0.5275672954425779,  Needs Nurturing
17648.0,103,3,1107.39,0.527478211418478,  Needs Nurturing
12624.0,16,2,641.13,0.5266671369436398,  Needs Nurturing
13492.0,46,3,1269.84,0.5266467539499134,  Needs Nurturing
15582.0,10,2,541.51,0.5266267905788724,  Needs Nurturing
14175.0,81,2,1205.99,0.5258851232219723,  Needs Nurturing
12535.0,2,2,716.35,0.5257749725654892,  Needs Nurturing
14422.0,80,2,1032.15,0.5257582009870958,  Needs Nurturing
16714.0,129,3,1161.53,0.5256899118625328,  Needs Nurturing
17580.0,163,3,215.72,0.5253634381984738,  Needs Nurturing
15306.0,3,2,657.07,0.5253395961679128,  Needs Nurturing
14985.0,108,2,296.75,0.525336194310647,  Needs Nurturing
17802.0,90,2,632.4200000000001,0.5251044913805929,  Needs Nurturing
17739.0,107,3,1070.77,0.524617503906438,  Needs Nurturing
12759.0,82,2,1082.52,0.524527634257814,  Needs Nurturing
18248.0,33,2,804.02,0.5244005113122292,  Needs Nurturing
15602.0,111,5,542.95,0.524225963318114,  Needs Nurturing
13821.0,55,2,385.64,0.5241260076401459,  Needs Nurturing
14019.0,8,2,800.53,0.5239354299226574,  Needs Nurturing
12625.0,122,2,2683.82,0.5238589784914943,  Needs Nurturing
12994.0,30,2,645.47,0.5237189647027879,  Needs Nurturing
17092.0,36,2,633.07,0.5234596376065238,  Needs Nurturing
13888.0,30,2,605.63,0.5234107407218219,  Needs Nurturing
15434.0,17,3,587.28,0.5229856160021977,  Needs Nurturing
15329.0,44,2,754.0,0.5227417382775349,  Needs Nurturing
16859.0,55,2,747.81,0.5226466579068758,  Needs Nurturing
15674.0,124,4,1379.66,0.5225242172883869,  Needs Nurturing
13771.0,109,2,1464.8500000000001,0.5222664348619377,  Needs Nurturing
17703.0,19,2,490.96,0.5214743624331556,  Needs Nurturing
16644.0,88,2,833.78,0.5214275959838464,  Needs Nurturing
13850.0,39,1,1595.48,0.5213811386387892,  Needs Nurturing
16496.0,118,2,1185.04,0.5211199327936484,  Needs Nurturing
16320.0,82,2,1038.46,0.5208259304776119,  Needs Nurturing
13316.0,42,2,3779.98,0.5201212875239773,  Needs Nurturing
13448.0,129,4,1423.26,0.5200159747260132,  Needs Nurturing
15104.0,107,2,1027.44,0.5198583094264416,  Needs Nurturing
17242.0,18,2,1135.04,0.5197207525937033,  Needs Nurturing
15618.0,2,3,419.041,0.5196789733626576,  Needs Nurturing
13476.0,89,2,1238.47,0.5195438900169321,  Needs Nurturing
15364.0,6,2,913.19,0.5187746847926137,  Needs Nurturing
16711.0,50,3,909.87,0.518624429630245,  Needs Nurturing
14265.0,19,2,530.18,0.5182861606445603,  Needs Nurturing
17505.0,72,2,1145.84,0.5179707873994824,  Needs Nurturing
13533.0,93,3,270.79,0.5175095212835671,  Needs Nurturing
14700.0,100,2,1557.6,0.5173556766392577,  Needs Nurturing
12816.0,6,2,572.2,0.5172256719027748,  Needs Nurturing
14286.0,153,1,2050.08,0.5170482661848811,  Needs Nurturing
14323.0,25,2,605.0600000000001,0.5168259484557088,  Needs Nurturing
12828.0,9,3,415.51,0.5164523912762397,  Needs Nurturing
12649.0,17,3,623.51,0.5163753734764427,  Needs Nurturing
15071.0,4,2,982.07,0.5163362732743466,  Needs Nurturing
18202.0,110,3,1396.99,0.516277421915563,  Needs Nurturing
15743.0,24,2,434.05,0.5151254532868242,  Needs Nurturing
17642.0,30,2,712.29,0.514995492503486,  Needs Nurturing
13410.0,97,3,545.04,0.5149107250075116,  Needs Nurturing
16723.0,1,2,589.15,0.5148807581813328,  Needs Nurturing
13799.0,27,2,688.86,0.5141836224079832,  Needs Nurturing
12616.0,5,2,713.3,0.514099496594816,  Needs Nurturing
14823.0,90,3,321.43,0.5138990200931082,  Needs Nurturing
16566.0,80,3,463.88,0.5134881296100474,  Needs Nurturing
18173.0,109,3,1728.8400000000001,0.5133614486949551,  Needs Nurturing
16037.0,180,3,855.02,0.5131095731518607,  Needs Nurturing
14628.0,1,2,671.96,0.512852077162017,  Needs Nurturing
15289.0,48,2,697.98,0.5127209553284916,  Needs Nurturing
12653.0,59,2,2209.85,0.5125718808396199,  Needs Nurturing
16040.0,58,2,876.1800000000001,0.5123677626989295,  Needs Nurturing
14442.0,115,2,1589.82,0.5122760410370479,  Needs Nurturing
12597.0,93,2,1428.81,0.5121909743754307,  Needs Nurturing
14504.0,153,3,542.71,0.5118669246042632,  Needs Nurturing
12717.0,61,2,1030.98,0.5111358001384774,  Needs Nurturing
18151.0,45,2,653.35,0.5111217292980594,  Needs Nurturing
14233.0,122,3,959.1,0.5109590581682311,  Needs Nurturing
13895.0,53,2,937.3000000000001,0.5107004366758087,  Needs Nurturing
14047.0,110,3,635.92,0.5104191828239699,  Needs Nurturing
18170.0,22,2,655.51,0.5103330946160963,  Needs Nurturing
18018.0,18,2,122.14,0.5102791612560555,  Needs Nurturing
16571.0,86,2,896.79,0.5102600297930365,  Needs Nurturing
12585.0,144,2,2040.1,0.510104443872871,  Needs Nurturing
13939.0,19,2,390.21,0.5097870630836846,  Needs Nurturing
17272.0,109,2,1409.44,0.5097109708668309,  Needs Nurturing
12728.0,167,3,617.31,0.5094571357733945,  Needs Nurturing
12414.0,127,3,562.41,0.509264907697264,  Needs Nurturing
13220.0,96,3,726.49,0.5090597690265178,  Needs Nurturing
17410.0,6,2,419.55,0.5084033989728884,  Needs Nurturing
12412.0,48,2,890.74,0.5083108669927975,  Needs Nurturing
13145.0,2,3,499.72,0.508291179102826,  Needs Nurturing
14828.0,107,3,2139.76,0.5081784654880537,  Needs Nurturing
12909.0,112,3,1528.37,0.5078064107620185,  Needs Nurturing
12461.0,4,2,826.88,0.5075114304126608,  Needs Nurturing
17299.0,10,2,268.19,0.5068321448278408,  Needs Nurturing
14965.0,6,2,599.0,0.5067564416260716,  Needs Nurturing
16023.0,102,2,500.69,0.5066318256422717,  Needs Nurturing
16877.0,62,2,188.98,0.5066106099394271,  Needs Nurturing
14441.0,5,2,697.4000000000001,0.5059924019524068,  Needs Nurturing
18263.0,66,2,811.4,0.5056470141955871,  Needs Nurturing
17527.0,20,2,606.62,0.5055159048031825,  Needs Nurturing
14775.0,48,2,701.46,0.5053671536344649,  Needs Nurturing
13890.0,17,2,501.11,0.5051673003596249,  Needs Nurturing
17180.0,151,3,564.86,0.5050228210987513,  Needs Nurturing
16042.0,18,2,460.28,0.5049681322245982,  Needs Nurturing
12924.0,108,3,655.27,0.5046483217056121,  Needs Nurturing
15985.0,33,2,1142.42,0.5045515963463479,  Needs Nurturing
15232.0,23,2,612.06,0.5045124222749483,  Needs Nurturing
15885.0,3,3,379.35,0.5041913739633952,  Needs Nurturing
14778.0,37,2,730.86,0.5040397411339557,  Needs Nurturing
13167.0,41,2,417.55,0.5040283452560257,  Needs Nurturing
15577.0,61,3,258.88,0.5031190197588546,  Needs Nurturing
15734.0,25,2,1339.45,0.5030652816105963,  Needs Nurturing
15117.0,31,2,675.73,0.5027984643043686,  Needs Nurturing
16637.0,34,2,530.55,0.5026188100059547,  Needs Nurturing
13402.0,37,2,621.23,0.5025526971014732,  Needs Nurturing
15494.0,31,1,1127.38,0.5025139406538175,  Needs Nurturing
15777.0,151,4,1047.11,0.5024929540280217,  Needs Nurturing
18145.0,115,2,1023.78,0.5024398133130532,  Needs Nurturing
14336.0,108,3,1114.39,0.501805111480586,  Needs Nurturing
13933.0,19,2,608.7900000000001,0.5017631157572771,  Needs Nurturing
17277.0,138,2,1065.3500000000001,0.5015963578202378,  Needs Nurturing
15747.0,30,2,549.47,0.501527080175696,  Needs Nurturing
12815.0,58,2,1063.46,0.5008308836912009,  Needs Nurturing
16083.0,11,2,1317.62,0.5006726895782576,  Needs Nurturing
13656.0,75,2,379.65,0.5003704168684525,  Needs Nurturing
16128.0,54,2,694.7,0.5002413009769809,  Needs Nurturing
17609.0,212,2,537.6899999999999,0.5000929951579269,  Needs Nurturing
12684.0,81,4,1379.48,0.49985933217669526,  Needs Nurturing
13159.0,16,2,851.59,0.49960204206705927,  Needs Nurturing
17015.0,95,1,524.5,0.499453575204495,  Needs Nurturing
13940.0,27,2,391.06,0.4994246873263568,  Needs Nurturing
16808.0,9,2,288.42,0.4991420825923489,  Needs Nurturing
14331.0,34,2,462.65999999999997,0.49893493718886667,  Needs Nurturing
17134.0,17,2,425.0,0.4988840538461598,  Needs Nurturing
13617.0,23,2,365.7,0.49880791170126176,  Needs Nurturing
17063.0,73,4,671.87,0.49859647676286784,  Needs Nurturing
14511.0,2,2,329.89,0.4984516695754826,  Needs Nurturing
12933.0,81,2,357.49,0.4981351984890846,  Needs Nurturing
14133.0,40,3,605.64,0.4973198567895573,  Needs Nurturing
17370.0,2,2,228.06,0.4972952842782823,  Needs Nurturing
12787.0,2,2,344.65999999999997,0.4969997971438932,  Needs Nurturing
14360.0,5,1,1134.69,0.49672528066152877,  Needs Nurturing
13435.0,20,3,1088.1200000000001,0.49667796275018516,  Needs Nurturing
17734.0,47,2,540.21,0.49651782442728415,  Needs Nurturing
17695.0,42,2,765.34,0.49638345485032326,  Needs Nurturing
14625.0,106,2,899.63,0.4962874282200819,  Needs Nurturing
13994.0,16,2,419.56,0.49617545516093076,  Needs Nurturing
13134.0,94,3,885.74,0.49593178495276735,  Needs Nurturing
16966.0,80,4,1486.56,0.49588040134163125,  Needs Nurturing
12754.0,146,3,3010.74,0.4957131397056946,  Needs Nurturing
16969.0,44,2,478.96000000000004,0.49570564279604307,  Needs Nurturing
13248.0,35,2,465.68,0.4955197612023131,  Needs Nurturing
13294.0,100,2,873.74,0.4952132511743984,  Needs Nurturing
17631.0,47,2,416.5,0.49381954768735803,  Needs Nurturing
12610.0,16,2,1256.25,0.49341575186716635,  Needs Nurturing
12348.0,159,3,1487.24,0.4933983520915215,  Needs Nurturing
14267.0,73,3,1516.24,0.49316838834402327,  Needs Nurturing
12854.0,151,2,810.37,0.49303110446439713,  Needs Nurturing
15563.0,111,2,735.62,0.49267293136091794,  Needs Nurturing
16950.0,34,2,778.41,0.4925006276397096,  Needs Nurturing
15411.0,34,2,382.21,0.4920445592201854,  Needs Nurturing
12592.0,2,2,437.6,0.4920037310586429,  Needs Nurturing
14817.0,110,2,1110.34,0.4918443510130848,  Needs Nurturing
12697.0,41,2,733.91,0.49169514879460485,  Needs Nurturing
17173.0,27,2,961.26,0.4914628180587007,  Needs Nurturing
17850.0,282,34,5391.21,0.49134962698291035,  Needs Nurturing
12593.0,19,3,418.09999999999997,0.4911694784056148,  Needs Nurturing
15858.0,199,2,816.22,0.49109898066641744,  Needs Nurturing
17507.0,172,2,605.58,0.4907993404246285,  Needs Nurturing
12363.0,20,2,552.0,0.49079510826235984,  Needs Nurturing
15367.0,156,2,1416.18,0.4906722771603844,  Needs Nurturing
16929.0,38,2,428.88,0.49040439363983257,  Needs Nurturing
12695.0,17,2,333.90000000000003,0.4903219237392713,  Needs Nurturing
15214.0,94,2,651.63,0.4901810393681981,  Needs Nurturing
13963.0,218,4,664.54,0.4901545645830197,  Needs Nurturing
14790.0,30,2,364.04,0.49007387967952853,  Needs Nurturing
15198.0,2,2,193.64,0.49005460817263263,  Needs Nurturing
17268.0,18,4,763.64,0.48983683205531847,  Needs Nurturing
14533.0,23,2,734.98,0.4898240149800215,  Needs Nurturing
15402.0,59,2,626.77,0.4896962800695518,  Needs Nurturing
17867.0,54,4,957.48,0.48946301555339716,  Needs Nurturing
15620.0,131,2,875.01,0.48882501825292224,  Needs Nurturing
14891.0,58,2,554.38,0.48868841180178746,  Needs Nurturing
13643.0,9,2,259.40000000000003,0.4881060568811818,  Needs Nurturing
16488.0,25,2,354.57,0.4880269583405681,  Needs Nurturing
15472.0,23,1,371.56,0.48775856145575075,  Needs Nurturing
12409.0,93,1,6207.08,0.48770832613395876,  Needs Nurturing
15394.0,114,2,1436.44,0.4874530271735961,  Needs Nurturing
17396.0,59,6,4801.8,0.4872710349542496,  Needs Nurturing
16232.0,53,3,725.04,0.48717355129440804,  Needs Nurturing
13928.0,17,2,225.45000000000002,0.4869068424159269,  Needs Nurturing
16828.0,3,2,128.5,0.48656434111538255,  Needs Nurturing
16998.0,60,4,295.0,0.48629664815770524,  Needs Nurturing
16464.0,52,1,385.0,0.48594031003970944,  Needs Nurturing
17373.0,44,2,287.3,0.48576772889627867,  Needs Nurturing
13310.0,116,2,817.65,0.48558146971785293,  Needs Nurturing
16099.0,48,2,592.1,0.4855145229901519,  Needs Nurturing
16385.0,68,2,274.85,0.4853557281818009,  Needs Nurturing
14176.0,207,4,576.9000000000001,0.48534647301783984,  Needs Nurturing
17795.0,90,2,350.39,0.4852576972055912,  Needs Nurturing
14834.0,30,2,429.3,0.4850469421593355,  Needs Nurturing
14522.0,2,2,760.6999999999999,0.4846386268010063,  Needs Nurturing
13203.0,31,2,309.86,0.48461532890077114,  Needs Nurturing
13564.0,54,3,1749.02,0.4844769887856862,  Needs Nurturing
16589.0,17,2,214.68,0.4844736926908524,  Needs Nurturing
18232.0,68,3,500.62,0.48437987487061585,  Needs Nurturing
13249.0,2,3,711.41,0.48431722305589603,  Needs Nurturing
13955.0,64,2,322.96,0.4842661758908671,  Needs Nurturing
13064.0,63,2,659.25,0.4842450520377193,  Needs Nurturing
13427.0,30,2,464.86,0.4841991401931283,  Needs Nurturing
12590.0,121,2,9864.26,0.48379147669417505,  Needs Nurturing
17837.0,58,3,376.51,0.4834314762041718,  Needs Nurturing
14915.0,1,2,307.48,0.4833794575638899,  Needs Nurturing
13242.0,22,3,270.40000000000003,0.48334109083878274,  Needs Nurturing
16980.0,165,2,1078.96,0.48306251618779394,  Needs Nurturing
13221.0,150,2,847.41,0.4829831394935524,  Needs Nurturing
13470.0,9,2,165.0,0.482902340365229,  Needs Nurturing
14146.0,165,2,1903.73,0.4828684185497871,  Needs Nurturing
13835.0,65,2,537.34,0.48251548866918204,  Needs Nurturing
17770.0,109,5,1143.27,0.48236903343295207,  Needs Nurturing
14338.0,71,2,588.22,0.4822766846892023,  Needs Nurturing
15258.0,79,2,623.16,0.4817290026854036,  Needs Nurturing
15164.0,118,2,368.18,0.48153731495860697,  Needs Nurturing
16431.0,123,3,642.81,0.48131482180114243,  Needs Nurturing
17604.0,127,2,309.36,0.48117615130220265,  Needs Nurturing
15436.0,144,1,489.05,0.4810058689522631,  Needs Nurturing
15831.0,34,2,451.11,0.48095341522713897,  Needs Nurturing
12510.0,53,2,982.5699999999999,0.48093713654859527,  Needs Nurturing
16174.0,36,3,1009.5500000000001,0.4806913021876223,  Needs Nurturing
18150.0,50,2,413.28,0.4806847956064264,  Needs Nurturing
13253.0,67,2,1030.4,0.48040549966232543,  Needs Nurturing
15440.0,46,2,237.66,0.48036354180686575,  Needs Nurturing
16139.0,22,2,306.37,0.48011827392997597,  Needs Nurturing
16927.0,26,3,543.05,0.4799200640924398,  Needs Nurturing
12356.0,156,2,2753.08,0.47889754598994766,  Needs Nurturing
17058.0,109,2,819.66,0.4787568090091913,  Needs Nurturing
14855.0,29,2,645.65,0.4778911792158955,  Needs Nurturing
17550.0,107,3,267.16,0.4774036688519062,  Needs Nurturing
14672.0,145,2,765.55,0.477365799665843,  Needs Nurturing
15116.0,45,2,790.97,0.4771266509408511,  Needs Nurturing
15384.0,80,2,642.41,0.4763977013511097,  Needs Nurturing
17653.0,10,2,343.34,0.4763499794175692,  Needs Nurturing
14045.0,19,4,1659.75,0.4759437714938188,  Needs Nurturing
17096.0,53,2,443.94,0.47579893325326,  Needs Nurturing
13107.0,86,2,935.22,0.47579037469586505,  Needs Nurturing
14645.0,67,2,597.09,0.4757255163768869,  Needs Nurturing
15182.0,64,2,622.85,0.4757075360122783,  Needs Nurturing
16474.0,55,1,355.57,0.47497123950158543,  Needs Nurturing
15053.0,66,2,478.6,0.47459823649840976,  Needs Nurturing
17749.0,88,2,674.52,0.47385403235169615,  Needs Nurturing
17926.0,43,2,397.29,0.47346827763642757,  Needs Nurturing
17777.0,10,1,194.7,0.4732250221955809,  Needs Nurturing
17256.0,17,2,240.0,0.4727349760275919,  Needs Nurturing
13647.0,85,2,803.86,0.47253222973161335,  Needs Nurturing
17064.0,93,2,461.3,0.4722954343634203,  Needs Nurturing
14198.0,55,2,356.95,0.47205390227969096,  Needs Nurturing
13675.0,61,2,486.82000000000005,0.4720435259889159,  Needs Nurturing
12609.0,96,2,800.73,0.47186553311095547,  Needs Nurturing
17754.0,52,2,575.06,0.4717903665791278,  Needs Nurturing
15952.0,69,2,327.8,0.47175954773610307,  Needs Nurturing
12679.0,116,2,906.38,0.47168185762464065,  Needs Nurturing
15700.0,82,2,696.68,0.47130614918988667,  Needs Nurturing
17742.0,23,2,355.11,0.4712079221845823,  Needs Nurturing
12823.0,37,4,1224.0,0.4711500423458236,  Needs Nurturing
16449.0,108,2,707.69,0.4709766138581807,  Needs Nurturing
16010.0,156,3,407.5,0.4709504760594,  Needs Nurturing
14482.0,9,2,465.95000000000005,0.47080872677363395,  Needs Nurturing
17147.0,117,2,973.11,0.4708059596418531,  Needs Nurturing
13667.0,59,1,305.02,0.47064719098354746,  Needs Nurturing
14829.0,94,3,531.63,0.4700228461640875,  Needs Nurturing
17884.0,222,3,602.84,0.46995923802479384,  Needs Nurturing
15110.0,37,2,376.55,0.4698440759847949,  Needs Nurturing
14447.0,106,2,601.03,0.4698292375629011,  Needs Nurturing
18081.0,23,2,208.05,0.4696740734480259,  Needs Nurturing
17704.0,79,2,885.19,0.469366499268691,  Needs Nurturing
12468.0,98,2,729.5400000000001,0.468934857044138,  Needs Nurturing
14896.0,115,2,468.77000000000004,0.46885525947143886,  Needs Nurturing
17615.0,40,3,329.6,0.4687806045082916,  Needs Nurturing
13611.0,81,2,636.72,0.468743824446402,  Needs Nurturing
16989.0,8,2,890.7,0.46819354895421517,  Needs Nurturing
14171.0,8,1,363.79,0.468007605592549,  Needs Nurturing
13309.0,117,2,546.64,0.46781456449226383,  Needs Nurturing
17579.0,48,2,270.86,0.4677547662811924,  Needs Nurturing
15759.0,128,3,253.04,0.46774924220686126,  Needs Nurturing
14481.0,75,2,636.51,0.46740998385963456,  Needs Nurturing
14883.0,74,2,358.48,0.46726696609399143,  Needs Nurturing
13414.0,44,3,1390.5,0.46717836119011474,  Needs Nurturing
13575.0,44,2,218.75,0.46710769011870623,  Needs Nurturing
14765.0,22,2,95.5,0.46694687200506246,  Needs Nurturing
14643.0,80,2,693.8100000000001,0.46648400012538355,  Needs Nurturing
13461.0,49,2,884.2,0.466390361552506,  Needs Nurturing
15799.0,95,2,481.24,0.46592088565007433,  Needs Nurturing
17929.0,23,3,707.0,0.4659002209479759,  Needs Nurturing
15561.0,60,3,449.66999999999996,0.4657595192751169,  Needs Nurturing
15464.0,248,1,1048.85,0.46538161760862673,  Needs Nurturing
15353.0,165,2,777.02,0.46524370522423897,  Needs Nurturing
13104.0,43,3,376.44,0.4648101664551183,  Needs Nurturing
17886.0,121,2,396.26,0.4647677421744343,  Needs Nurturing
14770.0,142,2,876.42,0.4646388694655189,  Needs Nurturing
15449.0,95,2,647.7,0.4643480540365782,  Needs Nurturing
17070.0,24,1,312.14,0.46428827406811807,  Needs Nurturing
17406.0,243,3,2200.42,0.4642695392156907,  Needs Nurturing
13591.0,114,2,776.23,0.46416724020879435,  Needs Nurturing
16053.0,32,1,1124.19,0.4641443790721969,  Needs Nurturing
12857.0,121,2,1106.4,0.4640634734609226,  Needs Nurturing
17115.0,93,2,612.82,0.46339365601403365,  Needs Nurturing
16230.0,100,2,542.03,0.46337528897712904,  Needs Nurturing
17838.0,202,3,1687.7,0.4632836227186184,  Needs Nurturing
17248.0,30,1,318.65,0.4630197934399545,  Needs Nurturing
18211.0,47,2,268.7,0.46290741898892246,  Needs Nurturing
12915.0,59,2,363.65,0.46288816505387415,  Needs Nurturing
14104.0,65,2,216.20999999999998,0.4628285935337756,  Needs Nurturing
15813.0,118,2,1303.9099999999999,0.46282440041535494,  Needs Nurturing
17483.0,44,2,274.74,0.4627893999317561,  Needs Nurturing
15643.0,102,3,664.0,0.4626594489793336,  Needs Nurturing
12541.0,83,2,536.14,0.4625278299855301,  Needs Nurturing
16883.0,97,2,276.73,0.4625260692266242,  Needs Nurturing
15918.0,101,2,334.23,0.4621618794768541,  Needs Nurturing
17630.0,80,2,503.59999999999997,0.4619946525043304,  Needs Nurturing
13705.0,55,2,522.68,0.4619761269940213,  Needs Nurturing
16054.0,55,1,783.9,0.46194850966064765,  Needs Nurturing
16910.0,1,1,111.78,0.4619095917263029,  Needs Nurturing
15679.0,64,2,260.26,0.46174507955599065,  Needs Nurturing
17339.0,4,2,243.36,0.46147025875380515,  Needs Nurturing
16979.0,58,2,555.65,0.4612825142630445,  Needs Nurturing
17890.0,233,2,602.09,0.46121775754532135,  Needs Nurturing
16112.0,53,4,195.73999999999998,0.4612009336679126,  Needs Nurturing
12865.0,34,1,981.38,0.4611487366761838,  Needs Nurturing
15421.0,125,3,739.36,0.46056712705014785,  Needs Nurturing
17073.0,19,1,453.79,0.4601863280836784,  Needs Nurturing
14737.0,39,2,1081.75,0.4601638049755098,  Needs Nurturing
14514.0,111,2,403.11,0.459993639867213,  Needs Nurturing
12493.0,76,2,433.74,0.4598011155889693,  Needs Nurturing
17905.0,67,3,618.99,0.4594507144293366,  Needs Nurturing
14226.0,120,2,1709.4,0.4593823954279426,  Needs Nurturing
16091.0,65,2,315.06,0.4592769014899242,  Needs Nurturing
12397.0,45,1,1214.81,0.4584943996358573,  Needs Nurturing
15433.0,124,2,533.3,0.45820124532845075,  Needs Nurturing
14818.0,79,2,409.63,0.4580972412961922,  Needs Nurturing
12507.0,44,3,1304.81,0.45802504537996286,  Needs Nurturing
13277.0,26,2,125.9,0.4577621613417793,  Needs Nurturing
15713.0,53,2,356.7,0.45735437861804573,  Needs Nurturing
15179.0,144,3,1455.12,0.45716579177117156,  Needs Nurturing
16038.0,87,2,393.33,0.45711386377144275,  Needs Nurturing
12913.0,193,3,866.39,0.45685491178715976,  Needs Nurturing
17262.0,137,4,955.3600000000001,0.4568444550098428,  Needs Nurturing
16539.0,130,3,1053.61,0.45654943993579794,  Needs Nurturing
14162.0,84,2,289.36,0.45652115682309424,  Needs Nurturing
13885.0,99,2,506.8,0.4563802951759265,  Needs Nurturing
13085.0,68,2,416.08000000000004,0.45591003155561466,  Needs Nurturing
14037.0,86,2,147.20000000000002,0.45586290431454396,  Needs Nurturing
15806.0,68,2,521.88,0.45557359986774637,  Needs Nurturing
17043.0,88,2,324.96999999999997,0.455465657721861,  Needs Nurturing
13650.0,117,2,745.52,0.4554075353663831,  Needs Nurturing
14264.0,65,2,333.97,0.4553922022236437,  Needs Nurturing
15681.0,93,3,703.22,0.4553420534367157,  Needs Nurturing
13005.0,84,2,513.7,0.4549801724906461,  Needs Nurturing
17917.0,166,2,230.46,0.45457015898732595,  Needs Nurturing
16085.0,147,2,325.04,0.4537843109541124,  Needs Nurturing
17708.0,98,2,267.08,0.45347010004878424,  Needs Nurturing
17930.0,72,2,694.14,0.4533439356192043,  Needs Nurturing
16173.0,2,2,635.05,0.45328013393281125,  Needs Nurturing
15380.0,51,2,582.5600000000001,0.4530333223505253,  Needs Nurturing
14342.0,47,2,419.74,0.45283124246012546,  Needs Nurturing
14515.0,101,2,765.65,0.45259233341556715,  Needs Nurturing
13644.0,16,1,851.09,0.45240109658507305,  Needs Nurturing
14744.0,208,5,928.03,0.45238949476985857,  Needs Nurturing
15107.0,221,6,319.5,0.4523744688628372,  Needs Nurturing
14905.0,68,2,616.15,0.45228834532751705,  Needs Nurturing
18146.0,51,2,160.35000000000002,0.45216668644539776,  Needs Nurturing
16498.0,71,2,100.97,0.45203995426637367,  Needs Nurturing
16987.0,80,3,629.45,0.45180877242789547,  Needs Nurturing
13827.0,44,2,300.76,0.4516454770620712,  Needs Nurturing
13731.0,129,2,610.59,0.4516075999976694,  Needs Nurturing
14880.0,95,2,363.27,0.4514076435400639,  Needs Nurturing
13791.0,38,2,1516.0,0.45119838837799325,  Needs Nurturing
15781.0,48,2,211.3,0.45056517443442795,  Needs Nurturing
14869.0,13,1,391.31,0.4500966694677005,  Needs Nurturing
16629.0,6,1,236.78,0.44977538012856894,  Needs Nurturing
14500.0,22,2,335.85,0.4496236352164532,  Needs Nurturing
15675.0,65,2,225.39,0.44961472400101393,  Needs Nurturing
16536.0,20,1,548.97,0.449413127642521,  Needs Nurturing
17420.0,81,2,391.51,0.44937590894532187,  Needs Nurturing
12534.0,41,1,1089.18,0.4490177775545862,  Needs Nurturing
12763.0,48,2,494.08,0.44899698886754286,  Needs Nurturing
13662.0,122,2,532.94,0.4487978457987484,  Needs Nurturing
12501.0,247,1,2169.39,0.4484819235364228,  Needs Nurturing
16362.0,1,3,380.05,0.4483156637817072,  Needs Nurturing
16835.0,38,2,180.85,0.44801479667689587,  Needs Nurturing
14256.0,170,2,969.0600000000001,0.44781001236122203,  Needs Nurturing
14475.0,96,2,622.17,0.44724822179423046,  Needs Nurturing
12372.0,123,2,914.9200000000001,0.44717797896739164,  Needs Nurturing
17618.0,158,2,666.78,0.4471204246494038,  Needs Nurturing
13741.0,94,2,363.13,0.4468876437152263,  Needs Nurturing
15032.0,166,3,4959.1,0.44667099619743367,  Needs Nurturing
16567.0,104,2,865.6,0.4464779211839408,  Needs Nurturing
15882.0,109,4,516.36,0.4464468877682771,  Needs Nurturing
17351.0,79,2,427.3,0.4464113870012082,  Needs Nurturing
12377.0,225,2,1628.12,0.44613100469701605,  Needs Nurturing
16325.0,65,2,416.02000000000004,0.446125405055175,  Needs Nurturing
13038.0,94,2,591.76,0.4460098197204205,  Needs Nurturing
12937.0,107,2,428.23,0.44582450580914873,  Needs Nurturing
13282.0,72,2,773.1,0.4457771579058387,  Needs Nurturing
12878.0,146,2,854.99,0.4456676152595653,  Needs Nurturing
13453.0,76,2,356.97999999999996,0.4456313804195092,  Needs Nurturing
15208.0,73,2,323.52,0.44554633659419185,  Needs Nurturing
17353.0,39,2,1740.0,0.44514555490636737,  Needs Nurturing
13692.0,124,2,871.58,0.44488072353542485,  Needs Nurturing
15325.0,14,1,162.29,0.44455005809850884,  Needs Nurturing
18183.0,137,2,632.07,0.44452274310391543,  Needs Nurturing
14529.0,20,1,135.24,0.4443082718914052,  Needs Nurturing
13846.0,152,2,663.9300000000001,0.44417754029466916,  Needs Nurturing
18136.0,122,2,600.85,0.4441561084594966,  Needs Nurturing
12851.0,7,1,135.18,0.44371481889237707,  Needs Nurturing
13077.0,200,3,577.44,0.44368727975526007,  Needs Nurturing
15069.0,89,1,1109.53,0.44340851181523777,  Needs Nurturing
14320.0,117,2,477.79,0.4433338695117125,  Needs Nurturing
17656.0,16,3,927.65,0.442841440783154,  Needs Nurturing
15074.0,15,1,748.87,0.4426651496294667,  Needs Nurturing
16402.0,175,2,299.6,0.44263919381858546,  Needs Nurturing
14553.0,129,2,312.32,0.44222289038143525,  Needs Nurturing
13420.0,60,2,159.85,0.4419970090955965,  Needs Nurturing
15689.0,30,2,254.1,0.44183432004677714,  Needs Nurturing
15866.0,11,1,230.53,0.44172550188130344,  Needs Nurturing
14335.0,6,1,359.25,0.4417183649406773,  Needs Nurturing
15912.0,88,2,264.62,0.44154531254088686,  Needs Nurturing
17649.0,48,1,868.49,0.44128476521263926,  Needs Nurturing
13238.0,74,2,318.85,0.441237844620324,  Needs Nurturing
13707.0,177,2,806.41,0.440886812530099,  Needs Nurturing
12999.0,106,3,455.88,0.44070891420307934,  Needs Nurturing
18155.0,81,2,266.56,0.44067856554471374,  Needs Nurturing
12724.0,83,2,280.36,0.440448000239202,  Needs Nurturing
16357.0,72,2,257.95,0.4401139412031147,  Needs Nurturing
13808.0,4,2,723.1,0.439974908827975,  Needs Nurturing
17781.0,69,2,188.02,0.4399429251846794,  Needs Nurturing
14620.0,116,2,412.78000000000003,0.4399086890432836,  Needs Nurturing
17158.0,143,2,698.55,0.4398236846520278,  Needs Nurturing
14512.0,98,2,275.28,0.4397685019480431,  Needs Nurturing
13949.0,5,1,537.9,0.4397452844862474,  Needs Nurturing
13405.0,114,2,557.45,0.4397019254752008,  Needs Nurturing
15480.0,26,1,905.5,0.43968749027768556,  Needs Nurturing
14491.0,85,2,340.93,0.43946087836468467,  Needs Nurturing
14419.0,163,2,307.56,0.4387071854571587,  Needs Nurturing
12393.0,156,3,1061.1000000000001,0.4386810547611014,  Needs Nurturing
12405.0,59,1,1710.39,0.43866098348130284,  Needs Nurturing
15648.0,114,2,657.35,0.4381301961805626,  Needs Nurturing
12654.0,108,3,337.75,0.43793999595846167,  Needs Nurturing
13079.0,1,2,59.5,0.4377295953929386,  Needs Nurturing
16838.0,107,2,588.85,0.43751158912161797,  Needs Nurturing
15852.0,97,2,160.71,0.4374226552618643,  Needs Nurturing
16902.0,26,1,1706.88,0.43721659760452575,  Needs Nurturing
15045.0,62,2,735.66,0.43716798994598743,  Needs Nurturing
15920.0,64,4,167.5,0.4368280732544793,  Needs Nurturing
16593.0,100,2,255.5,0.43678832355719116,  Needs Nurturing
12381.0,30,1,1268.74,0.436527720133931,  Needs Nurturing
12891.0,96,3,331.0,0.43635591441140037,  Needs Nurturing
12450.0,66,2,197.88,0.43626407863042127,  Needs Nurturing
16647.0,80,2,214.06,0.43585120520690285,  Needs Nurturing
12556.0,61,1,312.9,0.4355740819974215,  Needs Nurturing
13754.0,62,2,282.59999999999997,0.4353800360178173,  Needs Nurturing
14798.0,54,2,97.4,0.4348948608667867,  Needs Nurturing
13217.0,32,3,533.98,0.4348735247726304,  Needs Nurturing
17969.0,76,2,228.2,0.43484340218036954,  Needs Nurturing
14387.0,19,1,440.76,0.4342144970737401,  Needs Nurturing
18078.0,127,2,336.13,0.4337363784589424,  Needs Nurturing
16034.0,106,3,437.7,0.4326977429008102,  Needs Nurturing
17002.0,126,2,993.52,0.43259461672808375,  Needs Nurturing
15092.0,125,2,457.81,0.43223487619449746,  Needs Nurturing
18064.0,43,2,814.0,0.4322086179836469,  Needs Nurturing
17374.0,129,2,495.77,0.43167497787707965,  Needs Nurturing
16730.0,145,2,480.94,0.43147417992814147,  Needs Nurturing
17796.0,224,3,622.0,0.43108466453520544,  Needs Nurturing
16872.0,15,2,464.68000000000006,0.4309992018173451,  Needs Nurturing
17361.0,96,2,263.92,0.4305629921856135,  Needs Nurturing
14050.0,16,1,485.98,0.43055689324709734,  Needs Nurturing
12808.0,95,2,281.35,0.4305058383639472,  Needs Nurturing
14002.0,44,2,529.73,0.4303339504154743,  Needs Nurturing
13719.0,115,2,338.74,0.43032168891967476,  Needs Nurturing
17633.0,13,2,648.61,0.4299850860542244,  Needs Nurturing
15246.0,148,2,514.15,0.42989267000628134,  Needs Nurturing
13606.0,153,2,250.42,0.42974854798674594,  Needs Nurturing
16639.0,117,2,471.15000000000003,0.42950016837579574,  Needs Nurturing
13856.0,79,3,388.5,0.4290504147923028,  Needs Nurturing
14552.0,62,1,165.07,0.4286856993995157,  Needs Nurturing
15041.0,80,1,180.35,0.4286582660163988,  Needs Nurturing
12997.0,146,2,608.47,0.42840467708060914,  Needs Nurturing
17024.0,9,2,56.25,0.42800652154276886,  Needs Nurturing
16674.0,8,1,122.2,0.42786589455473417,  Needs Nurturing
18142.0,67,2,1019.52,0.42785276100342007,  Needs Nurturing
14277.0,122,1,1637.43,0.42777026489738756,  Needs Nurturing
17298.0,11,2,498.42,0.4271962206384521,  Needs Nurturing
15136.0,6,1,582.9,0.42718505892751196,  Needs Nurturing
17990.0,147,3,630.84,0.4270141824394496,  Needs Nurturing
15456.0,193,3,447.22,0.4266972885775396,  Needs Nurturing
13487.0,123,2,408.8,0.4263792590456824,  Needs Nurturing
12352.0,172,5,1561.81,0.425819466189093,  Needs Nurturing
16200.0,74,1,550.57,0.42576223103394323,  Needs Nurturing
14670.0,190,2,411.53,0.4256582736719851,  Needs Nurturing
12885.0,34,1,645.35,0.42539852040457704,  Needs Nurturing
16832.0,94,3,199.15,0.42522876875694976,  Needs Nurturing
13583.0,66,1,781.03,0.42513415343354527,  Needs Nurturing
12526.0,4,1,520.3,0.42491808671482045,  Needs Nurturing
18180.0,47,2,601.85,0.4247954282902829,  Needs Nurturing
14452.0,4,1,127.37,0.4244213843077248,  Needs Nurturing
12453.0,44,1,707.09,0.4241909678364453,  Needs Nurturing
13495.0,142,3,1072.43,0.4241774251509703,  Needs Nurturing
16869.0,76,2,387.68,0.42396667230505264,  Needs Nurturing
13823.0,2,1,650.42,0.4239210642366322,  Needs Nurturing
12364.0,22,1,623.92,0.4237938166988384,  Needs Nurturing
15267.0,66,2,1407.76,0.42370790864287633,  Needs Nurturing
13531.0,115,2,483.8,0.4235726942899867,  Needs Nurturing
13848.0,2,3,1255.0,0.4235344511337994,  Needs Nurturing
14053.0,34,2,260.25,0.42350131984258516,  Needs Nurturing
18190.0,102,2,284.46000000000004,0.4227467145912845,  Needs Nurturing
14420.0,9,1,387.52,0.42246093022967857,  Needs Nurturing
13479.0,111,2,300.95,0.422458330515879,  Needs Nurturing
16820.0,6,1,497.61,0.4224370844623699,  Needs Nurturing
12418.0,23,1,668.58,0.42234173199905517,  Needs Nurturing
13244.0,3,1,121.74000000000001,0.4222185860466069,  Needs Nurturing
16009.0,70,1,462.19,0.4222175094678621,  Needs Nurturing
13652.0,167,2,638.24,0.42218337497324054,  Needs Nurturing
14076.0,39,1,122.47,0.4220732909225064,  Needs Nurturing
16400.0,5,1,303.93,0.4218121731949373,  Needs Nurturing
17889.0,122,2,203.87,0.4216075413754953,  Needs Nurturing
12716.0,43,1,677.9,0.42142852015305526,  Needs Nurturing
17358.0,213,2,365.85,0.42130438478736904,  Needs Nurturing
17062.0,224,4,538.37,0.42091122595755126,  Needs Nurturing
17409.0,95,2,771.85,0.42085433088911534,  Needs Nurturing
16833.0,170,3,671.29,0.42073236389908103,  Needs Nurturing
13811.0,94,3,814.5,0.4202279614581753,  Needs Nurturing
17267.0,37,2,317.62,0.4200057107663927,  Needs Nurturing
13388.0,41,2,677.1,0.41992896420160936,  Needs Nurturing
16222.0,228,1,846.72,0.4199109666064471,  Needs Nurturing
17854.0,95,2,311.26,0.4195981183310286,  Needs Nurturing
17362.0,149,2,312.23,0.4193087288256914,  Needs Nurturing
15506.0,49,1,209.35,0.41925411425359166,  Needs Nurturing
12413.0,146,2,563.9,0.4192396177376951,  Needs Nurturing
17984.0,55,1,152.68,0.4190688039824077,  Needs Nurturing
12739.0,9,1,975.54,0.41863669316206725,  Needs Nurturing
12513.0,23,1,612.29,0.41812916415210205,  Needs Nurturing
16554.0,132,2,314.11,0.4179944255316458,  Needs Nurturing
13730.0,46,2,752.6,0.41787534739881216,  Needs Nurturing
15512.0,66,2,121.0,0.4177768013198523,  Needs Nurturing
17514.0,38,1,208.65,0.417709630382784,  Needs Nurturing
13592.0,116,3,205.51,0.41686017369505673,  Needs Nurturing
14779.0,191,3,386.15,0.41671646007873736,  Needs Nurturing
15081.0,118,2,248.05,0.41621525196360154,  Needs Nurturing
18218.0,121,2,662.08,0.41609463404885494,  Needs Nurturing
13837.0,122,2,271.24,0.4160772994390163,  Needs Nurturing
14631.0,145,2,630.08,0.41597155285729326,  Needs Nurturing
14377.0,101,2,617.05,0.41579604149247046,  Needs Nurturing
18200.0,16,1,163.8,0.4153584432593927,  Needs Nurturing
14067.0,7,1,224.67,0.41530218361839427,  Needs Nurturing
14459.0,65,1,1837.92,0.41527180225181676,  Needs Nurturing
17446.0,87,2,120.9,0.41516152591208494,  Needs Nurturing
12438.0,50,1,890.0699999999999,0.4150719268650744,  Needs Nurturing
14708.0,64,2,701.1800000000001,0.41498306605595137,  Needs Nurturing
15841.0,128,2,613.26,0.4149619343619076,  Needs Nurturing
15589.0,166,3,478.53000000000003,0.41460144397407067,  Needs Nurturing
14501.0,94,2,251.21,0.4144892977914353,  Needs Nurturing
15652.0,1,1,337.74,0.41445828685875724,  Needs Nurturing
17035.0,156,2,433.53000000000003,0.4143898492419297,  Needs Nurturing
14001.0,143,2,1309.14,0.4143774586761878,  Needs Nurturing
16389.0,115,2,670.17,0.41435902923582413,  Needs Nurturing
16603.0,1,1,296.62,0.41428871077948276,  Needs Nurturing
16734.0,24,2,306.15999999999997,0.41415531576322306,  Needs Nurturing
13210.0,4,1,353.48,0.413920581737997,  Needs Nurturing
13499.0,135,2,463.79,0.41390290876592245,  Needs Nurturing
15706.0,26,1,450.05,0.41364844265982725,  Needs Nurturing
17440.0,67,3,186.42000000000002,0.4135814839054823,  Needs Nurturing
17004.0,3,1,1006.4,0.413511303391722,  Needs Nurturing
14428.0,150,2,330.62,0.41297497462008204,  Needs Nurturing
12872.0,237,2,599.97,0.412925870801531,  Needs Nurturing
13355.0,32,1,674.7,0.4126630219381905,  Needs Nurturing
13115.0,94,1,878.55,0.41263211684968515,  Needs Nurturing
17392.0,217,2,457.91,0.411919467972345,  Needs Nurturing
12811.0,171,3,514.85,0.4114552978803435,  Needs Nurturing
15724.0,111,2,218.25,0.4110261042716306,  Needs Nurturing
15181.0,85,2,434.99999999999994,0.41078648289503544,  Needs Nurturing
15541.0,24,1,85.13000000000001,0.4103141736403468,  Needs Nurturing
15076.0,83,1,880.85,0.4097353731989541,  Needs Nurturing
12689.0,38,1,511.03,0.4094967855386206,  Needs Nurturing
13726.0,11,1,292.68,0.4094839044941521,  Needs Nurturing
15894.0,163,2,263.55,0.40936530653801134,  Needs Nurturing
16109.0,129,2,611.88,0.40922446437724047,  Needs Nurturing
16278.0,10,1,566.38,0.4091661112947257,  Needs Nurturing
15795.0,60,1,610.01,0.40908744262087426,  Needs Nurturing
17481.0,4,1,260.63,0.4089093194493718,  Needs Nurturing
14105.0,149,1,1266.23,0.40875521356737443,  Needs Nurturing
13563.0,50,1,310.88,0.4083882574620352,  Needs Nurturing
16226.0,113,3,255.12,0.40811022222381216,  Needs Nurturing
18027.0,9,1,115.31,0.40807473404783257,  Needs Nurturing
13155.0,237,2,569.2,0.40715351624926366,  Needs Nurturing
12794.0,9,1,317.0,0.40712923827264846,  Needs Nurturing
13368.0,167,2,623.4,0.4071230203570679,  Needs Nurturing
12582.0,149,2,511.36,0.40707474907915303,  Needs Nurturing
17405.0,60,1,393.31,0.40681382772019287,  Needs Nurturing
17451.0,16,1,346.01,0.4067376024010769,  Needs Nurturing
13224.0,61,1,1212.26,0.40643363027303675,  Needs Nurturing
18222.0,3,1,443.0,0.40620539913790527,  Needs Nurturing
12729.0,24,1,453.01,0.40590361263309216,  Needs Nurturing
14375.0,95,1,257.68,0.40589881926910765,  Needs Nurturing
16272.0,27,1,411.7,0.40584635201871544,  Needs Nurturing
13539.0,150,2,315.65,0.4057833515404763,  Needs Nurturing
15732.0,122,2,294.12,0.4057119038301454,  Needs Nurturing
12832.0,8,1,267.8,0.4054665178906844,  Needs Nurturing
12644.0,40,1,477.91,0.4052990657504194,  Needs Nurturing
13357.0,167,1,609.95,0.4051907195409206,  Needs Nurturing
12406.0,94,1,1621.25,0.405053984468256,  Needs Nurturing
15036.0,87,2,245.69,0.4049415565083851,  Needs Nurturing
12547.0,108,2,207.79999999999998,0.40478632238766443,  Needs Nurturing
13016.0,33,1,425.25,0.40476664843083887,  Needs Nurturing
15467.0,55,2,402.56,0.4047347787750957,  Needs Nurturing
17946.0,143,2,149.57999999999998,0.40469300583364703,  Needs Nurturing
12432.0,80,3,4016.66,0.4045145510493569,  Needs Nurturing
13555.0,112,2,1590.05,0.40421576574801416,  Needs Nurturing
12642.0,18,1,366.45,0.40405567129113007,  Needs Nurturing
16378.0,157,3,362.95,0.4037641115751768,  Needs Nurturing
14446.0,157,1,303.04,0.4037617991361435,  Needs Nurturing
12521.0,53,1,599.68,0.40376064919748367,  Needs Nurturing
17033.0,124,2,608.1,0.40328268484489344,  Needs Nurturing
15215.0,7,1,300.04,0.4032364557812002,  Needs Nurturing
17637.0,25,1,338.95,0.4032311198264717,  Needs Nurturing
14920.0,123,2,977.77,0.4030154712590865,  Needs Nurturing
17360.0,94,1,330.95,0.40298447999518106,  Needs Nurturing
13812.0,15,1,278.74,0.40263082443093523,  Needs Nurturing
16447.0,46,1,259.01,0.4024333516630876,  Needs Nurturing
14609.0,53,3,486.36,0.4024292679533974,  Needs Nurturing
15791.0,114,1,1223.24,0.40236898491508816,  Needs Nurturing
13236.0,17,1,439.23,0.4023466940062131,  Needs Nurturing
13045.0,9,1,305.28000000000003,0.4022770688219363,  Needs Nurturing
18261.0,6,1,224.8,0.40223210202958654,  Needs Nurturing
17597.0,124,1,2044.3700000000001,0.40218608218103497,  Needs Nurturing
13291.0,66,1,361.11,0.40165724124828484,  Needs Nurturing
17736.0,23,1,307.49,0.4013951517423355,  Needs Nurturing
15026.0,150,2,230.78,0.4013658157009157,  Needs Nurturing
13946.0,112,2,485.96999999999997,0.4012101962730078,  Needs Nurturing
14220.0,157,2,632.4,0.4011628061447,  Needs Nurturing
13929.0,79,2,842.65,0.4011310292563039,  Needs Nurturing
12990.0,95,2,263.9,0.4008241010092891,  Needs Nurturing
12715.0,16,1,353.86,0.40080903842576154,  Needs Nurturing
18149.0,126,2,549.68,0.4002602926699784,  Needs Nurturing
13339.0,111,1,860.12,0.4001779514365174,  Needs Nurturing
12635.0,65,1,683.64,0.3997021937500022,  At Risk / Churned
17616.0,84,3,571.1999999999999,0.3995858034008697,  At Risk / Churned
14616.0,153,3,406.08000000000004,0.3994242447406859,  At Risk / Churned
12991.0,22,1,303.56,0.39927130530917293,  At Risk / Churned
13889.0,3,1,416.90000000000003,0.3992616298218586,  At Risk / Churned
17912.0,220,5,311.01,0.39913863490692214,  At Risk / Churned
18071.0,168,2,453.0,0.398996708938391,  At Risk / Churned
15587.0,53,2,456.84,0.39894099346948414,  At Risk / Churned
16201.0,20,1,303.8,0.3988823633254653,  At Risk / Churned
13029.0,49,2,773.1999999999999,0.3988697421203783,  At Risk / Churned
17779.0,54,1,323.09,0.3985618271326618,  At Risk / Churned
13243.0,113,1,600.07,0.39838871991873687,  At Risk / Churned
14108.0,12,1,291.33,0.3983798602803484,  At Risk / Churned
16330.0,22,2,48.96,0.3982475237485207,  At Risk / Churned
17223.0,220,2,426.79,0.39823213531604434,  At Risk / Churned
15057.0,185,2,1489.5,0.39810576866149483,  At Risk / Churned
17660.0,51,1,196.0,0.3978288218756078,  At Risk / Churned
17935.0,48,2,145.79,0.39781201759261287,  At Risk / Churned
16952.0,19,2,167.61,0.3977355343172489,  At Risk / Churned
12844.0,40,1,174.88,0.39762640797780996,  At Risk / Churned
16957.0,149,2,416.64,0.39758805960240473,  At Risk / Churned
14682.0,98,2,52.0,0.3975798083181347,  At Risk / Churned
14141.0,15,1,285.16,0.39747995572098704,  At Risk / Churned
14593.0,109,2,339.59,0.39737614713509556,  At Risk / Churned
16217.0,145,2,304.25,0.3971551404610516,  At Risk / Churned
14921.0,111,1,903.01,0.3971504376496286,  At Risk / Churned
14242.0,145,2,280.55,0.3970538300027399,  At Risk / Churned
13441.0,2,1,296.64,0.39668887028884264,  At Risk / Churned
13116.0,48,1,501.14,0.3964643059523069,  At Risk / Churned
15307.0,6,1,205.3,0.39645884873710063,  At Risk / Churned
17962.0,52,1,102.83,0.39632342874226545,  At Risk / Churned
13649.0,167,2,346.6,0.39621392792989335,  At Risk / Churned
13959.0,191,2,337.44,0.39606444054856316,  At Risk / Churned
13223.0,110,2,163.20000000000002,0.3959888276620891,  At Risk / Churned
18121.0,59,2,673.1,0.39557245802709723,  At Risk / Churned
14418.0,18,1,150.44,0.39543587769085564,  At Risk / Churned
12424.0,73,2,1760.96,0.3952233443402408,  At Risk / Churned
15205.0,37,1,476.29999999999995,0.3952108678287696,  At Risk / Churned
14824.0,1,1,441.91,0.39514402534614496,  At Risk / Churned
16221.0,186,2,315.37,0.3948165041229201,  At Risk / Churned
16882.0,149,2,215.70000000000002,0.3947830237527081,  At Risk / Churned
15746.0,44,1,196.88,0.39475379801264343,  At Risk / Churned
13411.0,17,1,213.55,0.3946983234580991,  At Risk / Churned
15123.0,116,1,1069.47,0.39452654037023344,  At Risk / Churned
16761.0,7,1,316.62,0.3943701159583074,  At Risk / Churned
12680.0,23,1,311.78,0.39424553437926974,  At Risk / Churned
16250.0,171,2,389.44,0.39422415047852255,  At Risk / Churned
14451.0,105,1,360.0,0.39417373973203745,  At Risk / Churned
17309.0,5,1,82.75,0.39410978278474823,  At Risk / Churned
12518.0,20,1,324.83,0.3940087717745644,  At Risk / Churned
16968.0,18,1,253.31,0.39389098215541746,  At Risk / Churned
15342.0,40,1,406.09,0.39361006310666874,  At Risk / Churned
15051.0,60,1,377.74,0.393541508227933,  At Risk / Churned
14561.0,72,2,566.99,0.3934144836424353,  At Risk / Churned
16897.0,209,2,289.78,0.3933500742340202,  At Risk / Churned
15507.0,82,1,492.36,0.39333728742731205,  At Risk / Churned
14479.0,164,2,316.25,0.3928313061632935,  At Risk / Churned
14208.0,5,1,151.74,0.39274789077149763,  At Risk / Churned
18167.0,16,1,498.48,0.3926880232211997,  At Risk / Churned
15438.0,41,1,156.57999999999998,0.39262330750192587,  At Risk / Churned
13235.0,122,1,1031.07,0.3926067770296485,  At Risk / Churned
12845.0,177,4,354.09,0.39241889637833766,  At Risk / Churned
16364.0,47,1,347.55,0.39239265557662006,  At Risk / Churned
17573.0,4,1,174.71,0.39231221421573487,  At Risk / Churned
15372.0,47,1,2007.3999999999999,0.3922525487642221,  At Risk / Churned
13500.0,33,1,326.4,0.39223854330407154,  At Risk / Churned
14651.0,121,1,416.32,0.39200486176757005,  At Risk / Churned
17095.0,209,2,543.96,0.3918744302274092,  At Risk / Churned
12436.0,10,1,509.01,0.39178316115287937,  At Risk / Churned
14857.0,58,1,522.52,0.39177841382470846,  At Risk / Churned
15639.0,44,1,425.32,0.3913249094810884,  At Risk / Churned
15850.0,78,1,118.88,0.391185127887968,  At Risk / Churned
13075.0,40,1,919.61,0.3911716412965698,  At Risk / Churned
16121.0,126,1,287.89,0.39105618287608107,  At Risk / Churned
14222.0,87,1,683.17,0.3910521155166019,  At Risk / Churned
13849.0,81,1,593.5799999999999,0.390903156682466,  At Risk / Churned
15149.0,44,1,520.8000000000001,0.39083662409010694,  At Risk / Churned
15139.0,150,2,178.96,0.39076022639876073,  At Risk / Churned
13621.0,27,1,213.85,0.3907482902701189,  At Risk / Churned
13568.0,83,1,192.85,0.3906906933855371,  At Risk / Churned
17194.0,184,2,262.62,0.3897658774167572,  At Risk / Churned
14024.0,32,2,327.7,0.3896874552370059,  At Risk / Churned
13273.0,23,1,138.98,0.38947447036570765,  At Risk / Churned
16600.0,163,2,237.46,0.3893115328058025,  At Risk / Churned
18013.0,65,2,187.29,0.3891296071779981,  At Risk / Churned
12354.0,142,1,1079.4,0.38887672195418505,  At Risk / Churned
12375.0,8,1,230.3,0.38884081319835717,  At Risk / Churned
15263.0,17,1,156.51,0.38876906216348595,  At Risk / Churned
13189.0,25,1,127.0,0.3886333536917992,  At Risk / Churned
14660.0,11,1,128.95,0.3886116880562173,  At Risk / Churned
15608.0,31,1,285.68,0.3884334750121085,  At Risk / Churned
14100.0,48,1,194.9,0.388142150395833,  At Risk / Churned
16641.0,16,1,231.10000000000002,0.3880672094257225,  At Risk / Churned
17797.0,93,1,272.41,0.38795146994217905,  At Risk / Churned
17133.0,100,3,2478.79,0.3879458234607877,  At Risk / Churned
13642.0,126,1,354.8,0.3879207691164419,  At Risk / Churned
14503.0,89,1,597.07,0.3877908621376941,  At Risk / Churned
16147.0,44,1,375.0,0.38767509840532105,  At Risk / Churned
17152.0,105,3,1689.5,0.3874707001027536,  At Risk / Churned
15315.0,26,1,233.54,0.38740857262974077,  At Risk / Churned
14722.0,57,1,187.92000000000002,0.3873205676682784,  At Risk / Churned
14436.0,9,1,89.06,0.38704875672005745,  At Risk / Churned
14009.0,108,2,695.61,0.38688727917119686,  At Risk / Churned
15469.0,30,1,304.3,0.3866836620942952,  At Risk / Churned
14523.0,18,1,241.09,0.386178212248193,  At Risk / Churned
17707.0,95,2,152.4,0.3858412484322078,  At Risk / Churned
15396.0,23,1,288.18,0.38583578732237017,  At Risk / Churned
18099.0,37,1,168.31,0.38583099080958705,  At Risk / Churned
16961.0,26,1,234.17,0.38571422975099967,  At Risk / Churned
15584.0,72,1,154.65,0.3854278900708156,  At Risk / Churned
18265.0,68,1,488.55,0.3853966722482667,  At Risk / Churned
15018.0,163,2,291.34000000000003,0.3853765461339502,  At Risk / Churned
12833.0,55,1,417.38,0.385269103649825,  At Risk / Churned
16305.0,49,1,361.21999999999997,0.3851119530235583,  At Risk / Churned
17830.0,172,2,287.65000000000003,0.38495228514243846,  At Risk / Churned
16292.0,32,1,302.25,0.3848330905032811,  At Risk / Churned
14690.0,62,1,216.71,0.38483219317255546,  At Risk / Churned
15254.0,37,1,300.36,0.3847572619533575,  At Risk / Churned
15120.0,44,1,358.82,0.3845727160732494,  At Risk / Churned
14658.0,27,1,123.14,0.3843228712628342,  At Risk / Churned
17891.0,72,1,203.85999999999999,0.38425211108829893,  At Risk / Churned
13276.0,10,1,137.38,0.3841778931007023,  At Risk / Churned
15891.0,137,1,524.52,0.3841696924479449,  At Risk / Churned
14972.0,38,1,114.77,0.38413660331479793,  At Risk / Churned
12492.0,15,1,126.39000000000001,0.3840671995204897,  At Risk / Churned
13778.0,13,1,178.7,0.38363577578375957,  At Risk / Churned
13023.0,40,1,336.40000000000003,0.38292002238940404,  At Risk / Churned
16552.0,153,2,379.73,0.3828897910594611,  At Risk / Churned
15663.0,16,1,138.14,0.3827621649130177,  At Risk / Churned
15881.0,222,5,501.39000000000004,0.3826427259595477,  At Risk / Churned
13434.0,7,1,72.84,0.3826135213756838,  At Risk / Churned
14649.0,122,2,584.22,0.38259427089826065,  At Risk / Churned
12962.0,23,1,170.54000000000002,0.38219672665199456,  At Risk / Churned
13919.0,32,1,213.15,0.38217154216286486,  At Risk / Churned
13736.0,170,1,357.53,0.3817184078439632,  At Risk / Churned
15776.0,43,1,241.62,0.38166195375226997,  At Risk / Churned
16634.0,133,2,217.9,0.38162576628558,  At Risk / Churned
13833.0,69,1,384.8,0.3812411099505354,  At Risk / Churned
15690.0,11,1,111.0,0.3812156051644627,  At Risk / Churned
14493.0,65,1,611.22,0.3811162380346691,  At Risk / Churned
16555.0,20,1,151.98,0.3811121767648231,  At Risk / Churned
12571.0,32,1,248.35,0.3810842414973196,  At Risk / Churned
15801.0,20,1,137.22,0.3810835124627665,  At Risk / Churned
14400.0,59,1,574.7,0.38091233220516085,  At Risk / Churned
12879.0,2,1,140.5,0.38089417747295445,  At Risk / Churned
13819.0,212,3,1140.35,0.38058090612368833,  At Risk / Churned
14772.0,22,1,139.26,0.3804209905384969,  At Risk / Churned
14154.0,149,2,1345.62,0.38027714691975706,  At Risk / Churned
17183.0,15,1,329.67,0.3799894302026728,  At Risk / Churned
15261.0,45,1,254.82,0.37969006807060046,  At Risk / Churned
12750.0,39,1,275.88,0.37966765064634556,  At Risk / Churned
12641.0,25,1,185.9,0.37938373324333163,  At Risk / Churned
17047.0,115,2,749.4300000000001,0.3793738497926917,  At Risk / Churned
12922.0,71,1,405.38,0.37922985722503155,  At Risk / Churned
16546.0,201,2,787.15,0.3791494610287001,  At Risk / Churned
17892.0,65,1,142.1,0.3790298510657672,  At Risk / Churned
15105.0,45,1,532.98,0.37902290738954025,  At Risk / Churned
12888.0,124,2,354.12,0.3787635514275443,  At Risk / Churned
13718.0,156,2,306.55,0.37875348201710063,  At Risk / Churned
14687.0,17,1,628.38,0.3787032543183729,  At Risk / Churned
16022.0,170,1,628.28,0.3786266708902003,  At Risk / Churned
17899.0,69,1,155.8,0.37844208009396796,  At Risk / Churned
15623.0,51,1,301.03,0.3781243275959603,  At Risk / Churned
14034.0,67,2,473.90999999999997,0.3774203482175014,  At Risk / Churned
17159.0,82,1,528.45,0.3773350912393389,  At Risk / Churned
14301.0,27,1,640.14,0.37730529960409576,  At Risk / Churned
17844.0,17,1,51.559999999999995,0.37721482036126275,  At Risk / Churned
15299.0,74,5,3035.01,0.37701056771750735,  At Risk / Churned
13130.0,4,1,64.0,0.37693798713440096,  At Risk / Churned
14963.0,94,1,294.2,0.3766253636424341,  At Risk / Churned
18122.0,61,1,119.19,0.3765132606949551,  At Risk / Churned
12904.0,82,1,244.69,0.37649036092140925,  At Risk / Churned
13200.0,36,1,319.32,0.3761927941745898,  At Risk / Churned
14314.0,17,1,120.0,0.3759645547435857,  At Risk / Churned
13761.0,90,1,491.71000000000004,0.37591266152628694,  At Risk / Churned
12897.0,115,2,216.5,0.3757888549414947,  At Risk / Churned
13344.0,188,1,1656.15,0.3756713505298504,  At Risk / Churned
12615.0,78,1,634.74,0.3755275585916875,  At Risk / Churned
17584.0,37,1,749.45,0.375481858824115,  At Risk / Churned
13109.0,67,1,369.85,0.3754325149716625,  At Risk / Churned
14937.0,40,1,759.56,0.3751444684738235,  At Risk / Churned
14567.0,40,1,800.76,0.3748703654897189,  At Risk / Churned
13497.0,193,2,348.05,0.37470302755418994,  At Risk / Churned
15839.0,58,1,299.18,0.37453421486858446,  At Risk / Churned
17051.0,104,1,247.14000000000001,0.37422657947359533,  At Risk / Churned
15942.0,44,1,337.44,0.3742095067816047,  At Risk / Churned
15683.0,27,1,193.75,0.3741895755913903,  At Risk / Churned
12380.0,96,1,607.5500000000001,0.3741044422732119,  At Risk / Churned
17053.0,41,1,498.48,0.3738843163307914,  At Risk / Churned
14406.0,29,1,156.75,0.3738042397089799,  At Risk / Churned
17693.0,47,1,200.47,0.373511314211095,  At Risk / Churned
15903.0,138,2,641.6400000000001,0.37350518844277236,  At Risk / Churned
15901.0,65,1,110.49,0.3732874825814607,  At Risk / Churned
14862.0,59,1,304.09999999999997,0.3732753819003107,  At Risk / Churned
13813.0,45,1,385.14,0.37302289242305847,  At Risk / Churned
12886.0,130,1,775.0,0.3729685809423642,  At Risk / Churned
13474.0,146,1,229.59,0.37285245992587646,  At Risk / Churned
14195.0,112,2,1012.0,0.37253679496279046,  At Risk / Churned
18147.0,19,1,98.88,0.37225064014166787,  At Risk / Churned
16484.0,84,2,404.3,0.3718793879315564,  At Risk / Churned
12384.0,32,1,292.69,0.3717049353087246,  At Risk / Churned
17122.0,29,1,138.32,0.3716800124956936,  At Risk / Churned
17109.0,142,2,464.59000000000003,0.37158624108474547,  At Risk / Churned
15653.0,3,2,877.4399999999999,0.3715677273930145,  At Risk / Churned
13311.0,60,1,490.11,0.3714703674739471,  At Risk / Churned
14440.0,227,2,1185.71,0.37137874156163625,  At Risk / Churned
14114.0,184,2,386.53,0.37127838374822186,  At Risk / Churned
13745.0,72,1,300.04,0.3711175511351933,  At Risk / Churned
16866.0,51,3,207.73999999999998,0.37104785810186475,  At Risk / Churned
13151.0,206,1,1257.8700000000001,0.3708987794894291,  At Risk / Churned
12648.0,65,1,318.05,0.37089126024383756,  At Risk / Churned
16461.0,88,1,151.42,0.3706680963356927,  At Risk / Churned
14229.0,202,2,762.13,0.3706480380043371,  At Risk / Churned
13513.0,37,1,205.1,0.37042527635857525,  At Risk / Churned
14712.0,22,1,115.72,0.3702533412474331,  At Risk / Churned
15585.0,87,1,455.3,0.37023364704804806,  At Risk / Churned
15537.0,73,1,110.92,0.37020411526344477,  At Risk / Churned
14720.0,37,1,155.8,0.3699642154090136,  At Risk / Churned
17135.0,200,2,500.55,0.36980566251569785,  At Risk / Churned
15197.0,163,2,773.25,0.3695526739801365,  At Risk / Churned
12968.0,22,1,135.95,0.36953611962386873,  At Risk / Churned
13379.0,47,1,136.29,0.3693679437649335,  At Risk / Churned
12465.0,79,1,440.94,0.3692493444614843,  At Risk / Churned
14517.0,52,1,252.45,0.3690155255150871,  At Risk / Churned
17266.0,58,1,113.06,0.3688150487601294,  At Risk / Churned
12981.0,43,1,187.18,0.3686658504636236,  At Risk / Churned
14947.0,41,1,178.5,0.36865693963024937,  At Risk / Churned
17124.0,95,1,298.89,0.36860209255448173,  At Risk / Churned
17887.0,39,1,111.35,0.3684846537806881,  At Risk / Churned
14048.0,215,1,409.93,0.3681099029944667,  At Risk / Churned
17289.0,90,1,167.35999999999999,0.3678309055498425,  At Risk / Churned
16302.0,37,1,233.22,0.36759831598134707,  At Risk / Churned
17694.0,52,1,283.12,0.36754329680267583,  At Risk / Churned
17040.0,48,1,449.73,0.3674165336871606,  At Risk / Churned
15485.0,246,2,1278.63,0.3673066199422018,  At Risk / Churned
17960.0,81,1,73.78,0.3672835154639159,  At Risk / Churned
18282.0,36,1,100.21000000000001,0.3672504244441806,  At Risk / Churned
18262.0,50,1,149.48,0.3672055900920571,  At Risk / Churned
16427.0,173,2,241.06,0.36712531078699684,  At Risk / Churned
13506.0,226,2,458.52,0.3670440562750214,  At Risk / Churned
14885.0,42,1,765.3199999999999,0.36701391617928575,  At Risk / Churned
17816.0,179,2,21.31,0.3670025196242818,  At Risk / Churned
18024.0,63,2,389.78,0.3668503018627091,  At Risk / Churned
15386.0,96,1,394.14,0.3667113126681482,  At Risk / Churned
17076.0,184,2,334.2,0.3662745931273508,  At Risk / Churned
14079.0,35,1,375.1,0.36623575260031727,  At Risk / Churned
12988.0,202,1,535.32,0.36622600425480406,  At Risk / Churned
16762.0,54,1,314.15000000000003,0.36618844759273,  At Risk / Churned
17856.0,143,3,1142.63,0.36615161120038014,  At Risk / Churned
13601.0,121,1,373.2,0.3658762704422907,  At Risk / Churned
17768.0,76,1,411.33,0.36542612596971014,  At Risk / Churned
16113.0,93,1,161.38,0.3653121408058595,  At Risk / Churned
17724.0,48,1,373.1,0.365229204609578,  At Risk / Churned
16253.0,165,1,1700.4,0.36516397476926726,  At Risk / Churned
16469.0,156,2,276.88,0.3650012566674785,  At Risk / Churned
18127.0,44,1,139.6,0.36483802023635836,  At Risk / Churned
16275.0,107,1,559.87,0.3646044800912727,  At Risk / Churned
15073.0,96,2,861.96,0.36440925646428013,  At Risk / Churned
12814.0,12,1,125.92,0.36420632279461557,  At Risk / Churned
14988.0,122,1,334.54,0.36415873573764834,  At Risk / Churned
13338.0,68,1,487.02,0.3641028710972446,  At Risk / Churned
17046.0,67,1,642.02,0.36405710684118897,  At Risk / Churned
13930.0,47,1,210.0,0.3640506722493095,  At Risk / Churned
13218.0,37,1,62.63999999999999,0.3635932554734943,  At Risk / Churned
16205.0,90,1,112.35,0.3635163431830314,  At Risk / Churned
14145.0,67,3,2851.2,0.36350345309514526,  At Risk / Churned
15130.0,80,1,330.11,0.36335178847589394,  At Risk / Churned
16529.0,100,1,455.25,0.3632736140524071,  At Risk / Churned
15019.0,177,1,266.0,0.3631507410176294,  At Risk / Churned
16614.0,93,1,506.19,0.3631252647657927,  At Risk / Churned
14143.0,44,1,115.8,0.36288024796398083,  At Risk / Churned
13261.0,179,2,944.1,0.36280885931285173,  At Risk / Churned
16149.0,52,1,163.68,0.3625030723409521,  At Risk / Churned
16582.0,23,1,313.62,0.36242247713612263,  At Risk / Churned
14847.0,59,1,309.4,0.36237662186465974,  At Risk / Churned
13936.0,90,1,376.58,0.3623193991973696,  At Risk / Churned
15247.0,32,1,356.0,0.3623185461352522,  At Risk / Churned
14495.0,31,1,40.599999999999994,0.362285268974344,  At Risk / Churned
16117.0,100,1,232.21,0.3622452536245788,  At Risk / Churned
13658.0,114,1,933.3,0.36223177083032415,  At Risk / Churned
15488.0,3,1,91.32000000000001,0.36221107657583,  At Risk / Churned
18101.0,53,1,110.23,0.36217203466329717,  At Risk / Churned
15921.0,83,1,336.03000000000003,0.36209790817620224,  At Risk / Churned
15832.0,164,1,836.79,0.36207752323482084,  At Risk / Churned
17759.0,79,2,167.15,0.36202989609602004,  At Risk / Churned
13699.0,65,1,308.58000000000004,0.3615434194771006,  At Risk / Churned
16660.0,121,2,384.36,0.361492989862016,  At Risk / Churned
13300.0,79,1,371.89,0.36144570100364887,  At Risk / Churned
16066.0,34,1,316.38,0.3614439296195318,  At Risk / Churned
14716.0,59,1,188.56,0.3614267618151428,  At Risk / Churned
13365.0,128,1,700.6,0.36100838502503524,  At Risk / Churned
12620.0,115,1,561.66,0.360831962913415,  At Risk / Churned
14931.0,116,2,586.0,0.3605112337811923,  At Risk / Churned
13133.0,184,2,109.8,0.3603447834748966,  At Risk / Churned
12527.0,205,2,284.92,0.35997610706067806,  At Risk / Churned
13502.0,185,2,189.16,0.3597901356840524,  At Risk / Churned
12876.0,106,1,726.43,0.3597264915184712,  At Risk / Churned
17788.0,40,1,16.7,0.35969058097055734,  At Risk / Churned
12589.0,55,1,131.5,0.3595140387099535,  At Risk / Churned
17031.0,65,1,225.95,0.35929179999731375,  At Risk / Churned
18242.0,106,2,694.08,0.35927467983604794,  At Risk / Churned
16116.0,122,1,612.78,0.35923051331912886,  At Risk / Churned
18203.0,67,1,160.42000000000002,0.3591223409536875,  At Risk / Churned
16093.0,17,1,17.0,0.3586160935872589,  At Risk / Churned
13678.0,62,1,232.6,0.3585340534955249,  At Risk / Churned
13681.0,65,1,203.46,0.35824206451691254,  At Risk / Churned
15016.0,83,1,170.04,0.35804712079279316,  At Risk / Churned
16557.0,47,1,101.15,0.35743454484333215,  At Risk / Churned
13398.0,102,1,457.34,0.3568223002949594,  At Risk / Churned
18193.0,75,1,243.76,0.356769865941208,  At Risk / Churned
12379.0,80,1,459.84,0.3566048384568087,  At Risk / Churned
13439.0,165,1,283.71,0.3564349607700189,  At Risk / Churned
12802.0,97,1,427.58,0.35609700929068516,  At Risk / Churned
16178.0,48,1,197.9,0.35602764183025903,  At Risk / Churned
14383.0,74,1,242.09,0.3558721189402027,  At Risk / Churned
16358.0,94,1,462.15000000000003,0.3557643091262622,  At Risk / Churned
13572.0,116,1,1384.25,0.35568826461870523,  At Risk / Churned
14477.0,94,2,523.0,0.35537399264658626,  At Risk / Churned
16836.0,27,1,91.32000000000001,0.3549910521892247,  At Risk / Churned
18085.0,240,2,689.95,0.3549422642211693,  At Risk / Churned
16341.0,111,1,797.65,0.3547980352510736,  At Risk / Churned
12426.0,105,1,582.73,0.3545776245642483,  At Risk / Churned
14768.0,37,1,133.20000000000002,0.3544995607727708,  At Risk / Churned
17866.0,53,1,329.65,0.35439913895070746,  At Risk / Churned
13991.0,53,1,126.35,0.3543735559190162,  At Risk / Churned
12809.0,88,1,489.31,0.3543485444438552,  At Risk / Churned
16440.0,125,1,272.46,0.35415792640263094,  At Risk / Churned
15145.0,137,2,724.03,0.35380351547387,  At Risk / Churned
16997.0,198,3,702.0,0.3536901106736065,  At Risk / Churned
13737.0,110,1,339.59999999999997,0.3536372573123851,  At Risk / Churned
14622.0,95,1,320.58000000000004,0.3536165762930482,  At Risk / Churned
16829.0,67,1,197.22,0.35357975783278733,  At Risk / Churned
12559.0,221,2,561.71,0.353561062292143,  At Risk / Churned
13645.0,30,1,252.1,0.35354043994985596,  At Risk / Churned
16450.0,60,1,311.92,0.35342737496202575,  At Risk / Churned
15676.0,194,1,897.8,0.35322806879145213,  At Risk / Churned
14489.0,117,1,463.38,0.3531899400876651,  At Risk / Churned
13296.0,47,1,87.4,0.35285777838316196,  At Risk / Churned
15578.0,72,1,127.1,0.35277757869704274,  At Risk / Churned
14591.0,123,1,250.22,0.3526934578725531,  At Risk / Churned
17939.0,70,1,99.14,0.35264165689580396,  At Risk / Churned
15599.0,114,1,448.83,0.3524861226969452,  At Risk / Churned
15457.0,172,1,237.07,0.3523711691784566,  At Risk / Churned
14259.0,52,1,120.0,0.3523177609640162,  At Risk / Churned
13147.0,10,1,118.80000000000001,0.352275155284377,  At Risk / Churned
17490.0,87,1,305.2,0.35226031724697154,  At Risk / Churned
18287.0,112,1,765.28,0.35192047108779717,  At Risk / Churned
13194.0,46,1,60.7,0.35191934954950554,  At Risk / Churned
16338.0,67,1,214.79999999999998,0.3517820196298104,  At Risk / Churned
14029.0,54,1,165.20000000000002,0.3516818319789622,  At Risk / Churned
15840.0,83,1,241.74,0.35165987267647225,  At Risk / Churned
15280.0,82,1,113.12,0.35154644394701295,  At Risk / Churned
15007.0,69,1,156.91,0.35115256184195204,  At Risk / Churned
15895.0,60,1,179.17,0.3511233351336989,  At Risk / Churned
12514.0,177,1,1017.68,0.35106151363949895,  At Risk / Churned
14496.0,222,2,538.8100000000001,0.3510309936582636,  At Risk / Churned
16824.0,74,1,222.9,0.3508022131193639,  At Risk / Churned
13421.0,200,1,825.04,0.3506779639481845,  At Risk / Churned
17621.0,222,2,901.78,0.3506365433021557,  At Risk / Churned
14453.0,100,1,119.93,0.35059108042907,  At Risk / Churned
14873.0,120,1,519.68,0.3505030651099339,  At Risk / Churned
16247.0,80,1,114.56,0.3504898740305823,  At Risk / Churned
17169.0,93,1,308.68,0.3504572575680293,  At Risk / Churned
16616.0,67,1,210.10000000000002,0.3503410704535968,  At Risk / Churned
12358.0,61,1,484.86,0.3503290304286863,  At Risk / Churned
14327.0,73,1,311.65,0.35016392699687476,  At Risk / Churned
18112.0,76,1,196.64,0.3498938055157151,  At Risk / Churned
13395.0,95,1,307.72,0.3498402302833336,  At Risk / Churned
12930.0,81,1,221.56,0.34981532469698573,  At Risk / Churned
13343.0,88,1,353.43,0.34969762358329337,  At Risk / Churned
14548.0,61,2,652.8,0.34962009644460207,  At Risk / Churned
13546.0,111,1,188.16,0.34957256349373833,  At Risk / Churned
16526.0,82,1,290.36,0.34951216489151476,  At Risk / Churned
17101.0,88,1,230.57999999999998,0.349505744925551,  At Risk / Churned
15313.0,20,1,52.0,0.3493320793016174,  At Risk / Churned
17110.0,75,1,163.29999999999998,0.3493020467090088,  At Risk / Churned
16967.0,99,1,319.02,0.3492129239423538,  At Risk / Churned
12977.0,66,1,39.239999999999995,0.34910685270421477,  At Risk / Churned
13308.0,113,1,814.95,0.3489356691335991,  At Risk / Churned
15256.0,59,1,98.45,0.3487608849886099,  At Risk / Churned
16279.0,87,1,359.08000000000004,0.348539397480559,  At Risk / Churned
15314.0,109,1,327.97,0.3484762879579464,  At Risk / Churned
17026.0,95,2,154.82999999999998,0.3484240255150348,  At Risk / Churned
16892.0,94,1,102.97999999999999,0.3482977383664051,  At Risk / Churned
14117.0,54,1,90.0,0.34799556218563754,  At Risk / Churned
14196.0,17,1,335.52,0.3478972423240354,  At Risk / Churned
13805.0,39,1,500.24,0.34733036466907835,  At Risk / Churned
15374.0,39,1,168.0,0.3470523833144066,  At Risk / Churned
15826.0,121,1,720.0,0.3470393518575453,  At Risk / Churned
13493.0,185,2,618.63,0.3468300638502114,  At Risk / Churned
16018.0,90,1,161.9,0.3467011424467893,  At Risk / Churned
15253.0,80,1,173.85,0.3466955164168035,  At Risk / Churned
16763.0,109,1,611.85,0.3466675260523661,  At Risk / Churned
13544.0,151,1,122.91,0.3465090015907568,  At Risk / Churned
13466.0,94,1,307.9,0.3462273700092522,  At Risk / Churned
14984.0,91,1,110.17999999999999,0.3462222604736517,  At Risk / Churned
12837.0,83,1,134.1,0.3461045189610859,  At Risk / Churned
12694.0,93,1,439.5,0.34603847436665847,  At Risk / Churned
15184.0,101,1,235.23000000000002,0.3460019675708781,  At Risk / Churned
18072.0,96,1,247.44,0.3458845619331656,  At Risk / Churned
15186.0,78,1,229.26,0.34573551587156276,  At Risk / Churned
15609.0,94,1,298.48,0.34569903304641014,  At Risk / Churned
12790.0,102,1,324.92,0.3456142563050416,  At Risk / Churned
14731.0,116,2,251.01999999999998,0.3455506827794814,  At Risk / Churned
12578.0,240,1,1608.66,0.3453704071309664,  At Risk / Churned
13669.0,60,1,48.150000000000006,0.34532296376566524,  At Risk / Churned
14389.0,101,1,311.14,0.3452271938807018,  At Risk / Churned
13058.0,62,1,47.550000000000004,0.3449293947586362,  At Risk / Churned
16960.0,163,1,201.53,0.34450694358509526,  At Risk / Churned
16624.0,107,1,426.43,0.3444384517186613,  At Risk / Churned
16308.0,18,3,1600.0,0.3441589628615469,  At Risk / Churned
17619.0,222,1,218.52,0.34410254757119596,  At Risk / Churned
14647.0,111,1,243.22,0.3440170425900148,  At Risk / Churned
16739.0,87,1,323.0,0.3439753730315115,  At Risk / Churned
15292.0,111,1,180.94,0.3439217430932657,  At Risk / Churned
16483.0,102,1,139.35,0.34366591054232776,  At Risk / Churned
15252.0,93,1,300.55,0.34360830575086587,  At Risk / Churned
13501.0,198,1,1340.32,0.343592136115554,  At Risk / Churned
15880.0,279,1,343.28000000000003,0.34354009738901764,  At Risk / Churned
17464.0,68,1,289.96000000000004,0.34340037279859575,  At Risk / Churned
13663.0,89,1,189.47,0.34326715212920783,  At Risk / Churned
16462.0,96,2,68.0,0.34301784290933446,  At Risk / Churned
17877.0,80,1,237.61,0.34292855124126387,  At Risk / Churned
17747.0,23,1,71.4,0.3426391487566182,  At Risk / Churned
15381.0,124,2,596.85,0.34236140234368123,  At Risk / Churned
12793.0,245,2,545.48,0.3423416676014536,  At Risk / Churned
17234.0,93,1,149.89000000000001,0.34223412553219845,  At Risk / Churned
13618.0,84,1,177.34,0.34218044972481443,  At Risk / Churned
14149.0,131,1,446.62,0.3421630848958201,  At Risk / Churned
13307.0,30,1,15.0,0.34211581628208215,  At Risk / Churned
13937.0,79,1,158.85,0.34208750679492883,  At Risk / Churned
16823.0,137,1,358.38,0.34190664635607926,  At Risk / Churned
17970.0,121,1,582.59,0.34182318344340307,  At Risk / Churned
13121.0,179,1,283.73,0.3416004379581724,  At Risk / Churned
12769.0,149,1,1143.6,0.3415331592945469,  At Risk / Churned
13967.0,56,1,80.7,0.3414646391761019,  At Risk / Churned
16114.0,81,1,135.75000000000003,0.3414484300829296,  At Risk / Churned
15897.0,104,2,222.05,0.3413523652306769,  At Risk / Churned
14795.0,76,1,131.45000000000002,0.34121685592835194,  At Risk / Churned
13341.0,171,1,775.85,0.3409345572766134,  At Risk / Churned
18160.0,110,1,318.55,0.34066085635581633,  At Risk / Churned
13826.0,86,1,189.5,0.34007925707516723,  At Risk / Churned
16287.0,80,1,142.5,0.3399981389485974,  At Risk / Churned
18273.0,6,2,153.0,0.33994413638468784,  At Risk / Churned
16239.0,100,1,347.9,0.3399045979516677,  At Risk / Churned
17263.0,118,1,63.440000000000005,0.3398406800938903,  At Risk / Churned
12732.0,90,1,236.26000000000002,0.3398117819032647,  At Risk / Churned
16050.0,84,1,137.9,0.3396249573780879,  At Risk / Churned
15489.0,121,1,348.26,0.3391949370061461,  At Risk / Churned
15412.0,81,1,190.53,0.3390784199384045,  At Risk / Churned
13708.0,181,1,296.88,0.3387821992774584,  At Risk / Churned
13887.0,114,1,349.55,0.33875506416946344,  At Risk / Churned
14820.0,83,1,139.77,0.3387514940540253,  At Risk / Churned
15630.0,115,1,396.86,0.33856825879430696,  At Risk / Churned
13207.0,61,1,197.52000000000004,0.338308398031008,  At Risk / Churned
13099.0,9,1,207.35999999999999,0.33808230448566906,  At Risk / Churned
16321.0,215,3,223.65,0.33797325058709465,  At Risk / Churned
17624.0,128,1,400.3,0.3378262595299902,  At Risk / Churned
15655.0,153,1,560.67,0.3378245770722684,  At Risk / Churned
17537.0,213,1,630.7,0.33778060357518025,  At Risk / Churned
16448.0,108,1,188.89000000000001,0.33775260698787674,  At Risk / Churned
14888.0,117,1,369.2,0.3377416118372713,  At Risk / Churned
17709.0,80,1,137.45,0.33764422675901223,  At Risk / Churned
16463.0,114,1,319.37,0.3375572246609472,  At Risk / Churned
17526.0,201,3,872.8,0.3375422393831171,  At Risk / Churned
16810.0,102,1,309.54,0.33748272580369854,  At Risk / Churned
17123.0,72,1,345.29999999999995,0.3374173747413587,  At Risk / Churned
17531.0,100,1,296.7,0.33734679926611,  At Risk / Churned
16383.0,178,1,309.46,0.3372255573118829,  At Risk / Churned
14022.0,135,1,440.0,0.33722333583654795,  At Risk / Churned
15437.0,172,1,200.16,0.3371542665038717,  At Risk / Churned
16861.0,68,1,70.80000000000001,0.3368514300025684,  At Risk / Churned
17324.0,242,2,702.23,0.33684222299515215,  At Risk / Churned
17157.0,86,1,161.46,0.3367509962282923,  At Risk / Churned
12548.0,76,1,95.19999999999999,0.33672625177574195,  At Risk / Churned
12516.0,91,1,583.2,0.3366497636164294,  At Risk / Churned
14697.0,128,2,188.60999999999999,0.3363105102670764,  At Risk / Churned
13589.0,90,1,147.0,0.33620227732612007,  At Risk / Churned
16142.0,160,1,535.34,0.33601015554152297,  At Risk / Churned
15219.0,86,1,305.75,0.3359638083129515,  At Risk / Churned
17664.0,122,1,326.19,0.33587346066967344,  At Risk / Churned
16369.0,107,1,354.45,0.33582341607981575,  At Risk / Churned
14566.0,21,1,1432.0,0.3357703646632877,  At Risk / Churned
17367.0,148,1,168.4,0.335714687525484,  At Risk / Churned
13131.0,98,1,324.9,0.3356796542725667,  At Risk / Churned
17898.0,117,1,99.84,0.33558931729230823,  At Risk / Churned
14130.0,229,1,483.86,0.33552961481291843,  At Risk / Churned
13055.0,124,1,344.86,0.3352577171477953,  At Risk / Churned
14997.0,88,1,155.28,0.3348803955402022,  At Risk / Churned
15969.0,96,1,308.7,0.33474625733353847,  At Risk / Churned
17408.0,73,1,32.65,0.334711184204701,  At Risk / Churned
16399.0,145,1,178.41,0.33463644675845344,  At Risk / Churned
16581.0,93,1,105.84,0.33446524598592764,  At Risk / Churned
17155.0,88,1,143.3,0.33413058830426906,  At Risk / Churned
17987.0,95,1,198.57,0.3335832342484814,  At Risk / Churned
13686.0,93,1,72.0,0.3335559317595818,  At Risk / Churned
18009.0,145,1,257.34,0.33339567180345375,  At Risk / Churned
13672.0,211,2,186.39000000000001,0.33333170504310966,  At Risk / Churned
17349.0,89,1,110.75,0.33329841195219406,  At Risk / Churned
18165.0,87,1,302.46000000000004,0.3329824441823311,  At Risk / Churned
16611.0,96,1,129.49,0.33269154860941885,  At Risk / Churned
12987.0,108,1,304.3,0.33264558002223504,  At Risk / Churned
14241.0,94,1,213.70000000000002,0.33249743122063974,  At Risk / Churned
15068.0,166,1,239.95999999999998,0.3321498651127364,  At Risk / Churned
12976.0,122,1,738.6,0.3321437322449352,  At Risk / Churned
18189.0,178,1,633.1,0.331591989745377,  At Risk / Churned
18281.0,91,1,80.82,0.33154987977086897,  At Risk / Churned
13080.0,89,1,58.08,0.33151882892508894,  At Risk / Churned
14152.0,144,1,314.51,0.33128741679500046,  At Risk / Churned
14332.0,58,1,119.04,0.33124065357234583,  At Risk / Churned
12394.0,127,1,381.08,0.33116817124145176,  At Risk / Churned
17312.0,49,3,644.3,0.33102826061729806,  At Risk / Churned
17941.0,41,1,304.56,0.3309335457382415,  At Risk / Churned
17501.0,131,2,288.6,0.33090950023669535,  At Risk / Churned
16849.0,97,1,124.57,0.3307854065401307,  At Risk / Churned
16852.0,86,1,113.06,0.3306447797125556,  At Risk / Churned
16965.0,137,1,201.19,0.3305492983657412,  At Risk / Churned
17764.0,121,1,261.97,0.33033275922143696,  At Risk / Churned
15925.0,104,1,207.15,0.33031934386223716,  At Risk / Churned
17176.0,112,1,306.13,0.33012284231883043,  At Risk / Churned
16834.0,138,1,413.46,0.32997059169509113,  At Risk / Churned
17193.0,87,2,448.56000000000006,0.32990901591709004,  At Risk / Churned
13680.0,248,2,2391.59,0.3299004998614599,  At Risk / Churned
18252.0,82,1,69.89999999999999,0.3298437400780172,  At Risk / Churned
16963.0,97,1,110.55000000000001,0.32941005596883755,  At Risk / Churned
17972.0,152,1,136.04,0.32938301751613946,  At Risk / Churned
16298.0,97,1,114.3,0.3293636571795229,  At Risk / Churned
15147.0,150,1,623.5,0.32931728258692483,  At Risk / Churned
16825.0,96,1,318.7,0.32930522054207373,  At Risk / Churned
15517.0,143,1,267.03,0.3292108895372708,  At Risk / Churned
13052.0,122,1,348.15000000000003,0.32920783409829885,  At Risk / Churned
16216.0,177,1,914.9300000000001,0.329167038086629,  At Risk / Churned
12573.0,137,1,160.54000000000002,0.3290226545658344,  At Risk / Churned
16642.0,118,1,307.73,0.32872704296686955,  At Risk / Churned
15124.0,102,1,90.75,0.32865387007751456,  At Risk / Churned
17536.0,87,1,76.5,0.3283510572015905,  At Risk / Churned
13062.0,101,1,346.98,0.3281256253432219,  At Risk / Churned
13070.0,102,1,228.8,0.3280904196093525,  At Risk / Churned
15163.0,102,1,155.0,0.3280645011379044,  At Risk / Churned
17582.0,146,1,175.27,0.3279478569374815,  At Risk / Churned
18120.0,124,1,111.15,0.32774693743883543,  At Risk / Churned
12690.0,116,1,389.01,0.327677634338922,  At Risk / Churned
13990.0,123,1,311.3,0.32764260503537856,  At Risk / Churned
16392.0,180,1,221.19,0.3274497921476913,  At Risk / Churned
16777.0,167,1,177.25,0.3273816510979857,  At Risk / Churned
15909.0,84,1,191.94,0.327111920596355,  At Risk / Churned
14288.0,123,1,426.6,0.32694317058960803,  At Risk / Churned
17029.0,21,2,716.0,0.326932165436759,  At Risk / Churned
16344.0,68,1,101.10000000000001,0.32685086601227875,  At Risk / Churned
12982.0,153,1,390.54,0.3267463490034219,  At Risk / Churned
15109.0,156,1,484.95,0.32674481514083115,  At Risk / Churned
16721.0,172,1,292.47,0.3266202128313728,  At Risk / Churned
13258.0,115,1,224.62,0.3265690794686992,  At Risk / Churned
17900.0,100,2,112.19999999999999,0.3264139600564266,  At Risk / Churned
13780.0,81,1,116.28000000000002,0.3261692346808985,  At Risk / Churned
16257.0,87,1,46.95,0.326068199551803,  At Risk / Churned
15225.0,144,1,409.40000000000003,0.3259446586302765,  At Risk / Churned
15865.0,124,1,313.93,0.325910669790162,  At Risk / Churned
14542.0,96,1,103.25,0.32577926705966487,  At Risk / Churned
16233.0,240,2,326.5,0.3256790076922239,  At Risk / Churned
15552.0,127,1,90.12,0.32566187443459305,  At Risk / Churned
17974.0,130,1,172.77,0.32560112531914476,  At Risk / Churned
17489.0,123,1,208.56,0.3254413820651853,  At Risk / Churned
14000.0,121,1,635.66,0.3254365606416999,  At Risk / Churned
17783.0,158,1,112.41,0.32536453492740974,  At Risk / Churned
13485.0,143,1,454.24,0.32534919243895016,  At Risk / Churned
12864.0,48,1,147.12,0.32517284936550295,  At Risk / Churned
15210.0,135,1,331.18,0.3251171173138745,  At Risk / Churned
17955.0,109,4,557.3,0.32471016265477676,  At Risk / Churned
14549.0,221,1,289.24,0.32451080506626473,  At Risk / Churned
13196.0,172,1,512.13,0.3243677687471749,  At Risk / Churned
14859.0,114,1,296.86,0.3241570577430553,  At Risk / Churned
12506.0,143,1,73.5,0.32405890610808485,  At Risk / Churned
16769.0,170,1,380.39,0.3238586107652831,  At Risk / Churned
16643.0,156,1,487.51,0.3238448183820944,  At Risk / Churned
13570.0,153,1,239.49,0.3236056442959419,  At Risk / Churned
16094.0,129,1,252.1,0.3235593574624753,  At Risk / Churned
14304.0,133,1,383.45,0.32351373906129993,  At Risk / Churned
14280.0,107,1,134.04,0.32342161686293885,  At Risk / Churned
17166.0,114,1,127.59,0.3233362120376294,  At Risk / Churned
13417.0,115,1,236.0,0.3233201024185031,  At Risk / Churned
14960.0,81,1,88.3,0.3232622736287915,  At Risk / Churned
13934.0,174,1,922.1,0.3232332604366435,  At Risk / Churned
13972.0,112,1,145.9,0.323232374608144,  At Risk / Churned
14723.0,268,3,471.0,0.32320763448080725,  At Risk / Churned
15405.0,99,1,349.1,0.3230831606598305,  At Risk / Churned
15757.0,128,1,261.36,0.3230317330834412,  At Risk / Churned
15452.0,174,1,247.25,0.32281900537625957,  At Risk / Churned
18268.0,44,1,25.5,0.3228021042220905,  At Risk / Churned
13917.0,102,1,65.38,0.3222426224843517,  At Risk / Churned
12829.0,247,2,293.0,0.32208044558036686,  At Risk / Churned
13682.0,97,1,59.5,0.3220349887472445,  At Risk / Churned
12447.0,153,1,476.49,0.32192826716386624,  At Risk / Churned
12733.0,144,1,383.95,0.32183405441945356,  At Risk / Churned
16152.0,179,1,1829.04,0.32178025434417995,  At Risk / Churned
16756.0,125,1,239.4,0.3216836403203269,  At Risk / Churned
15408.0,174,1,267.18,0.3216579424365962,  At Risk / Churned
12917.0,38,1,594.0,0.3214792219262435,  At Risk / Churned
13657.0,112,1,152.34,0.32146462998464925,  At Risk / Churned
17871.0,115,1,155.9,0.32111819430086025,  At Risk / Churned
13711.0,129,2,252.06,0.32103660225753455,  At Risk / Churned
14689.0,119,1,112.8,0.32103310526462825,  At Risk / Churned
17198.0,275,2,521.66,0.32097501038963644,  At Risk / Churned
17521.0,109,1,159.56,0.32093066065763676,  At Risk / Churned
12974.0,108,1,144.8,0.3207511989366643,  At Risk / Churned
15825.0,82,1,532.94,0.3207027335258837,  At Risk / Churned
12764.0,227,1,1693.88,0.32069916104199364,  At Risk / Churned
17245.0,115,1,171.45,0.3206463727814801,  At Risk / Churned
16229.0,123,1,358.2,0.3206385305373198,  At Risk / Churned
13283.0,96,1,25.5,0.3204570368931761,  At Risk / Churned
16185.0,143,1,335.0,0.3203530235601426,  At Risk / Churned
16494.0,207,1,826.53,0.32017651304930705,  At Risk / Churned
16424.0,101,1,133.56,0.3199090387814377,  At Risk / Churned
17455.0,114,1,131.7,0.3197830338827882,  At Risk / Churned
13976.0,117,1,357.98,0.31956901860097076,  At Risk / Churned
14036.0,195,1,626.65,0.31945435374239034,  At Risk / Churned
13989.0,149,1,896.6700000000001,0.3194242805194999,  At Risk / Churned
15230.0,149,2,429.6,0.31931538663341974,  At Risk / Churned
16947.0,146,1,406.48,0.3193052824777453,  At Risk / Churned
16659.0,99,1,39.12,0.3191771312746538,  At Risk / Churned
14287.0,109,2,83.28,0.3191543190989493,  At Risk / Churned
14934.0,193,1,828.84,0.31898789409601025,  At Risk / Churned
18048.0,113,2,172.29000000000002,0.3188643962717253,  At Risk / Churned
17120.0,143,1,307.46,0.3188448246519812,  At Risk / Churned
13561.0,126,1,141.85999999999999,0.31874424505759047,  At Risk / Churned
17697.0,146,1,338.95,0.3185264987930302,  At Risk / Churned
13166.0,193,1,417.2,0.31807181169932375,  At Risk / Churned
12355.0,124,1,459.4,0.31801991584724437,  At Risk / Churned
12545.0,170,1,628.15,0.3179968439522129,  At Risk / Churned
15863.0,103,1,9.2,0.31783832995875977,  At Risk / Churned
12849.0,179,1,704.5,0.3175655115215976,  At Risk / Churned
13389.0,143,1,257.89,0.3174725714313988,  At Risk / Churned
18135.0,100,1,109.82000000000001,0.3173701274874248,  At Risk / Churned
15321.0,202,1,1159.47,0.31733834095053937,  At Risk / Churned
17893.0,135,1,112.25,0.3173057277788875,  At Risk / Churned
13760.0,166,1,135.09,0.317183198514503,  At Risk / Churned
16193.0,147,1,314.45,0.31702974831221575,  At Risk / Churned
17701.0,163,1,417.95,0.3170286228925259,  At Risk / Churned
15067.0,193,1,848.05,0.3169418665836471,  At Risk / Churned
14665.0,207,3,731.66,0.31686976986831084,  At Risk / Churned
16208.0,199,1,497.59,0.31678572258221677,  At Risk / Churned
12580.0,157,1,415.7,0.31661481668135577,  At Risk / Churned
14421.0,122,1,455.18,0.3165562869033614,  At Risk / Churned
13106.0,43,1,76.5,0.31655351813524885,  At Risk / Churned
13740.0,151,1,350.75,0.3165444585544482,  At Risk / Churned
14819.0,102,1,84.72,0.3163771138020391,  At Risk / Churned
17391.0,74,2,508.8,0.3161429763722636,  At Risk / Churned
15143.0,136,1,259.45,0.3161047007332524,  At Risk / Churned
15745.0,146,1,302.85,0.31610201448491704,  At Risk / Churned
14551.0,114,1,125.43,0.31592766204367506,  At Risk / Churned
14311.0,153,1,310.26,0.3158878753010842,  At Risk / Churned
12386.0,248,2,401.9,0.3157849639695932,  At Risk / Churned
14995.0,190,1,119.31,0.3155870779252968,  At Risk / Churned
12457.0,144,3,1067.25,0.3155155019655694,  At Risk / Churned
15705.0,111,1,143.1,0.3154857552151983,  At Risk / Churned
16690.0,112,1,86.5,0.31546431198483055,  At Risk / Churned
17658.0,121,1,317.59999999999997,0.3152821928854821,  At Risk / Churned
16697.0,151,1,112.75,0.3151860760450665,  At Risk / Churned
16495.0,186,2,246.51,0.3150924726355361,  At Risk / Churned
14619.0,156,1,394.44,0.31469157020180655,  At Risk / Churned
15528.0,164,1,229.33,0.31465030422803253,  At Risk / Churned
14206.0,149,1,328.15999999999997,0.3146317491714374,  At Risk / Churned
14173.0,129,1,114.04,0.3146055432018524,  At Risk / Churned
16006.0,121,1,101.4,0.3144275933032429,  At Risk / Churned
13227.0,112,1,257.7,0.3144220206917786,  At Risk / Churned
13404.0,123,1,217.81,0.31441220576278267,  At Risk / Churned
15333.0,118,1,1028.56,0.3142774428483244,  At Risk / Churned
16933.0,149,1,224.73,0.3136309353904124,  At Risk / Churned
12701.0,152,1,337.08,0.3136005697323881,  At Risk / Churned
17331.0,34,1,175.2,0.313543447209727,  At Risk / Churned
15042.0,109,1,135.93,0.3133695015224846,  At Risk / Churned
16008.0,115,1,139.15,0.3132468707880356,  At Risk / Churned
14055.0,16,1,725.6400000000001,0.3131412067843442,  At Risk / Churned
14699.0,124,1,109.13000000000001,0.31260022199184695,  At Risk / Churned
12770.0,121,1,1351.45,0.31249940419564126,  At Risk / Churned
13358.0,179,1,439.03,0.3121514189642837,  At Risk / Churned
13863.0,158,1,305.78,0.31214169474888304,  At Risk / Churned
15223.0,136,2,755.75,0.31191060683803473,  At Risk / Churned
16446.0,116,1,2.9,0.31181793104313954,  At Risk / Churned
12353.0,114,1,89.0,0.3117802921163117,  At Risk / Churned
16587.0,142,1,225.15,0.31174656240052184,  At Risk / Churned
16374.0,172,1,156.3,0.3116539682059828,  At Risk / Churned
14157.0,195,1,277.17,0.31155920710424084,  At Risk / Churned
13529.0,115,1,181.1,0.31151080913312806,  At Risk / Churned
17499.0,200,1,622.88,0.31139395449769264,  At Risk / Churned
17879.0,84,1,178.51999999999998,0.3113505924262645,  At Risk / Churned
15415.0,223,1,572.8100000000001,0.31133960500459956,  At Risk / Churned
13867.0,128,1,138.85,0.3112545597886404,  At Risk / Churned
17486.0,171,1,396.87,0.3111709946531857,  At Risk / Churned
16065.0,275,1,372.09,0.3111518601696502,  At Risk / Churned
15014.0,86,1,117.72999999999999,0.3110304055143805,  At Risk / Churned
17968.0,284,1,277.35,0.31088228912870497,  At Risk / Churned
14071.0,170,2,356.81,0.3108116377341601,  At Risk / Churned
15406.0,211,1,252.29,0.31071228414447777,  At Risk / Churned
17670.0,138,1,205.7,0.31052424304472503,  At Risk / Churned
16457.0,128,1,208.36,0.31043296415008254,  At Risk / Churned
13229.0,136,1,160.95,0.31032827180696776,  At Risk / Churned
17883.0,156,1,119.35,0.3103098333935869,  At Risk / Churned
18213.0,147,1,232.48000000000002,0.31030847571301734,  At Risk / Churned
12821.0,124,1,92.72,0.310191831463364,  At Risk / Churned
15729.0,123,1,85.0,0.3100366414848329,  At Risk / Churned
13753.0,198,1,741.26,0.30989882232824395,  At Risk / Churned
14470.0,198,1,297.64,0.3098954727959429,  At Risk / Churned
16055.0,131,1,134.8,0.3096826853526184,  At Risk / Churned
12435.0,178,1,3978.9900000000002,0.30951060497460786,  At Risk / Churned
15695.0,177,2,409.98,0.3092732414025054,  At Risk / Churned
14655.0,132,1,810.56,0.3092214660356661,  At Risk / Churned
12577.0,269,1,195.89,0.3092141180154582,  At Risk / Churned
16063.0,170,1,335.32,0.3091763688798808,  At Risk / Churned
14747.0,159,1,328.2,0.3089975537169541,  At Risk / Churned
14353.0,125,1,90.6,0.3089339306725947,  At Risk / Churned
12792.0,167,1,400.53999999999996,0.30868779398094837,  At Risk / Churned
14128.0,166,1,305.54,0.3086009559455124,  At Risk / Churned
16384.0,174,1,409.1,0.30857390745760555,  At Risk / Churned
15983.0,271,3,1148.27,0.30843529862959035,  At Risk / Churned
16212.0,193,1,498.15000000000003,0.3083137356527624,  At Risk / Churned
14240.0,136,1,226.85,0.308148470059647,  At Risk / Churned
14271.0,136,1,112.32,0.3081305923581871,  At Risk / Churned
17928.0,156,1,78.25999999999999,0.30798895710815816,  At Risk / Churned
12622.0,142,1,180.1,0.3075941707674725,  At Risk / Churned
16610.0,129,1,75.66,0.30754606324107153,  At Risk / Churned
17250.0,171,1,162.65,0.3074653338773457,  At Risk / Churned
14886.0,163,1,364.8,0.30730733313814484,  At Risk / Churned
12707.0,202,1,603.42,0.3072510981778552,  At Risk / Churned
13482.0,142,1,184.64,0.307237801202078,  At Risk / Churned
17278.0,151,1,246.04,0.30709184084033136,  At Risk / Churned
17187.0,137,1,203.95,0.30708554396620963,  At Risk / Churned
16766.0,183,2,1145.6,0.30692420848065854,  At Risk / Churned
18227.0,128,1,93.75,0.30688912647954353,  At Risk / Churned
14570.0,191,2,218.06,0.3068042355173644,  At Risk / Churned
14393.0,128,1,67.95,0.3067289170571426,  At Risk / Churned
13626.0,163,1,257.23,0.3067225754601351,  At Risk / Churned
13723.0,127,1,199.85000000000002,0.30669515755678367,  At Risk / Churned
16084.0,209,1,436.18,0.30651442346051244,  At Risk / Churned
12639.0,149,1,486.1,0.30596983470343897,  At Risk / Churned
14597.0,102,1,165.1,0.30591311839964214,  At Risk / Churned
15980.0,164,1,760.18,0.3058871962800049,  At Risk / Churned
18185.0,159,1,304.25,0.3058693454253994,  At Risk / Churned
17142.0,149,1,579.0,0.30573532769773326,  At Risk / Churned
17423.0,128,1,449.42,0.3054963220403503,  At Risk / Churned
17174.0,128,1,59.9,0.3054003113707336,  At Risk / Churned
13044.0,201,1,560.47,0.30522060540490337,  At Risk / Churned
14339.0,153,1,309.52,0.3051546962826377,  At Risk / Churned
18108.0,164,1,271.0,0.30501593812710187,  At Risk / Churned
14340.0,129,1,134.7,0.30467785654137314,  At Risk / Churned
15119.0,156,1,266.4,0.304526151225465,  At Risk / Churned
15503.0,273,1,147.09,0.3044015000611544,  At Risk / Churned
17864.0,186,1,208.41,0.3042632855329166,  At Risk / Churned
14023.0,160,1,273.14,0.3041816150167114,  At Risk / Churned
16795.0,275,1,414.88,0.3040761067977669,  At Risk / Churned
16270.0,263,1,1141.24,0.3040336098752301,  At Risk / Churned
18017.0,79,2,344.0,0.30394030384209947,  At Risk / Churned
17556.0,116,1,157.9,0.30393890935160306,  At Risk / Churned
14193.0,180,1,422.53999999999996,0.30390452124887535,  At Risk / Churned
15303.0,200,1,574.02,0.30376490260085004,  At Risk / Churned
13803.0,165,1,277.07,0.30352416939645827,  At Risk / Churned
14729.0,284,1,313.49,0.30338369214453975,  At Risk / Churned
13239.0,172,1,329.56,0.30305614426462746,  At Risk / Churned
17438.0,164,1,388.45000000000005,0.3029493081342046,  At Risk / Churned
12564.0,171,1,456.9,0.3029312215212763,  At Risk / Churned
14633.0,176,1,344.90000000000003,0.30284669269938946,  At Risk / Churned
17138.0,186,1,380.5,0.30284009997875627,  At Risk / Churned
13781.0,161,1,127.84,0.3026715464534453,  At Risk / Churned
17255.0,209,1,112.46,0.3025805827464091,  At Risk / Churned
13762.0,129,1,306.72,0.30249562726394474,  At Risk / Churned
14762.0,174,1,300.52,0.3024742046146429,  At Risk / Churned
17431.0,223,1,403.3,0.30244001912724394,  At Risk / Churned
17958.0,27,1,508.4599999999999,0.30242085078188397,  At Risk / Churned
17542.0,180,1,170.75,0.30239223257614367,  At Risk / Churned
18129.0,153,1,112.55000000000001,0.3022676698143754,  At Risk / Churned
16135.0,173,1,517.55,0.3019781239202608,  At Risk / Churned
15047.0,180,1,343.62,0.3017694376303754,  At Risk / Churned
15135.0,149,1,139.05,0.3015664323095405,  At Risk / Churned
12735.0,225,2,779.5699999999999,0.3015472770951552,  At Risk / Churned
17217.0,144,1,113.5,0.3015083375628104,  At Risk / Churned
12596.0,152,1,269.95,0.30149596642252524,  At Risk / Churned
15424.0,164,2,383.34,0.3014877515043091,  At Risk / Churned
16097.0,150,1,185.04999999999998,0.3011421347813864,  At Risk / Churned
17672.0,219,1,1177.8400000000001,0.3011015461861121,  At Risk / Churned
17578.0,128,1,143.45999999999998,0.30103206719318903,  At Risk / Churned
17843.0,213,1,205.48,0.3009843171624435,  At Risk / Churned
18040.0,156,1,239.0,0.30088735646825515,  At Risk / Churned
15244.0,158,1,297.94,0.30088209396879123,  At Risk / Churned
13508.0,154,1,110.97,0.3008588352318184,  At Risk / Churned
17829.0,209,1,889.24,0.30075997885807804,  At Risk / Churned
16297.0,179,1,301.9,0.3006152050502071,  At Risk / Churned
13684.0,196,1,67.23,0.3005598067663599,  At Risk / Churned
16625.0,185,1,333.08,0.30054840444202346,  At Risk / Churned
17906.0,157,1,72.9,0.3004975239900661,  At Risk / Churned
13101.0,144,1,101.19,0.3003906028181046,  At Risk / Churned
14476.0,167,1,215.7,0.3003824599584831,  At Risk / Churned
17348.0,208,1,160.15,0.3003572708156519,  At Risk / Churned
17991.0,135,2,93.35,0.30033961028191375,  At Risk / Churned
14075.0,171,1,307.92,0.3003174499862769,  At Risk / Churned
14348.0,170,1,409.57,0.30024245354338414,  At Risk / Churned
17601.0,149,1,116.00999999999999,0.3001922364290929,  At Risk / Churned
14041.0,176,1,141.41,0.30014159979381533,  At Risk / Churned
13060.0,164,1,307.53,0.30003248212173683,  At Risk / Churned
13716.0,179,1,138.28,0.2997539315209001,  At Risk / Churned
15917.0,158,1,123.1,0.299543240115466,  At Risk / Churned
14536.0,170,1,171.8,0.2993470668885437,  At Risk / Churned
15717.0,144,1,150.3,0.29909427544790473,  At Risk / Churned
17718.0,142,1,139.35,0.29905701746821656,  At Risk / Churned
16693.0,182,1,157.56,0.29904925519391495,  At Risk / Churned
12434.0,170,1,286.25,0.29883568196502197,  At Risk / Churned
17594.0,165,1,315.0,0.2986001085608874,  At Risk / Churned
14165.0,186,1,122.53999999999999,0.29853191627587977,  At Risk / Churned
17555.0,245,1,195.45,0.2979535693209008,  At Risk / Churned
18114.0,200,1,220.1,0.2978857000345539,  At Risk / Churned
15339.0,228,1,257.9,0.29785959805036694,  At Risk / Churned
17411.0,171,1,285.58,0.29785448444685697,  At Risk / Churned
14439.0,230,1,2661.24,0.29761405542258706,  At Risk / Churned
12871.0,117,1,132.0,0.29756940850859953,  At Risk / Churned
14851.0,166,1,206.13,0.29720715786472224,  At Risk / Churned
16276.0,87,1,810.6000000000001,0.29696545811017233,  At Risk / Churned
13516.0,149,1,146.0,0.2966421248310017,  At Risk / Churned
13512.0,171,1,251.21,0.2966419283508133,  At Risk / Churned
17436.0,137,1,122.39999999999999,0.2966109087445912,  At Risk / Churned
16804.0,180,1,118.05,0.29657819991803464,  At Risk / Churned
12866.0,193,1,559.12,0.29651734437399313,  At Risk / Churned
18010.0,167,1,174.8,0.29642218584562385,  At Risk / Churned
17678.0,174,1,298.11,0.296329506055009,  At Risk / Churned
13484.0,151,1,313.8,0.2962681856441514,  At Risk / Churned
17654.0,187,1,117.55,0.29620075223259423,  At Risk / Churned
14912.0,157,1,482.78999999999996,0.29612154891830345,  At Risk / Churned
17508.0,191,1,387.31,0.2961053777561221,  At Risk / Churned
17574.0,153,1,185.65,0.29605743494508696,  At Risk / Churned
17548.0,144,1,103.3,0.2959399811850874,  At Risk / Churned
12614.0,188,1,315.6,0.2958138504946221,  At Risk / Churned
16274.0,283,1,357.95,0.29578834266619797,  At Risk / Churned
13800.0,220,1,558.32,0.29556230203610273,  At Risk / Churned
17492.0,158,1,374.57,0.29555772613736025,  At Risk / Churned
16105.0,159,1,336.96,0.2955400522224897,  At Risk / Churned
15651.0,171,1,227.32,0.2955261014728943,  At Risk / Churned
14957.0,163,1,58.49,0.29550506425343426,  At Risk / Churned
13712.0,157,1,228.84,0.2954954058455137,  At Risk / Churned
14544.0,272,1,1121.92,0.29548684608136905,  At Risk / Churned
17746.0,150,1,110.25,0.2953957248405607,  At Risk / Churned
15935.0,149,2,416.86,0.29534035614687687,  At Risk / Churned
14981.0,156,1,102.12,0.29528232514880715,  At Risk / Churned
14326.0,152,1,183.85,0.2951650344192703,  At Risk / Churned
15308.0,184,1,310.47,0.29511963961399845,  At Risk / Churned
15543.0,198,1,127.86,0.29464170466000433,  At Risk / Churned
16429.0,16,1,284.55,0.2945341001146392,  At Risk / Churned
15990.0,197,1,401.37,0.2945295668250155,  At Risk / Churned
12945.0,198,1,462.95,0.2943956959869331,  At Risk / Churned
15167.0,231,1,163.0,0.2942532816425958,  At Risk / Churned
13962.0,156,1,117.6,0.29415199159633304,  At Risk / Churned
14636.0,179,1,300.19,0.29410005949805496,  At Risk / Churned
14205.0,174,1,222.9,0.2940333986602316,  At Risk / Churned
16072.0,198,1,584.3199999999999,0.29395033704675594,  At Risk / Churned
15775.0,155,1,104.9,0.29382756861193005,  At Risk / Churned
15460.0,264,1,216.76,0.29380674806770185,  At Risk / Churned
14924.0,156,1,310.05,0.2935460294542172,  At Risk / Churned
15414.0,152,1,36.2,0.29347839520439034,  At Risk / Churned
15951.0,196,1,375.16999999999996,0.29310408665872195,  At Risk / Churned
14816.0,107,1,271.85,0.2929291929177467,  At Risk / Churned
13462.0,163,1,151.5,0.2926692577185048,  At Risk / Churned
16617.0,146,1,151.85,0.2926158541276546,  At Risk / Churned
12652.0,241,1,919.98,0.2924939032061922,  At Risk / Churned
16619.0,174,1,226.21,0.29238737863360165,  At Risk / Churned
14350.0,184,1,282.93,0.29211611485658384,  At Risk / Churned
15212.0,151,1,101.8,0.2919652477474183,  At Risk / Churned
13302.0,65,1,63.75,0.2918009427797131,  At Risk / Churned
16163.0,142,2,856.6,0.29174922318422947,  At Risk / Churned
15754.0,157,1,91.8,0.29173975056253454,  At Risk / Churned
14586.0,187,1,237.36,0.29162097740620657,  At Risk / Churned
14247.0,188,1,136.76999999999998,0.2916006168174126,  At Risk / Churned
14870.0,172,1,327.25,0.29148933909858965,  At Risk / Churned
13046.0,176,1,197.72,0.2913680237420908,  At Risk / Churned
13950.0,157,1,179.30999999999997,0.2912670150685817,  At Risk / Churned
17733.0,172,1,216.95000000000002,0.29118247503306544,  At Risk / Churned
13226.0,183,1,108.21000000000001,0.29110953070385726,  At Risk / Churned
16319.0,128,1,404.40000000000003,0.2910030038607359,  At Risk / Churned
17394.0,129,1,203.86999999999998,0.2909476114726464,  At Risk / Churned
14272.0,164,1,132.09,0.2904022253648871,  At Risk / Churned
12462.0,213,1,762.11,0.2903814715205407,  At Risk / Churned
16584.0,164,1,611.94,0.2903447586465893,  At Risk / Churned
12410.0,219,2,693.3299999999999,0.2898884325134766,  At Risk / Churned
13059.0,160,1,183.4,0.2897736660231162,  At Risk / Churned
16517.0,187,1,162.7,0.2897193307293474,  At Risk / Churned
17303.0,271,1,250.04,0.2894260869890156,  At Risk / Churned
14497.0,219,1,475.37,0.2893854050682906,  At Risk / Churned
14423.0,128,1,265.2,0.2893358775686383,  At Risk / Churned
13899.0,185,1,298.5,0.28932240677486276,  At Risk / Churned
17976.0,282,1,353.19,0.28929742189417057,  At Risk / Churned
12623.0,186,1,305.1,0.2892822498364657,  At Risk / Churned
16256.0,177,1,752.4300000000001,0.2891046454550262,  At Risk / Churned
12834.0,193,1,312.38,0.2889018620724273,  At Risk / Churned
13035.0,171,1,333.0,0.28877573916777877,  At Risk / Churned
13345.0,198,1,389.5,0.2885453347253148,  At Risk / Churned
16667.0,194,1,203.35,0.2884817166143633,  At Risk / Churned
13918.0,163,1,198.2,0.28843412518122585,  At Risk / Churned
13884.0,187,3,196.25,0.2884085415443302,  At Risk / Churned
13262.0,173,1,200.29,0.28816891094394687,  At Risk / Churned
12838.0,284,1,390.79,0.2878052822885762,  At Risk / Churned
15869.0,187,2,149.64,0.2877704600549167,  At Risk / Churned
18224.0,174,1,158.95000000000002,0.287738033782643,  At Risk / Churned
12604.0,172,1,178.5,0.2877057560889244,  At Risk / Churned
16036.0,173,1,188.73,0.28761739968600447,  At Risk / Churned
14890.0,164,1,125.65,0.28760762308957466,  At Risk / Churned
14600.0,216,1,393.33000000000004,0.28733095563573674,  At Risk / Churned
15448.0,223,1,494.64,0.2871709513149155,  At Risk / Churned
15967.0,229,1,173.8,0.28693996863326654,  At Risk / Churned
16623.0,156,1,129.45,0.28672216151713487,  At Risk / Churned
15554.0,188,1,217.2,0.28670090419748007,  At Risk / Churned
16030.0,220,1,331.24,0.28652632281816937,  At Risk / Churned
13385.0,240,1,534.57,0.28647617795406677,  At Risk / Churned
12902.0,175,1,138.68,0.2864294598862429,  At Risk / Churned
12831.0,172,1,215.05,0.28641179767669367,  At Risk / Churned
14964.0,157,1,206.21,0.28627046831673714,  At Risk / Churned
16339.0,194,1,109.95,0.2861180604301165,  At Risk / Churned
16545.0,75,1,339.3,0.2860575374964968,  At Risk / Churned
18056.0,198,1,363.65,0.285945685797221,  At Risk / Churned
13171.0,209,1,140.35,0.2857748879210359,  At Risk / Churned
13557.0,191,1,240.68,0.28576291459770886,  At Risk / Churned
16471.0,185,1,223.95000000000002,0.28566626486045305,  At Risk / Churned
14632.0,173,1,114.56,0.28545471162915687,  At Risk / Churned
15121.0,199,1,295.15,0.28533906267323716,  At Risk / Churned
13382.0,191,1,222.99,0.2851558749044639,  At Risk / Churned
17698.0,171,1,154.95,0.2851382507525393,  At Risk / Churned
15234.0,187,1,197.0,0.2846829595143411,  At Risk / Churned
13892.0,157,1,54.519999999999996,0.2845158749812716,  At Risk / Churned
15388.0,180,1,140.54,0.2842813911416657,  At Risk / Churned
13030.0,278,1,427.74,0.28419738368329595,  At Risk / Churned
16386.0,164,1,61.10000000000001,0.28407222388823916,  At Risk / Churned
13043.0,183,1,516.42,0.28378952130770946,  At Risk / Churned
18191.0,172,1,207.79999999999998,0.2837777397974864,  At Risk / Churned
17789.0,191,1,225.9,0.2836641785786263,  At Risk / Churned
15083.0,167,1,88.2,0.2830093796440539,  At Risk / Churned
18188.0,200,1,426.6,0.2830089081886951,  At Risk / Churned
17535.0,190,1,164.4,0.282943575510993,  At Risk / Churned
16586.0,159,1,463.95,0.282834044637488,  At Risk / Churned
16159.0,192,1,348.2,0.2827714046879081,  At Risk / Churned
18159.0,211,1,530.15,0.2827490680266342,  At Risk / Churned
16573.0,200,1,292.63,0.28264768577239857,  At Risk / Churned
16792.0,192,2,110.38000000000001,0.28259970194960066,  At Risk / Churned
15319.0,194,1,204.5,0.28238380902271615,  At Risk / Churned
18106.0,240,1,430.7,0.28230778911740445,  At Risk / Churned
14148.0,144,1,157.2,0.2822423393129161,  At Risk / Churned
13292.0,194,1,249.57,0.2822054631262535,  At Risk / Churned
14059.0,177,1,183.6,0.28211110624134195,  At Risk / Churned
16425.0,212,1,302.7,0.2820940965432265,  At Risk / Churned
14351.0,75,1,51.0,0.28177166477885973,  At Risk / Churned
13187.0,247,1,236.02,0.28175825707429386,  At Risk / Churned
16162.0,162,1,37.4,0.28168806323119194,  At Risk / Churned
15090.0,218,1,381.32,0.2816558404398056,  At Risk / Churned
14297.0,185,1,232.6,0.28156729097137806,  At Risk / Churned
17775.0,165,1,56.4,0.2815017705167746,  At Risk / Churned
12781.0,195,1,549.26,0.2812306441300665,  At Risk / Churned
18156.0,280,1,206.23000000000002,0.28121703292792094,  At Risk / Churned
17859.0,215,1,148.21,0.2811186036474172,  At Risk / Churned
15118.0,44,1,244.8,0.28100958987095437,  At Risk / Churned
17171.0,199,1,224.91,0.2809759017873437,  At Risk / Churned
13573.0,163,1,31.770000000000003,0.28092512312544493,  At Risk / Churned
18212.0,236,1,248.42,0.2809181900153822,  At Risk / Churned
13072.0,177,1,177.15,0.28077235604355444,  At Risk / Churned
14727.0,184,1,268.58,0.28070044748683076,  At Risk / Churned
17462.0,194,1,463.40999999999997,0.28065455243993337,  At Risk / Churned
14066.0,177,1,152.55,0.2806401088252237,  At Risk / Churned
17140.0,157,1,465.32,0.280622212865124,  At Risk / Churned
13584.0,217,1,142.4,0.2804648653839043,  At Risk / Churned
17860.0,279,1,252.8,0.2804151604334812,  At Risk / Churned
16620.0,171,1,95.75999999999999,0.2801765862647848,  At Risk / Churned
12458.0,195,1,441.92,0.27982230536509045,  At Risk / Churned
13904.0,205,1,201.12,0.2797307553773684,  At Risk / Churned
12591.0,227,1,452.84999999999997,0.27971605160733465,  At Risk / Churned
17908.0,284,1,243.28,0.27968735471188017,  At Risk / Churned
12852.0,205,1,311.55,0.27957584727948354,  At Risk / Churned
15445.0,174,1,113.5,0.27955763365251485,  At Risk / Churned
18220.0,137,1,305.28000000000003,0.279383565872167,  At Risk / Churned
15579.0,224,1,199.6,0.2793362177563618,  At Risk / Churned
18280.0,188,1,180.60000000000002,0.27932460555715866,  At Risk / Churned
13932.0,205,1,307.4,0.2792369151748694,  At Risk / Churned
15178.0,170,1,40.5,0.2792351099604972,  At Risk / Churned
15332.0,276,4,1661.06,0.27909280172514744,  At Risk / Churned
14155.0,176,1,118.75,0.2790310431532373,  At Risk / Churned
14012.0,188,1,328.8,0.2790266824992917,  At Risk / Churned
14199.0,128,1,185.39999999999998,0.2789430046106509,  At Risk / Churned
15213.0,229,2,328.35,0.27888480917578123,  At Risk / Churned
14538.0,166,1,106.5,0.27883276041896493,  At Risk / Churned
13893.0,208,1,821.1,0.2787719726370365,  At Risk / Churned
14379.0,205,1,110.98,0.2784940508124636,  At Risk / Churned
14270.0,242,1,492.65000000000003,0.27823180352870114,  At Risk / Churned
18250.0,220,1,349.27,0.278037442207945,  At Risk / Churned
17311.0,227,1,556.46,0.27784509546985264,  At Risk / Churned
18270.0,177,1,111.95,0.2775790774114224,  At Risk / Churned
15733.0,193,1,162.3,0.2773571742057535,  At Risk / Churned
17711.0,200,1,220.53000000000003,0.2770229911240431,  At Risk / Churned
17786.0,227,1,114.85,0.276975799032753,  At Risk / Churned
18210.0,177,1,142.4,0.2767625267849624,  At Risk / Churned
15351.0,280,1,274.67,0.27672440815798904,  At Risk / Churned
17639.0,186,1,108.5,0.27668667200208247,  At Risk / Churned
16916.0,282,1,198.08,0.2766503001523269,  At Risk / Churned
18086.0,184,1,101.34,0.27659336188204064,  At Risk / Churned
14840.0,178,1,62.85,0.2765422351845123,  At Risk / Churned
13706.0,213,1,330.79,0.2765028771378042,  At Risk / Churned
17165.0,194,1,158.68,0.27639829585696357,  At Risk / Churned
16518.0,194,1,190.7,0.2763436888186999,  At Risk / Churned
15087.0,192,1,306.94,0.27633646400425754,  At Risk / Churned
16227.0,135,1,314.22,0.27591645887965366,  At Risk / Churned
12798.0,81,1,1607.04,0.2757765718212566,  At Risk / Churned
12956.0,216,1,108.07,0.2757704275236336,  At Risk / Churned
13615.0,229,1,417.69,0.27567100721571774,  At Risk / Churned
13859.0,236,1,201.16,0.2756338483680603,  At Risk / Churned
13132.0,172,1,77.3,0.27562522734961487,  At Risk / Churned
14754.0,206,1,228.26999999999998,0.2756151668427101,  At Risk / Churned
13299.0,178,1,142.5,0.2753873163227933,  At Risk / Churned
16136.0,188,1,159.3,0.27538598013959203,  At Risk / Churned
16598.0,196,1,145.04999999999998,0.2753792637708499,  At Risk / Churned
12361.0,197,1,189.9,0.2751125494782346,  At Risk / Churned
16441.0,201,1,211.0,0.2750216460185584,  At Risk / Churned
13973.0,197,1,264.7,0.2745640368492684,  At Risk / Churned
14431.0,213,1,470.36,0.2745467846000026,  At Risk / Churned
15100.0,244,3,876.0,0.2743607387739205,  At Risk / Churned
12561.0,213,1,238.85,0.2743254913802982,  At Risk / Churned
14046.0,194,1,154.99,0.27423248440314313,  At Risk / Churned
14850.0,222,1,325.75,0.27414875209440787,  At Risk / Churned
16917.0,187,1,391.52,0.27414160948509403,  At Risk / Churned
14285.0,87,1,5.9,0.27407028245447246,  At Risk / Churned
17551.0,269,1,306.84,0.27404262362349363,  At Risk / Churned
13666.0,197,2,64.05,0.27404087581296027,  At Risk / Churned
15012.0,284,1,191.06,0.2736704465259305,  At Risk / Churned
18095.0,223,2,580.0500000000001,0.2734394989154591,  At Risk / Churned
17569.0,242,1,344.14,0.27341420180778553,  At Risk / Churned
17226.0,219,1,393.49,0.2733637317554406,  At Risk / Churned
16893.0,277,1,145.93,0.27323846798830587,  At Risk / Churned
16778.0,184,1,93.18,0.2731994024560996,  At Risk / Churned
16727.0,274,1,272.82,0.2731924483455663,  At Risk / Churned
16096.0,174,1,320.62,0.27310251005601033,  At Risk / Churned
17212.0,163,1,226.85,0.2730906588767725,  At Risk / Churned
17117.0,198,1,116.19999999999999,0.2730160525532856,  At Risk / Churned
14483.0,192,1,137.1,0.2729082387633648,  At Risk / Churned
15636.0,192,1,306.7,0.27274183299099314,  At Risk / Churned
15326.0,244,1,311.71,0.272709522363451,  At Risk / Churned
15393.0,191,1,124.10000000000001,0.27269787860147754,  At Risk / Churned
15236.0,209,1,321.05,0.27262529329709434,  At Risk / Churned
17325.0,190,1,96.8,0.2724681457772123,  At Risk / Churned
16509.0,207,1,363.7,0.27244781426544035,  At Risk / Churned
14962.0,181,1,126.7,0.272213629512837,  At Risk / Churned
13494.0,222,1,316.26000000000005,0.2721620665030754,  At Risk / Churned
14068.0,230,1,265.85,0.2721180794962654,  At Risk / Churned
17924.0,212,2,502.20000000000005,0.27198961847097614,  At Risk / Churned
14653.0,248,1,344.81,0.2717407213965348,  At Risk / Churned
13600.0,222,1,219.52,0.27164085365567164,  At Risk / Churned
15670.0,207,1,173.05,0.2715104847456814,  At Risk / Churned
12565.0,199,1,145.92,0.27150966092590195,  At Risk / Churned
13370.0,282,1,754.87,0.2714011307414134,  At Risk / Churned
14853.0,121,1,214.5,0.2713548970399087,  At Risk / Churned
14805.0,224,1,109.25,0.27127932688353606,  At Risk / Churned
17356.0,222,1,178.22,0.27121936359875126,  At Risk / Churned
17082.0,228,1,636.94,0.2709341473823956,  At Risk / Churned
14555.0,212,1,197.94,0.27085701476345014,  At Risk / Churned
12350.0,220,1,334.4,0.270806324527784,  At Risk / Churned
16080.0,184,1,130.26,0.2707123276002179,  At Risk / Churned
16718.0,279,1,623.75,0.2704244512412085,  At Risk / Churned
17771.0,233,1,115.8,0.27038210022205045,  At Risk / Churned
16349.0,201,1,53.5,0.2702531927971387,  At Risk / Churned
13328.0,226,1,1308.48,0.269920985131417,  At Risk / Churned
15525.0,283,1,313.93,0.2698820691437884,  At Risk / Churned
17334.0,212,2,307.02,0.26957924389273563,  At Risk / Churned
15052.0,229,1,215.78,0.26955170531770983,  At Risk / Churned
17950.0,275,2,263.17,0.2695512944716866,  At Risk / Churned
12673.0,237,1,220.9,0.2694284469991996,  At Risk / Churned
12509.0,194,1,176.5,0.2693407423691105,  At Risk / Churned
15709.0,194,1,133.25,0.26923527956751175,  At Risk / Churned
17251.0,273,1,283.28000000000003,0.26914067076006515,  At Risk / Churned
17060.0,176,1,234.24,0.26809617298147503,  At Risk / Churned
16414.0,190,1,50.8,0.268018963388431,  At Risk / Churned
15847.0,198,1,180.68,0.26777486725319505,  At Risk / Churned
15397.0,200,1,94.0,0.2676694290125636,  At Risk / Churned
16913.0,200,1,113.44,0.26750715090909,  At Risk / Churned
14467.0,223,1,131.7,0.26739421420480686,  At Risk / Churned
15691.0,162,1,136.8,0.26715410657869965,  At Risk / Churned
14897.0,207,1,175.5,0.2669485262463649,  At Risk / Churned
18246.0,143,1,232.9,0.26683750951325996,  At Risk / Churned
14411.0,221,1,1063.0,0.26671159408919165,  At Risk / Churned
17999.0,276,1,190.34,0.2665138061896144,  At Risk / Churned
13809.0,215,1,155.05,0.2662374989376405,  At Risk / Churned
15919.0,279,1,270.72,0.2662125728059637,  At Risk / Churned
15723.0,275,1,203.1,0.2661216645257353,  At Risk / Churned
15970.0,214,1,314.1,0.2657357413010346,  At Risk / Churned
12881.0,186,1,298.0,0.2656135510835856,  At Risk / Churned
18138.0,205,1,152.65,0.26555226658596026,  At Risk / Churned
16350.0,244,1,376.7,0.2653954056075673,  At Risk / Churned
17967.0,282,1,123.07,0.2653297352537014,  At Risk / Churned
13396.0,229,1,387.27000000000004,0.2653070466276471,  At Risk / Churned
17034.0,198,1,141.79999999999998,0.26520276807067994,  At Risk / Churned
12817.0,191,1,166.04,0.26519278180511174,  At Risk / Churned
13792.0,197,1,74.60000000000001,0.2651477744370875,  At Risk / Churned
13751.0,198,1,296.25,0.26502503836696684,  At Risk / Churned
17376.0,221,1,105.85,0.26500761692698815,  At Risk / Churned
14386.0,207,1,142.4,0.264899392048848,  At Risk / Churned
15944.0,187,1,325.1,0.2647508914368827,  At Risk / Churned
12373.0,221,1,364.6,0.26459367341289414,  At Risk / Churned
18176.0,268,1,476.35,0.26427977619567944,  At Risk / Churned
17913.0,266,1,218.05,0.2639983428328922,  At Risk / Churned
14540.0,219,1,195.9,0.26385385760127295,  At Risk / Churned
13216.0,178,1,333.74,0.26381463783171044,  At Risk / Churned
15820.0,230,1,206.98,0.26376695560263447,  At Risk / Churned
14693.0,175,1,172.9,0.2636927333579017,  At Risk / Churned
15626.0,240,1,281.88,0.263641961765183,  At Risk / Churned
15063.0,123,1,370.79999999999995,0.26362599492044303,  At Risk / Churned
12842.0,219,1,310.73,0.26355691621033545,  At Risk / Churned
15703.0,175,1,211.5,0.26335878146826663,  At Risk / Churned
17239.0,223,1,382.5,0.26330973802512764,  At Risk / Churned
14607.0,171,1,495.0,0.26326141636139966,  At Risk / Churned
16367.0,273,1,170.91,0.2631852571158667,  At Risk / Churned
17517.0,219,1,153.94,0.2631381807278741,  At Risk / Churned
15843.0,214,1,118.95000000000002,0.2630481200229252,  At Risk / Churned
13169.0,162,1,505.2,0.2630391913348915,  At Risk / Churned
14644.0,208,1,187.50000000000003,0.26287364935042923,  At Risk / Churned
14438.0,216,1,131.9,0.2628482754340233,  At Risk / Churned
18004.0,272,1,169.47,0.2625902222513636,  At Risk / Churned
16403.0,222,1,177.5,0.26151621718041923,  At Risk / Churned
13455.0,276,1,692.94,0.261483509792208,  At Risk / Churned
17881.0,214,1,133.35000000000002,0.2608218330877823,  At Risk / Churned
17948.0,57,1,358.56000000000006,0.26081313015928365,  At Risk / Churned
14760.0,207,1,89.2,0.26075426012870895,  At Risk / Churned
13894.0,220,1,160.85,0.2603413158895732,  At Risk / Churned
16124.0,227,1,249.0,0.2597542557868139,  At Risk / Churned
17094.0,232,1,302.0,0.25966343390136304,  At Risk / Churned
13008.0,233,1,229.46999999999997,0.2595512978838413,  At Risk / Churned
16885.0,267,1,190.65,0.25937736211982865,  At Risk / Churned
16850.0,244,1,332.41,0.25933595754626526,  At Risk / Churned
17964.0,282,1,261.76,0.259333702988194,  At Risk / Churned
13581.0,219,1,118.0,0.25926276721273717,  At Risk / Churned
15346.0,243,1,252.42000000000002,0.2592619679072634,  At Risk / Churned
14371.0,205,1,100.5,0.259242912252155,  At Risk / Churned
14396.0,281,1,110.35000000000001,0.2590406114717337,  At Risk / Churned
15226.0,221,1,154.41,0.2588877223510386,  At Risk / Churned
15680.0,276,1,478.89,0.25870551972592243,  At Risk / Churned
17329.0,225,1,243.36,0.2586291624625927,  At Risk / Churned
12401.0,213,1,84.3,0.2585806287268074,  At Risk / Churned
17817.0,187,2,269.7,0.2583587600908818,  At Risk / Churned
12873.0,192,1,374.0,0.2583040564671068,  At Risk / Churned
12929.0,222,1,117.85,0.2582821908502941,  At Risk / Churned
13161.0,223,1,112.75,0.25820678805171265,  At Risk / Churned
12574.0,226,1,218.45,0.258133221252216,  At Risk / Churned
13496.0,270,1,501.01,0.25779170696319215,  At Risk / Churned
17995.0,192,1,76.1,0.257380848503512,  At Risk / Churned
12970.0,232,2,23.8,0.2573163635729536,  At Risk / Churned
16315.0,241,1,226.37,0.2571043635629615,  At Risk / Churned
15049.0,184,1,121.17000000000002,0.25702609967288625,  At Risk / Churned
17118.0,228,1,157.02,0.2565751466474938,  At Risk / Churned
15030.0,178,1,152.76,0.2565701633110606,  At Risk / Churned
17384.0,129,1,227.65,0.2565648787702144,  At Risk / Churned
17714.0,231,1,153.0,0.256489848543489,  At Risk / Churned
17418.0,234,1,167.39000000000001,0.25645436901789975,  At Risk / Churned
13233.0,246,1,304.24,0.2563656596646009,  At Risk / Churned
12489.0,246,1,334.93,0.2562875207696,  At Risk / Churned
14594.0,283,1,255.0,0.25599578184345406,  At Risk / Churned
13284.0,241,1,201.19,0.25583751280903877,  At Risk / Churned
15174.0,233,1,135.75,0.2556000197062124,  At Risk / Churned
14082.0,275,1,182.25,0.2555848720308825,  At Risk / Churned
13304.0,261,1,300.42,0.25547189610213183,  At Risk / Churned
12967.0,268,2,1660.9,0.25530090158951735,  At Risk / Churned
15545.0,281,1,135.32999999999998,0.2550515413426905,  At Risk / Churned
13898.0,236,1,155.93,0.2548508093274632,  At Risk / Churned
12402.0,233,1,225.6,0.25475053961005123,  At Risk / Churned
15789.0,268,1,351.3,0.25469674236917583,  At Risk / Churned
17880.0,275,1,458.92,0.2544541505470159,  At Risk / Churned
14368.0,230,1,155.0,0.25442648880122315,  At Risk / Churned
15802.0,53,1,451.42,0.2544053229208252,  At Risk / Churned
13525.0,158,1,282.88,0.25440387432769584,  At Risk / Churned
18119.0,278,1,181.12,0.2543026624775988,  At Risk / Churned
15165.0,283,1,487.75,0.25407973639541503,  At Risk / Churned
15422.0,233,2,97.7,0.2540614090241507,  At Risk / Churned
15262.0,234,1,178.95000000000002,0.25383680485898863,  At Risk / Churned
13002.0,228,1,120.94999999999999,0.25376821368943353,  At Risk / Churned
17128.0,245,1,157.09,0.2534201496942184,  At Risk / Churned
12820.0,237,1,170.46,0.2532430705290295,  At Risk / Churned
14813.0,280,2,155.43,0.2528962542106315,  At Risk / Churned
14290.0,272,1,777.5600000000001,0.25270528986979995,  At Risk / Churned
15442.0,159,1,594.0,0.252417408255676,  At Risk / Churned
15793.0,179,1,306.64,0.2523427522841081,  At Risk / Churned
13049.0,228,1,153.78,0.25228689834798784,  At Risk / Churned
16757.0,229,1,106.83000000000001,0.25196765721898173,  At Risk / Churned
12908.0,86,2,750.0,0.25178357596156464,  At Risk / Churned
14457.0,221,1,113.64,0.25162585714486574,  At Risk / Churned
17691.0,268,2,290.40000000000003,0.25161164033140193,  At Risk / Churned
15211.0,275,1,383.07,0.251576826966212,  At Risk / Churned
12365.0,201,2,641.38,0.25130265796223866,  At Risk / Churned
13565.0,244,1,110.17999999999999,0.25122144514502526,  At Risk / Churned
14595.0,223,1,163.8,0.25120028681433626,  At Risk / Churned
13473.0,243,1,241.26,0.25119641462453973,  At Risk / Churned
17862.0,234,1,330.9,0.25108090684034035,  At Risk / Churned
17812.0,278,1,217.54999999999998,0.2509159856558073,  At Risk / Churned
15607.0,247,1,104.76,0.25078135158449283,  At Risk / Churned
18011.0,283,1,102.78999999999999,0.25065254902580414,  At Risk / Churned
12672.0,240,1,225.89999999999998,0.25025551853712286,  At Risk / Churned
17540.0,226,1,268.8,0.25018785784346165,  At Risk / Churned
16499.0,270,2,365.45,0.2500685149503787,  At Risk / Churned
16560.0,268,1,332.18,0.2499624996177573,  At Risk / Churned
15395.0,236,1,107.45,0.24977860261477275,  At Risk / Churned
14413.0,272,1,122.7,0.24958596210855516,  At Risk / Churned
15454.0,272,1,179.1,0.24930836836710457,  At Risk / Churned
15279.0,265,1,290.51,0.24871805523417467,  At Risk / Churned
14147.0,196,1,182.8,0.24842686930269564,  At Risk / Churned
16698.0,137,2,1998.0,0.24830408904433088,  At Risk / Churned
15257.0,193,1,317.15,0.2482512902992761,  At Risk / Churned
15447.0,241,1,155.17,0.24825109352687633,  At Risk / Churned
14889.0,246,1,135.9,0.24805074543279948,  At Risk / Churned
14238.0,236,1,146.85,0.24795392258088278,  At Risk / Churned
13569.0,278,1,118.32,0.2477768537631066,  At Risk / Churned
14782.0,230,1,200.10000000000002,0.2469868119839102,  At Risk / Churned
13173.0,277,1,165.94,0.24695742483347824,  At Risk / Churned
16351.0,243,1,153.9,0.24669802040854621,  At Risk / Churned
12651.0,245,1,114.0,0.24654024715404585,  At Risk / Churned
17018.0,236,1,405.0,0.2463724793283725,  At Risk / Churned
16282.0,250,1,168.3,0.24630315950311657,  At Risk / Churned
14681.0,122,1,393.95,0.246247645146611,  At Risk / Churned
12818.0,172,1,1542.08,0.24597007829549092,  At Risk / Churned
17343.0,265,1,193.64,0.2459633926483747,  At Risk / Churned
13551.0,229,1,91.80000000000001,0.2453779870477382,  At Risk / Churned
16202.0,271,1,365.27,0.2450798805795363,  At Risk / Churned
14784.0,234,1,114.68,0.2450663573762468,  At Risk / Churned
15497.0,230,1,970.6,0.24504732395562603,  At Risk / Churned
13452.0,169,2,590.0,0.2450382868402778,  At Risk / Churned
14761.0,245,1,97.5,0.24488977366373332,  At Risk / Churned
14248.0,228,1,302.58,0.24483375027321286,  At Risk / Churned
12725.0,281,1,427.8,0.24463560783026633,  At Risk / Churned
16387.0,233,1,94.36,0.24433862645427432,  At Risk / Churned
16134.0,269,1,283.53000000000003,0.24420505293333364,  At Risk / Churned
13874.0,268,1,540.45,0.24403512066352204,  At Risk / Churned
14142.0,283,1,311.81,0.24399828890949463,  At Risk / Churned
14448.0,274,1,102.35000000000001,0.2437460962949081,  At Risk / Churned
17414.0,95,1,598.0,0.24364440172847188,  At Risk / Churned
16405.0,212,2,167.25,0.2435332841684911,  At Risk / Churned
12665.0,235,1,63.0,0.24349439641028722,  At Risk / Churned
12944.0,265,1,286.95,0.24344667626155594,  At Risk / Churned
16377.0,177,1,676.2,0.24340204114987343,  At Risk / Churned
15224.0,268,2,322.08,0.24307030500363852,  At Risk / Churned
15392.0,270,1,338.98,0.24297235567476935,  At Risk / Churned
16976.0,177,1,251.51999999999998,0.24271052708369148,  At Risk / Churned
15822.0,269,1,440.2,0.24218544699600625,  At Risk / Churned
16671.0,75,1,1382.88,0.24200350623059702,  At Risk / Churned
12875.0,53,2,343.2300000000001,0.24196247737024576,  At Risk / Churned
18032.0,244,1,73.5,0.2419027846664094,  At Risk / Churned
17456.0,275,1,249.86,0.24176678498959958,  At Risk / Churned
15923.0,283,1,127.08,0.24155975066838462,  At Risk / Churned
15266.0,248,1,119.3,0.24090146644257812,  At Risk / Churned
16411.0,279,1,131.5,0.24075806793160873,  At Risk / Churned
17732.0,283,1,303.97,0.24051284124249867,  At Risk / Churned
14935.0,207,1,1784.71,0.24042289763698907,  At Risk / Churned
16812.0,271,1,479.35,0.24032878514817121,  At Risk / Churned
15222.0,229,1,585.0,0.23962116970053957,  At Risk / Churned
16781.0,282,1,311.25,0.2394680212342876,  At Risk / Churned
15965.0,277,1,156.19,0.23942132830552212,  At Risk / Churned
14932.0,276,1,363.53,0.23907749503830564,  At Risk / Churned
15661.0,227,2,309.8,0.23897818979975338,  At Risk / Churned
13033.0,267,1,190.55,0.23869552604224048,  At Risk / Churned
13817.0,262,1,128.7,0.238205768972823,  At Risk / Churned
15111.0,283,1,288.5,0.23812432197584443,  At Risk / Churned
13391.0,114,1,59.8,0.2378502325849329,  At Risk / Churned
14673.0,278,1,373.49,0.23754707148089887,  At Risk / Churned
17552.0,282,2,298.52,0.23754677720949244,  At Risk / Churned
17855.0,283,1,208.97,0.2373643489255021,  At Risk / Churned
15363.0,283,1,326.0,0.23717965240342337,  At Risk / Churned
12963.0,276,1,365.8,0.2371776243172024,  At Risk / Churned
12551.0,268,1,168.0,0.23678700279013284,  At Risk / Churned
13165.0,261,1,354.64,0.23639598091728337,  At Risk / Churned
12515.0,263,1,383.7,0.23624173114729796,  At Risk / Churned
13144.0,243,1,110.95,0.2360465351825698,  At Risk / Churned
17951.0,268,2,409.50000000000006,0.23579058150280646,  At Risk / Churned
13295.0,270,1,201.20000000000002,0.23532131474355014,  At Risk / Churned
16926.0,281,1,230.25,0.23521294805360818,  At Risk / Churned
12797.0,276,1,254.03,0.23515996031127584,  At Risk / Churned
13922.0,262,1,172.25,0.23511639985855012,  At Risk / Churned
13065.0,283,1,205.86,0.2351020323195657,  At Risk / Churned
12736.0,243,1,234.0,0.23507441059196996,  At Risk / Churned
14618.0,248,1,211.8,0.23505423015603294,  At Risk / Churned
15366.0,268,1,105.54,0.23501591756099005,  At Risk / Churned
14487.0,278,1,125.10000000000001,0.23466229504072936,  At Risk / Churned
17496.0,269,1,271.05,0.23447654414307184,  At Risk / Churned
12785.0,274,1,311.95,0.23444455985025198,  At Risk / Churned
15649.0,246,2,816.0,0.23443546706222262,  At Risk / Churned
16583.0,284,1,233.45,0.23435227139019585,  At Risk / Churned
16125.0,277,1,289.35,0.23412322177186082,  At Risk / Churned
15204.0,267,1,316.58,0.2341193733609835,  At Risk / Churned
14150.0,270,1,306.18,0.23397644690346142,  At Risk / Churned
15028.0,279,1,185.97,0.2339655290719804,  At Risk / Churned
16510.0,282,1,248.1,0.2339584646180944,  At Risk / Churned
14355.0,276,1,174.4,0.2338522543895868,  At Risk / Churned
13369.0,276,1,308.28000000000003,0.23376872894914694,  At Risk / Churned
12441.0,277,1,173.55,0.23305564488692135,  At Risk / Churned
17525.0,270,1,422.70000000000005,0.23243669480801674,  At Risk / Churned
13034.0,279,1,165.86,0.23239109791331858,  At Risk / Churned
15922.0,283,1,369.5,0.23048784007738143,  At Risk / Churned
12738.0,282,1,155.35,0.23024732866338413,  At Risk / Churned
16716.0,177,2,901.2,0.2301839101154573,  At Risk / Churned
13579.0,279,1,164.70000000000002,0.22998336260269933,  At Risk / Churned
16048.0,283,2,256.44,0.22968776360391524,  At Risk / Churned
13787.0,274,1,106.4,0.22967376620073363,  At Risk / Churned
17371.0,271,1,97.63,0.22965241016194726,  At Risk / Churned
17235.0,282,1,341.9,0.22952812129772765,  At Risk / Churned
14373.0,268,1,76.55,0.22897456873984987,  At Risk / Churned
13807.0,277,1,112.6,0.2288722062995957,  At Risk / Churned
17978.0,275,1,300.91999999999996,0.22882149828584258,  At Risk / Churned
18050.0,269,1,74.4,0.22850333448038493,  At Risk / Churned
16858.0,279,1,375.69000000000005,0.228273945331864,  At Risk / Churned
16323.0,106,1,207.50000000000003,0.22820383961832263,  At Risk / Churned
14705.0,109,1,179.0,0.22818847809405338,  At Risk / Churned
18269.0,276,1,168.6,0.22817559597960707,  At Risk / Churned
16863.0,277,1,164.25,0.22778029168418293,  At Risk / Churned
16665.0,272,1,135.39999999999998,0.22748574148119916,  At Risk / Churned
14237.0,283,1,161.0,0.22745341577586242,  At Risk / Churned
15180.0,277,1,87.5,0.22727299224241887,  At Risk / Churned
17760.0,283,1,172.54,0.22725926003635638,  At Risk / Churned
17643.0,283,1,101.55,0.2268257273609376,  At Risk / Churned
16596.0,276,1,120.65,0.22673217783105348,  At Risk / Churned
17524.0,271,1,145.0,0.22662387227175623,  At Risk / Churned
14185.0,241,1,197.65,0.22660215427841646,  At Risk / Churned
14437.0,276,1,63.0,0.22655654210601112,  At Risk / Churned
15101.0,269,1,102.28,0.22643485521262421,  At Risk / Churned
17674.0,279,1,300.66,0.22610052403262587,  At Risk / Churned
13786.0,277,1,230.39999999999998,0.22609931086301246,  At Risk / Churned
13108.0,283,1,350.06,0.22561778482589587,  At Risk / Churned
16140.0,281,1,124.14,0.22522752728994025,  At Risk / Churned
16519.0,275,1,103.7,0.2250230970628235,  At Risk / Churned
12686.0,282,1,89.14,0.22500821858187794,  At Risk / Churned
12734.0,263,1,110.39999999999999,0.2248095358103387,  At Risk / Churned
12427.0,282,1,303.5,0.2244644692473049,  At Risk / Churned
18074.0,284,1,489.6,0.22411424132982574,  At Risk / Churned
16658.0,278,1,123.24,0.22392703351197463,  At Risk / Churned
17430.0,275,1,112.6,0.22343721287514834,  At Risk / Churned
13948.0,271,1,102.0,0.22320629799217948,  At Risk / Churned
15350.0,283,1,115.65,0.22302725907762605,  At Risk / Churned
15899.0,279,1,56.25,0.22282642932533558,  At Risk / Churned
17025.0,283,2,160.97,0.2220918831040349,  At Risk / Churned
15160.0,267,1,158.16,0.22197481490264917,  At Risk / Churned
13329.0,277,1,304.2,0.22157508163570674,  At Risk / Churned
14821.0,277,1,48.800000000000004,0.2215332561638516,  At Risk / Churned
14589.0,282,1,39.75,0.2214471216817555,  At Risk / Churned
15668.0,128,1,76.32000000000001,0.22129780020101655,  At Risk / Churned
13011.0,282,1,50.550000000000004,0.2209850805869925,  At Risk / Churned
12855.0,283,1,38.1,0.22061383771667906,  At Risk / Churned
14865.0,282,1,37.2,0.22058828579198883,  At Risk / Churned
13255.0,284,1,225.7,0.2201514823165458,  At Risk / Churned
15361.0,272,1,418.92,0.21987490555476988,  At Risk / Churned
15347.0,276,1,201.60000000000002,0.21937094972238874,  At Risk / Churned
16752.0,283,1,207.5,0.21913369701669355,  At Risk / Churned
17190.0,117,1,195.0,0.21902643892878332,  At Risk / Churned
15221.0,276,1,403.25,0.21795130307294264,  At Risk / Churned
14987.0,276,1,163.2,0.2162426928007687,  At Risk / Churned
15389.0,82,1,500.0,0.21615621961639117,  At Risk / Churned
16679.0,276,1,129.75,0.21586435724400843,  At Risk / Churned
18259.0,276,1,376.30000000000007,0.21543265007890688,  At Risk / Churned
17181.0,284,1,155.52,0.21141263890762485,  At Risk / Churned
16990.0,129,1,179.0,0.2086533798327116,  At Risk / Churned
14236.0,282,1,189.3,0.20783465503847046,  At Risk / Churned
17715.0,111,1,326.4,0.20778136997508528,  At Risk / Churned
13120.0,149,1,30.599999999999998,0.2065630665822934,  At Risk / Churned
15945.0,275,1,181.0,0.20488096357574598,  At Risk / Churned
16565.0,274,1,173.7,0.20180799114619874,  At Risk / Churned
12791.0,284,1,192.60000000000002,0.1993999075579312,  At Risk / Churned
17956.0,159,1,12.75,0.19928702440994628,  At Risk / Churned
16041.0,51,2,2739.8,0.19747695290406606,  At Risk / Churned
15973.0,277,1,307.82000000000005,0.1944774772334457,  At Risk / Churned
13841.0,163,1,85.0,0.18766157214482362,  At Risk / Churned
17763.0,173,1,15.0,0.18651731655354364,  At Risk / Churned
17102.0,172,1,25.5,0.18638379193188348,  At Risk / Churned
16144.0,157,1,175.2,0.1842614208870796,  At Risk / Churned
13185.0,178,1,71.4,0.17669845931550496,  At Risk / Churned
17080.0,180,1,76.32000000000001,0.1742498864885027,  At Risk / Churned
14603.0,185,1,660.0,0.17421792942573427,  At Risk / Churned
17443.0,130,1,534.24,0.16944634065933803,  At Risk / Churned
14473.0,192,1,85.0,0.1641071295388608,  At Risk / Churned
16078.0,194,1,79.2,0.1630374465750153,  At Risk / Churned
16765.0,204,1,34.0,0.15941486168793761,  At Risk / Churned
16738.0,208,1,3.75,0.15904355898215952,  At Risk / Churned
18068.0,199,1,101.69999999999999,0.15722838180547144,  At Risk / Churned
16148.0,206,1,76.32000000000001,0.15385983305763917,  At Risk / Churned
17923.0,192,1,207.50000000000003,0.15305970333724092,  At Risk / Churned
14113.0,265,1,433.5,0.150960677733103,  At Risk / Churned
14520.0,201,1,165.0,0.14982933384506897,  At Risk / Churned
16073.0,207,1,122.39999999999999,0.1493020808351744,  At Risk / Churned
15753.0,215,1,79.2,0.14669939450182853,  At Risk / Churned
15940.0,221,1,35.8,0.1466522707574099,  At Risk / Churned
15171.0,241,1,1289.5,0.14427980563753287,  At Risk / Churned
16692.0,166,2,1276.0,0.1393152387706224,  At Risk / Churned
18133.0,122,1,931.4999999999999,0.1372057989137317,  At Risk / Churned
13703.0,228,1,99.5,0.1366145259010025,  At Risk / Churned
14090.0,235,1,76.32000000000001,0.1334655802800367,  At Risk / Churned
13068.0,230,1,165.0,0.1298873173813521,  At Risk / Churned
18080.0,153,1,841.4999999999999,0.12798799061048827,  At Risk / Churned
15316.0,237,1,165.0,0.12542522065715814,  At Risk / Churned
16500.0,241,1,165.0,0.12332809244107412,  At Risk / Churned
15510.0,241,1,250.0,0.11734998031872887,  At Risk / Churned
15562.0,262,1,134.55,0.11277746388099502,  At Risk / Churned
17752.0,269,1,80.64,0.1117905812374217,  At Risk / Churned
17553.0,40,1,1487.6,0.1111922440642495,  At Risk / Churned
17291.0,218,1,550.8000000000001,0.11022639170477082,  At Risk / Churned
15823.0,282,1,15.0,0.109448771494473,  At Risk / Churned
14576.0,282,1,35.400000000000006,0.10809627770053415,  At Risk / Churned
18233.0,236,1,440.0,0.10760967055237783,  At Risk / Churned
18113.0,279,1,76.32000000000001,0.10692495902065634,  At Risk / Churned
13747.0,284,1,79.6,0.10423871790549334,  At Risk / Churned
15070.0,283,1,106.2,0.10303387968788418,  At Risk / Churned
14608.0,272,1,204.0,0.10281071806956461,  At Risk / Churned
17925.0,283,1,244.08,0.09476042942606144,  At Risk / Churned
13270.0,276,1,590.0,0.0793506960713031,  At Risk / Churned
12755.0,191,2,3811.95,0.0765322529352821,  At Risk / Churned
16532.0,46,2,4516.8,0.0613763139800142,  At Risk / Churned
16754.0,282,1,2002.4,0.04857333521490992,  At Risk / Churned
18087.0,8,2,4055.7199999999993,0.04853629087693052,  At Risk / Churned
15749.0,145,3,44534.3,0.04632435083080911,  At Risk / Churned
13135.0,107,1,3096.0,0.03561412337304845,  At Risk / Churned
15098.0,92,3,39916.5,1.6666218009933507e-10,  At Risk / Churned
12346.0,236,1,77183.6,5.785384443947272e-25,  At Risk / Churned
